iter,ch0,ch1,ch2,ch3,ch4,ch5,ch6,ch7,ch8,ch9,ch10,ch11,ch12,ch13,ch14,ch15,ch16,ch17,ch18,ch19,ch20,ch21,ch22,ch23,ch24,ch25,ch26,ch27,ch28,ch29,ch30,ch31,ch32,ch33,ch34,ch35,ch36,ch37,ch38,ch39,ch40,ch41,ch42,ch43,ch44,ch45,ch46,ch47,ch48,ch49,ch50,ch51,ch52,ch53,ch54,ch55,ch56,ch57,ch58,ch59,ch60,ch61,ch62,ch63,ch64,ch65,ch66,ch67,ch68,ch69,ch70,ch71,ch72,ch73,ch74,ch75,ch76,ch77,ch78,ch79,ch80,ch81,ch82,ch83,ch84,ch85,ch86,ch87,ch88,ch89,ch90,ch91,ch92,ch93,ch94,ch95,ch96,ch97,ch98,ch99,ch100,ch101,ch102,ch103,ch104,ch105,ch106,ch107,ch108,ch109,ch110,ch111,ch112,ch113,ch114,ch115,ch116,ch117,ch118,ch119,ch120,ch121,ch122,ch123,ch124,ch125,ch126,ch127,ch128,ch129,ch130,ch131,ch132,ch133,ch134,ch135,ch136,ch137,ch138,ch139,ch140,ch141,ch142,ch143,ch144,ch145,ch146,ch147,ch148,ch149,ch150,ch151,ch152,ch153,ch154,ch155,ch156,ch157,ch158,ch159,ch160,ch161,ch162,ch163,ch164,ch165,ch166,ch167,ch168,ch169,ch170,ch171,ch172,ch173,ch174,ch175,ch176,ch177,ch178,ch179,ch180,ch181,ch182,ch183,ch184,ch185,ch186,ch187,ch188,ch189,ch190,ch191,ch192,ch193,ch194,ch195,ch196,ch197,ch198,ch199,ch200,ch201,ch202,ch203,ch204,ch205,ch206,ch207,ch208,ch209,ch210,ch211,ch212,ch213,ch214,ch215,ch216,ch217,ch218,ch219,ch220,ch221,ch222,ch223,ch224,ch225,ch226,ch227,ch228,ch229,ch230,ch231,ch232,ch233,ch234,ch235,ch236,ch237,ch238,ch239,ch240,ch241,ch242,ch243,ch244,ch245,ch246,ch247,ch248,ch249,ch250,ch251,ch252,ch253,ch254,ch255,ch256,ch257,ch258,ch259,ch260,ch261,ch262,ch263,ch264,ch265,ch266,ch267,ch268,ch269,ch270,ch271,ch272,ch273,ch274,ch275,ch276,ch277,ch278,ch279,ch280,ch281,ch282,ch283,ch284,ch285,ch286,ch287,ch288,ch289,ch290,ch291,ch292,ch293,ch294,ch295,ch296,ch297,ch298,ch299,ch300,ch301,ch302,ch303,ch304,ch305,ch306,ch307,ch308,ch309,ch310,ch311,ch312,ch313,ch314,ch315,ch316,ch317,ch318,ch319,ch320,ch321,ch322,ch323,ch324,ch325,ch326,ch327,ch328,ch329,ch330,ch331,ch332,ch333,ch334,ch335,ch336,ch337,ch338,ch339,ch340,ch341,ch342,ch343,ch344,ch345,ch346,ch347,ch348,ch349,ch350,ch351,ch352,ch353,ch354,ch355,ch356,ch357,ch358,ch359,ch360,ch361,ch362,ch363,ch364,ch365,ch366,ch367,ch368,ch369,ch370,ch371,ch372,ch373,ch374,ch375,ch376,ch377,ch378,ch379,ch380,ch381,ch382,ch383,ch384,ch385,ch386,ch387,ch388,ch389,ch390,ch391,ch392,ch393,ch394,ch395,ch396,ch397,ch398,ch399,ch400,ch401,ch402,ch403,ch404,ch405,ch406,ch407,ch408,ch409,ch410,ch411,ch412,ch413,ch414,ch415,ch416,ch417,ch418,ch419,ch420,ch421,ch422,ch423,ch424,ch425,ch426,ch427,ch428,ch429,ch430,ch431,ch432,ch433,ch434,ch435,ch436,ch437,ch438,ch439,ch440,ch441,ch442,ch443,ch444,ch445,ch446,ch447,ch448,ch449,ch450,ch451,ch452,ch453,ch454,ch455,ch456,ch457,ch458,ch459,ch460,ch461,ch462,ch463,ch464,ch465,ch466,ch467,ch468,ch469,ch470,ch471,ch472,ch473,ch474,ch475,ch476,ch477,ch478,ch479,ch480,ch481,ch482,ch483,ch484,ch485,ch486,ch487,ch488,ch489,ch490,ch491,ch492,ch493,ch494,ch495,ch496,ch497,ch498,ch499,ch500,ch501,ch502,ch503,ch504,ch505,ch506,ch507,ch508,ch509,ch510,ch511
1000,0.6965,1.9462,2.6236,0.6916,1.0463,0.8254,1.3524,0.7399,0.8367,1.3359,1.3900,0.9175,0.7588,0.9172,2.1806,2.5514,0.8348,0.8839,0.9204,1.2891,0.9666,1.0699,1.0528,0.7713,1.2974,1.5400,0.4345,2.4889,1.8159,1.0754,0.8459,0.9809,2.2250,0.7636,0.8503,0.8829,0.8128,2.4874,1.5459,1.0113,1.4318,2.1145,1.9639,0.8834,2.6150,1.9325,1.9184,0.6978,1.0272,2.3436,0.8785,3.3000,0.9120,1.1345,0.9389,1.7327,1.0567,2.1209,1.4111,1.4659,0.8559,0.9375,0.8064,1.2811,2.2191,2.3597,0.6651,1.3820,0.8377,0.8520,0.6457,0.8977,0.8300,2.1983,1.0444,3.4734,1.5965,0.9002,3.1343,3.1560,0.6418,1.2252,0.5693,1.1575,0.7998,1.6627,2.2209,0.8378,2.0137,0.7164,2.2791,1.0071,1.0271,0.8015,2.0811,1.5357,0.6958,2.0099,2.1646,1.8420,1.1181,0.7042,2.5103,0.7621,2.4132,1.3000,0.8395,0.8473,0.7683,1.3210,2.2143,1.9378,0.4634,0.7113,3.3758,0.8185,2.2594,1.0706,1.0807,0.5912,1.0095,1.5820,1.4402,1.0848,0.9748,1.0125,0.6585,0.7815,1.3780,1.2297,0.8644,2.8539,1.2796,1.2067,1.0867,0.6186,1.5418,0.8080,1.7223,0.9659,3.2562,2.4272,1.3516,1.2071,0.6152,2.0251,0.9608,0.9853,0.9304,1.0240,1.9282,0.9645,0.8003,0.6183,1.2001,2.0161,1.0299,3.3688,2.4746,0.9741,0.7622,0.8155,1.3106,2.9673,1.4967,0.7772,0.9327,1.5293,1.1557,0.7919,0.9811,0.8331,0.7803,2.3186,1.6568,1.2580,0.7932,0.8185,0.7555,1.5302,2.3455,3.0829,2.7646,0.9467,0.8745,2.4398,0.7186,1.9812,1.9322,1.2961,2.9738,0.7860,0.7455,1.3968,0.8705,0.4765,2.1802,1.3783,0.6848,2.8228,1.7428,1.4571,2.0306,1.7646,0.6204,1.6086,2.2195,3.6935,1.1664,0.8102,2.0764,2.2689,2.9368,0.6776,1.1965,1.1223,2.4721,0.7367,3.2850,1.5089,0.8578,4.7716,1.5783,3.2993,0.9021,1.1632,1.1976,2.5341,1.0657,1.5038,0.8403,0.7822,0.8999,2.9833,0.7672,1.6251,0.8478,1.5313,1.2827,1.0222,2.4740,0.7079,0.8489,0.7903,0.8422,1.0399,0.5745,0.7811,1.8657,1.8499,1.1185,1.4969,3.6577,1.1290,3.3548,1.2014,0.9287,1.0008,0.9316,1.1472,1.8842,0.6379,1.3727,2.5213,0.5977,1.2949,1.5621,0.7707,2.1020,1.9295,1.7783,0.8987,1.3378,1.0552,0.7954,0.7455,2.5086,1.5349,3.1792,2.1136,1.4314,1.5393,0.8502,1.0973,0.9808,0.9247,0.6156,1.1356,0.9400,1.0260,0.7865,1.3916,0.8907,1.3014,3.0992,0.8553,3.2227,1.7012,0.9365,1.8180,1.0127,1.6383,1.4411,0.8979,1.3214,1.0955,2.5091,0.6427,4.3275,0.9087,0.6886,3.0898,0.7984,0.6292,0.5697,0.7563,0.7937,2.2133,0.6266,0.7748,1.9192,2.1376,1.0325,0.5693,0.7440,1.7934,0.7418,2.5166,0.9936,1.5141,1.5167,2.1155,1.9663,1.0591,1.6344,0.8688,3.5309,0.5497,0.8651,0.7878,0.8428,0.6002,1.3041,1.0025,1.1421,1.5110,2.1475,0.7481,1.3834,0.6502,0.8087,1.0070,0.6101,2.4760,0.9301,1.8593,2.1492,0.8940,3.1094,2.7536,0.8484,0.9047,0.6904,2.0143,0.8608,1.0550,1.1674,0.8555,1.0727,0.9437,0.9789,1.0383,1.7644,1.3070,0.8565,0.7823,0.6999,1.0456,0.7172,1.0924,0.9181,1.3788,0.9303,2.0554,2.4447,1.8813,0.7818,0.9413,1.0693,1.0288,1.5738,3.1169,1.2077,1.6752,3.2822,1.5753,0.6426,0.9879,0.7945,3.7238,0.6987,1.1793,0.9097,1.5552,0.9141,2.2620,1.1951,2.9471,0.8003,1.1834,1.5634,0.9630,0.6848,0.8182,0.5940,0.9057,1.7222,2.3260,1.6083,1.4088,0.8298,0.8663,1.2871,2.4819,1.7034,3.2500,1.2735,0.8660,1.6498,0.9983,0.8985,1.5940,1.0900,0.6038,0.8159,1.1005,1.1913,0.9524,1.6495,0.8706,0.8362,1.9966,0.6848,1.1624,1.1557,2.5314,0.5327,0.9282,1.9074,0.7096,1.0231,0.8344,0.8220,0.9138,0.6875,1.6941,0.7754,1.2731,0.7313,2.0003,1.6679,2.2659,2.1206,0.7121,1.3085,1.0485,0.8481,0.9486,4.2064,1.0167,1.3612,0.8549,2.6048,2.7148,1.2119,1.2178,2.5238,2.0735,0.8165,2.8025,2.2945,2.1203,1.2133,1.3012,0.6729,0.6785,0.7894,1.4922,1.1311,1.0489,1.5478,0.7017,1.5070,3.1413,1.6093,1.3961,1.3818,1.8452,0.8058,0.6203,0.6851,1.3796,3.4693,1.4734,1.5732,1.3026,1.2498,1.1615,3.1292,0.6904,0.8984,1.1234
2000,1.1656,7.5315,5.4083,2.0932,3.9427,3.2573,2.5023,1.6618,8.0448,2.4530,3.0151,0.5656,3.0723,1.0838,1.9418,8.3979,0.9602,0.8432,1.8452,4.1217,1.7031,8.7630,2.3034,0.7300,3.7175,6.9910,1.2297,9.1685,3.6314,7.0346,1.4264,6.7526,13.0014,1.4985,1.0842,4.6069,2.0659,17.1629,9.4360,2.0697,5.4495,11.1216,12.7356,0.6869,2.9007,9.6365,5.3252,8.4833,3.2805,1.2531,0.7839,14.8766,0.6454,0.6291,1.6165,13.9393,3.5927,9.0168,9.7953,5.0980,1.0239,3.9028,1.3147,10.4360,2.4124,5.0374,2.2132,0.9696,0.6485,1.9699,1.5640,1.1082,1.6609,7.0235,6.7543,9.8671,7.6003,2.1821,13.4926,17.4500,4.7767,1.6066,1.4786,0.8628,1.7264,0.5815,10.9651,1.2545,6.3522,5.9002,11.9885,3.2024,1.8693,0.8942,13.5793,3.9343,1.1996,3.1967,4.3699,8.7276,0.5679,1.6519,9.4630,1.1266,7.7025,2.2394,2.0443,1.8978,0.8360,1.3474,12.3700,6.2218,1.0548,1.7035,15.4692,1.3479,5.3259,3.4400,1.2066,1.4208,14.1562,2.6688,12.4355,1.8348,1.5798,3.6127,7.7488,2.7087,1.6248,3.1960,2.0258,4.2277,4.2677,5.0615,1.0077,0.8398,4.0380,1.1915,7.6943,6.8588,15.4854,2.2836,5.2948,6.1048,1.2315,2.1418,1.4059,2.3034,1.0406,4.2737,10.8058,0.3995,1.7804,4.0641,2.0206,9.6180,0.6828,5.5883,18.3478,1.1133,3.3287,0.6625,7.1172,15.5207,0.8268,2.7505,3.4510,1.6606,1.5667,4.9253,1.3578,0.5989,2.5220,5.2832,5.3844,6.8528,0.5815,3.3224,1.1151,1.3620,8.8443,5.1627,9.9708,2.4828,0.8631,9.7440,0.8141,1.1157,2.4849,9.6313,4.5837,0.6704,0.6302,2.9704,2.4164,1.8437,1.2601,6.9883,1.3986,6.5186,6.5864,2.6972,16.9690,3.0287,1.1834,1.9570,2.5128,26.1177,6.2857,1.9259,1.2347,17.7021,14.6225,2.9278,3.2287,2.7969,9.5347,0.9197,23.1982,1.4682,3.7895,27.3602,1.8546,0.6560,4.0611,10.8854,0.4203,7.8454,1.5638,5.0098,1.1171,4.6975,2.5850,4.8591,1.3495,0.4328,5.7821,4.8524,1.1264,1.8057,1.7054,5.1611,3.1579,1.1585,1.2015,10.0752,4.8080,0.9659,7.4417,7.5942,7.0184,7.2797,27.7057,1.5850,12.2460,2.7432,1.6023,0.6142,1.5431,5.9222,3.1862,3.0658,2.9973,4.4605,3.3902,6.4380,8.4697,4.5446,4.9057,10.4791,2.9288,0.4701,6.5678,2.5912,0.9588,0.9650,15.0385,1.8633,1.8479,1.7583,8.3033,8.8016,0.8606,2.0657,1.3289,1.9218,1.7815,0.5848,1.4521,1.0216,1.7315,7.1834,3.0479,2.7029,8.5282,2.2889,20.6612,8.6445,2.4161,7.7809,4.9833,2.4749,6.4975,1.8022,0.7131,0.8469,10.0380,0.5863,30.1269,2.2318,1.5302,15.3496,3.1722,4.0746,0.6897,1.6356,1.0336,9.3219,0.6028,2.2835,1.9794,10.3881,5.0929,1.4051,1.1264,7.9781,0.5582,2.9723,0.5627,1.2035,1.5870,5.4415,9.1783,1.1900,3.2762,0.7548,16.8311,11.8426,3.5170,1.5024,2.8325,0.6748,8.9363,0.7184,1.0221,1.3883,3.6814,0.6193,2.8939,1.1213,0.9686,1.2982,0.4497,0.6872,0.6762,4.9437,5.5903,0.8380,18.1953,20.8395,5.6510,0.7430,2.4845,15.0992,0.8774,2.5718,0.6738,0.6078,0.8318,4.3756,1.5525,0.6052,8.6855,1.1487,1.9565,0.8562,1.0046,2.6878,1.6402,0.8006,9.4658,0.5979,1.4707,11.2953,13.0795,11.0841,1.1289,0.6202,9.1061,1.7534,3.5630,13.9480,4.9611,0.7905,6.3709,5.4981,1.0775,3.9484,4.6881,27.4023,2.7813,0.8247,1.3503,2.9307,1.9433,5.7287,3.7908,16.7559,1.4556,1.0535,2.7734,4.1583,2.3965,0.9296,0.8870,2.7494,4.6364,10.8804,6.3308,0.8110,5.1018,0.7585,1.9577,1.1648,12.0385,11.1635,5.7274,2.1886,8.2520,0.5487,4.1141,11.7381,2.4679,1.9265,1.7686,2.4454,9.4421,4.7362,2.9154,0.9639,5.2978,18.8892,3.3596,0.6169,6.0130,3.2186,2.9347,1.9780,0.7652,1.5435,1.3023,1.2667,0.6691,0.6803,2.3701,4.8150,3.8939,7.6446,3.6473,1.8364,5.2386,2.6284,1.8784,0.7879,7.2739,0.9269,1.9190,0.6824,24.3396,6.3730,0.8682,0.7754,1.8370,1.4223,0.8324,6.0022,14.0583,8.4262,0.5462,14.2041,7.7369,4.6857,0.9926,4.9600,0.9186,0.7045,1.1742,0.7815,8.4831,1.1146,3.3520,3.9062,5.9383,19.0098,1.4614,1.6565,5.0728,9.7238,1.2041,1.4310,0.4600,3.1430,17.4531,1.9305,6.4536,4.4707,1.4046,3.0748,10.1651,2.2890,2.1085,2.2855
3000,2.9654,8.6201,6.2396,2.0409,3.7600,2.7703,1.3320,2.5080,9.9128,2.0349,2.5569,1.4005,2.5290,2.8117,2.9999,9.3421,0.7224,0.7413,1.8213,4.2574,1.6146,9.8508,1.2002,0.8502,3.4336,6.8024,1.3888,9.1121,3.0224,7.0618,2.5430,6.7741,18.8710,2.3269,1.0369,2.8238,1.2892,22.6221,12.1721,2.5526,6.5428,13.8038,15.7930,0.6252,1.0991,9.6175,5.5580,11.4597,2.8095,2.4204,1.0498,17.6064,1.1828,0.7707,2.0467,18.1373,2.1649,9.7505,12.1981,3.6964,0.5254,1.6886,0.9444,12.7286,1.7383,4.9034,1.0655,1.0966,0.7900,2.4638,2.1653,0.8076,0.9678,7.5436,5.7264,7.7667,8.0391,2.7486,16.6609,27.2167,4.3499,3.1080,1.2520,1.3317,2.3517,0.9063,14.8118,1.2758,3.4036,5.7668,18.1135,2.6237,1.4239,1.3362,20.2886,2.9586,0.8443,2.5658,2.2189,8.1968,0.8904,2.6640,10.2418,1.1276,6.8747,1.4008,7.7272,0.5698,1.3348,0.5713,18.1374,5.5424,1.8114,0.7833,23.0193,1.5681,3.9051,1.7742,0.8354,1.1097,22.0130,2.1756,18.9871,2.0850,0.5629,2.0520,7.9526,2.2981,0.7863,2.3549,0.4716,2.6388,3.2744,5.9667,1.0108,0.6639,2.8001,1.4557,6.7484,9.0016,23.9038,0.8865,3.6807,5.6315,0.9177,1.9240,1.8177,1.9660,1.6715,3.4153,12.1086,0.8319,2.0013,1.2183,2.3960,12.1893,1.1213,4.0959,28.4517,2.1607,3.3797,0.5000,7.8036,22.3259,1.0019,1.8178,2.8624,1.8667,0.6739,5.5279,1.0013,0.9937,0.9451,3.8461,5.6015,8.4604,0.9618,2.4108,1.4812,1.4781,9.7891,4.3401,12.4543,1.4551,0.7317,9.0717,1.0135,2.3192,1.7926,12.6606,3.4110,1.7783,0.8066,3.0087,2.1860,0.7373,0.4555,6.4667,2.0061,4.3078,7.5388,2.6449,28.5143,2.8979,2.8354,3.5003,1.7872,49.9093,6.7509,3.0217,0.8098,27.1215,21.5799,2.5254,2.5740,2.9187,11.5509,2.3907,39.2214,1.8899,2.8541,42.6583,1.7705,0.8889,4.1243,17.5677,1.2025,6.3297,1.6480,3.2263,1.4587,4.2139,1.8762,4.1308,2.9698,0.5922,6.3822,2.3811,0.6913,1.0789,0.5535,5.1946,2.2558,2.8335,1.6831,14.7452,5.8091,0.9141,9.9703,8.3405,9.9191,8.3372,48.8631,1.9306,16.4297,3.2993,2.8898,0.9912,1.3112,6.5448,3.1324,2.2300,1.2682,4.3397,3.1637,5.1861,8.1580,4.2671,5.2147,15.0044,3.1806,0.7030,4.3632,2.1995,1.0337,0.8902,22.0334,1.7951,1.6553,1.4658,10.8098,11.5427,0.9263,2.6542,0.8222,1.3069,1.4828,1.3885,0.5894,0.9298,2.5643,6.4278,1.9808,2.1706,8.4621,2.7297,32.3525,7.5935,1.4533,7.7960,5.1619,1.2879,6.1514,1.4729,0.7300,0.7198,12.7309,0.4892,54.1773,2.6084,1.8736,21.0131,1.0133,3.8639,2.3621,1.8296,1.1322,10.3719,0.9763,2.1428,1.4688,10.4531,6.1897,0.6192,0.6677,8.8971,0.6768,1.1379,0.7685,0.6943,1.0004,5.0188,10.8563,1.7415,2.3636,0.7963,23.8976,17.6837,4.6375,1.3037,2.2559,0.5306,11.5627,0.6599,1.7006,0.7681,2.8678,0.9025,1.0959,1.2863,2.7058,1.0581,0.7847,0.9065,1.3872,2.7036,5.1593,2.1393,27.4372,36.6320,3.7118,1.1072,1.5172,19.9435,1.0279,2.1451,1.7715,0.6482,0.9567,5.3461,0.7701,1.0002,6.9063,1.3264,3.1068,2.1506,0.6279,3.0785,0.9202,0.7779,12.4806,0.5212,2.2809,16.5914,15.2075,12.4870,1.1790,0.9445,9.8265,1.9033,3.5520,19.7628,4.3604,0.8350,4.7165,3.8902,1.3901,4.0216,4.2718,49.9471,1.2801,1.8384,1.5530,1.2989,1.3286,5.8772,3.4358,25.5469,1.5552,1.6167,2.8442,3.0088,1.0535,1.1754,0.7634,1.6140,2.0452,15.1379,7.0282,0.9559,5.6397,1.7430,0.9684,1.2144,15.4204,14.1342,5.9576,2.1209,9.1686,0.8769,4.1968,12.8930,1.7062,2.9564,1.5743,1.6457,9.6963,4.5832,1.8921,1.2547,6.9533,29.6206,2.7610,0.7915,8.5910,2.1112,3.2507,1.4950,1.2759,2.2307,1.1371,1.6802,0.8093,2.0863,2.1797,5.6867,1.8949,7.6222,1.7207,1.2766,9.5414,1.5749,1.1882,1.1207,7.0980,1.0611,2.3061,1.4948,41.5376,4.8980,1.0430,0.8325,1.8540,0.9621,1.1010,6.8093,20.8015,7.4071,0.7943,18.2143,8.5872,3.9237,1.0279,4.5448,1.4362,1.7451,0.7946,1.3591,8.3877,1.9410,2.1845,2.8514,8.4389,27.1385,1.6440,1.7207,3.6740,11.6521,0.7470,0.5095,1.0141,1.9459,27.4549,2.6407,5.4670,2.8175,0.5893,2.4734,13.0222,1.0504,1.1199,2.5093
4000,2.5056,8.3707,5.8585,0.5970,3.6067,3.2718,0.7307,1.9298,11.7684,1.6190,2.3641,2.5503,2.0126,2.8749,2.9553,8.2216,0.8321,0.8528,1.5240,3.8900,2.0257,8.7724,1.4343,0.9196,1.3931,3.9848,1.3805,6.6158,4.3722,5.5226,1.7641,3.8458,20.8272,2.1618,0.9220,2.1057,2.2434,25.3457,12.7166,2.2259,4.2083,13.0612,17.0963,0.7955,0.9145,7.0568,2.8247,11.5706,2.3741,1.7124,1.5635,17.2383,0.7307,0.8210,2.7240,19.6480,1.9005,6.1604,11.0939,4.7080,1.2563,0.7378,1.0319,12.3408,0.8886,4.3514,1.3408,1.0522,0.5024,2.4138,1.7247,0.6501,0.5884,4.6249,5.0740,6.0507,7.2073,1.3314,18.5394,31.1428,2.9545,4.0514,1.2962,1.5141,2.4872,1.3059,14.3130,1.1968,1.4953,4.8801,21.3612,2.0356,1.2442,1.7604,25.0469,1.8501,0.8346,1.0890,0.7602,5.6209,1.3658,2.6967,9.7262,1.9733,4.6727,2.4443,14.6848,1.0770,2.6102,0.5705,19.6072,5.4570,0.8891,0.7679,27.3852,3.4223,2.4066,1.0082,1.2121,1.0267,26.9225,1.5457,21.7359,2.4712,0.9606,0.9047,6.6698,2.3692,0.8546,1.9806,1.9618,1.3921,1.9324,6.4603,1.6872,1.4879,0.7902,1.5595,6.2832,8.5718,26.8687,0.6152,3.8789,2.5265,1.0808,1.4822,1.8688,1.0433,1.4073,3.2675,12.1810,0.9479,0.6029,1.1048,1.6415,11.8293,0.7782,1.5148,33.8632,3.7940,2.7928,0.6681,8.8722,24.9541,0.9404,2.7148,1.8300,1.7447,1.1655,4.7057,0.9476,1.0305,0.9288,2.9865,5.9457,7.4643,0.8510,1.3454,0.6975,1.6260,7.4455,3.2570,10.7718,2.3286,0.8150,7.6318,0.7304,2.1221,1.6004,10.9193,1.9836,1.2390,0.8735,3.4814,1.7776,1.4925,1.4585,4.1209,1.2862,2.7905,6.8980,1.5804,37.8841,2.7502,2.2473,2.7432,1.8377,72.4039,7.3083,1.8200,0.7491,31.4443,24.3565,2.7597,1.5555,2.3359,10.7461,0.8935,52.3483,1.5120,2.5806,54.1689,2.2231,1.5685,3.4165,19.6068,1.0866,3.1134,2.3510,2.0049,1.5339,2.2826,2.4620,3.2624,2.8983,1.8335,4.5197,2.1172,0.8595,0.8933,0.4629,3.8250,0.6889,2.3257,1.4071,15.9354,5.1018,2.0259,10.2724,7.9223,11.5552,5.8505,65.5973,2.4779,16.4254,2.2314,1.9620,1.5184,1.5124,5.2656,3.2987,2.4100,1.1100,2.3363,2.8019,6.1346,6.4420,2.7507,5.3744,14.2613,2.0563,0.8801,2.8507,1.1066,1.2483,0.6927,25.5457,1.2568,0.9816,1.0176,10.3686,9.5277,0.7732,2.9444,1.0345,0.9683,2.5979,0.9590,1.2956,0.5472,1.8550,3.7706,1.0964,1.0290,6.3130,2.3572,40.2136,7.7324,0.6550,7.6142,5.2974,1.1743,3.6080,1.3489,0.7687,0.6989,10.3658,0.6491,72.5331,1.8935,1.4421,24.6740,1.1851,3.7788,2.1889,1.6061,0.8741,9.3257,1.4455,1.5190,1.8662,11.6151,4.6046,0.8245,0.7835,6.7262,0.7266,0.6210,1.8760,1.2547,1.5496,3.1515,10.4195,1.3302,2.1796,0.8626,28.7697,20.7610,4.8508,0.6043,1.9310,1.7410,12.5490,0.9104,0.8162,0.9231,2.2310,1.2871,0.8753,1.1475,3.1099,1.3586,1.0710,1.9172,1.4209,2.8791,4.8788,0.8653,31.3593,46.5911,3.1030,1.0132,0.6054,21.4467,1.0548,1.3604,0.8603,0.7663,0.8625,5.8491,1.3334,0.8226,6.7068,1.8492,3.1602,0.8677,1.0975,2.2089,1.3666,1.4018,10.9583,0.8135,1.5686,18.4459,14.9030,12.6663,1.3082,1.1824,10.0862,1.2581,2.9780,23.0868,4.6278,1.5025,3.7414,1.5792,1.2174,3.2571,2.1064,68.0241,0.9315,1.9522,1.8315,1.3873,0.8065,4.7410,1.9705,32.8784,1.9427,0.9139,2.4972,1.7502,0.8860,1.5682,0.8439,1.4006,0.9047,17.0729,3.3858,1.1166,4.1574,2.0012,3.5016,1.0367,15.8421,14.4826,4.4061,2.4002,8.1081,0.9115,2.4274,11.6626,0.8642,2.9454,0.7718,1.3051,8.7304,2.2977,1.9183,0.9665,7.4469,37.5278,2.9586,1.3868,8.5102,0.9755,2.5525,0.5318,1.1278,2.0781,1.0445,0.6414,0.9051,2.0485,2.2734,4.1793,1.9202,6.5245,3.0903,1.6556,10.5432,1.0490,0.9158,1.0807,5.3877,1.1788,2.1890,1.5819,52.8217,3.4855,0.8954,0.7246,1.2104,1.1511,0.7189,7.4473,24.4196,4.8931,0.5763,20.1984,6.7355,3.2105,1.6367,3.0067,1.9944,1.3121,1.6606,1.5931,6.5357,1.6374,1.6678,1.6057,7.8794,32.2721,1.7783,0.9103,3.1277,9.8149,0.8311,2.0018,0.6629,1.1071,34.3790,1.2944,3.3288,1.1500,1.0065,2.2885,12.3919,0.6890,1.3379,1.4120
5000,3.2945,6.0547,3.5350,0.7286,2.4362,2.2001,1.5281,1.5996,9.2294,0.8301,2.7543,3.1419,1.9681,2.8824,2.4095,6.8109,0.9020,1.0542,1.3744,3.0267,1.4382,7.0140,1.7501,0.8841,1.3339,3.6830,1.1380,5.0076,3.8285,5.0006,2.8284,2.9283,20.1276,1.6866,0.9990,0.9508,1.3679,25.2017,12.0761,2.0470,4.0835,11.2201,15.6893,0.7480,0.7689,6.7828,1.3977,10.9353,2.0295,1.6721,2.2215,14.0520,0.9118,0.9314,2.1576,18.4258,1.8910,5.5738,11.6092,3.8095,1.9024,0.8326,0.9975,12.7344,1.2616,2.8558,1.2900,1.3222,1.4154,3.0607,1.5885,0.6444,0.6317,3.5887,4.3098,5.2748,6.5022,0.7912,17.7101,35.8420,1.1942,3.8913,0.7247,1.3402,3.2584,1.8721,13.3965,1.3645,0.9459,5.7100,20.6406,1.0289,1.0573,1.5737,28.4419,1.1694,0.8741,1.1345,0.8209,3.2997,1.0966,1.8982,8.8556,2.5031,3.1241,2.5405,25.2050,1.2312,3.5548,1.1691,19.6761,3.3175,0.7005,0.9460,30.0726,3.7304,1.0588,1.0497,1.3002,0.7557,29.5976,1.4133,21.3338,1.8421,1.0559,1.0657,5.5326,2.3615,1.9977,1.3557,1.3223,1.6212,2.7533,4.1916,2.8619,1.7730,1.7154,1.8038,5.3986,9.0021,28.4739,0.6726,2.2062,0.7755,1.3455,3.2363,2.6510,0.8293,1.5589,3.8799,12.2603,0.9337,0.7837,1.3967,2.1240,13.2763,1.7810,1.5981,40.7336,3.5512,1.8850,1.0127,7.1434,28.0309,1.4781,1.5369,1.7243,0.8903,1.1165,4.4418,0.6906,1.1935,1.2980,2.0998,4.5154,7.1172,1.9481,0.7426,0.8332,1.3542,5.8515,2.8845,8.9471,1.7881,1.2260,5.1430,1.2219,1.2999,1.0840,10.3269,1.9108,1.9905,0.7147,3.2902,2.5702,1.1870,1.8682,4.8369,1.2626,2.1974,3.8852,0.7796,44.7587,3.3657,3.4301,3.3537,2.8708,98.5294,7.4080,3.9698,1.1210,36.9650,24.7930,2.9740,0.9921,3.0386,9.1557,2.5928,65.9720,1.5990,0.9605,60.0087,1.3378,1.2473,3.1842,21.1491,0.9923,1.5964,2.1995,1.0606,1.6925,1.0136,1.5819,3.3462,4.2321,0.9049,3.1949,1.8720,0.9710,0.8743,0.9658,3.0802,0.9210,3.3107,1.0210,18.3272,3.9359,2.8359,9.5476,5.8613,10.3682,4.5998,81.4722,2.6844,15.4563,3.7868,2.5721,1.7679,1.6012,4.9202,4.4476,1.4422,1.2544,1.6043,2.2733,3.6303,5.0740,3.0785,5.9463,14.6605,2.5577,0.8153,2.2943,1.3335,1.7559,1.5869,28.6388,1.4898,1.4964,0.9194,9.5407,7.9829,1.0237,3.1658,2.8203,1.0304,2.4356,1.3582,1.1930,0.7121,1.4823,1.1172,1.5303,1.0978,4.4521,3.0110,46.6374,7.5291,0.6624,6.4262,3.9364,1.4520,2.4852,2.1380,1.3110,0.8860,7.9177,1.5689,90.8700,1.5769,1.8027,25.3358,2.6058,2.6484,1.8032,1.2377,0.7812,9.6949,1.4007,1.8112,1.9768,11.8230,4.3547,1.3399,0.5217,4.0647,0.8311,1.4009,1.4859,2.4623,2.9918,3.4930,9.8273,1.7176,2.1261,1.0391,32.8547,20.6925,4.6307,0.6439,2.0726,1.5088,11.6462,1.0580,0.6040,1.6752,1.5739,1.1672,2.3353,1.5117,3.6576,0.8631,0.9377,0.9495,1.5283,3.7670,4.5988,2.2622,35.1267,59.3260,3.4866,1.1618,0.6796,23.1837,0.8494,1.6595,1.4808,1.8208,0.8586,6.5542,1.0553,0.9891,5.2480,1.1186,3.7926,1.2757,1.3008,1.4764,2.6257,1.9290,10.0824,1.4441,2.0962,20.8913,13.9813,12.1312,1.2595,0.8792,10.1606,1.7898,1.5991,21.5195,3.1812,1.5270,2.7012,1.7737,2.0452,3.1902,1.5891,84.9670,0.9875,1.2167,2.1898,2.0250,0.7267,3.8748,3.4693,36.6564,2.2878,0.6409,3.1195,1.2672,1.6442,2.1269,0.6439,1.2486,1.0066,15.4115,2.4193,1.2532,3.3129,2.4888,3.2678,1.3337,15.2141,12.8851,3.7062,2.6140,6.4333,0.8650,1.3299,10.5872,0.6954,3.1555,1.2789,0.9138,6.8830,1.0646,2.1223,1.6351,6.2369,45.0970,2.1857,0.8396,8.4119,1.2476,2.5572,1.0799,1.0844,1.4098,1.6483,1.0088,1.1063,1.7031,1.8393,5.9478,0.8243,6.0740,2.8392,1.9521,13.4770,0.9271,1.2888,1.1529,3.8807,0.9470,1.9060,1.8646,62.6791,3.5471,1.0092,0.7795,1.1217,0.8901,0.8688,5.0362,27.4929,4.9079,0.7862,20.1179,6.2208,1.3359,2.3428,1.6260,2.8785,1.2820,2.3687,1.8526,4.9728,2.6144,1.7787,1.9369,8.2914,35.6034,3.6805,1.4683,2.3079,8.0325,0.8371,0.7296,1.6249,1.8761,40.8276,1.6365,1.2351,1.2132,0.7312,2.7169,10.0471,0.7331,1.2822,2.1078
6000,2.7446,5.0399,1.7454,0.7254,2.6651,1.9075,1.0898,2.7134,9.6338,0.7298,3.2237,2.6541,1.1101,3.3930,2.3009,7.5931,0.6992,1.0189,1.7575,3.7256,1.7755,4.8653,2.6946,1.2211,1.2048,3.3323,1.6263,3.5686,3.3039,3.5847,2.6400,1.3057,19.6736,2.8781,0.9122,1.6996,1.6034,25.1996,10.9640,2.3619,3.4425,8.7901,13.8511,1.2472,0.7921,5.4279,0.9215,8.6585,1.7230,1.3855,2.8610,11.3476,1.4461,0.9180,2.5849,17.2862,1.1142,1.6527,10.9426,2.8624,2.8068,0.9799,1.1007,10.1657,1.3008,2.4052,1.3703,2.8412,1.0727,2.7939,2.2339,1.7368,0.7850,2.6513,2.5714,2.6853,4.7005,0.7652,16.4683,36.0006,1.8178,3.7463,1.7173,1.1416,2.5935,1.1384,10.1273,1.7645,0.7901,4.9250,22.1657,1.1802,1.1532,1.1541,29.0245,1.1129,0.9524,1.0490,0.7562,1.8762,1.2558,4.2044,6.8139,2.0583,3.1331,2.8832,36.7097,1.1005,2.9736,0.6717,18.0276,3.2131,0.7495,1.0487,29.5767,4.2067,1.0038,0.8821,1.4872,0.7258,30.9288,1.0830,20.3622,1.8987,1.4530,0.8130,3.7713,2.6282,1.4413,1.6938,2.2891,1.1385,2.8599,2.9574,1.9324,0.9683,1.6503,2.1655,4.3116,7.8969,29.0810,0.7998,1.8241,0.8508,1.6268,3.4882,1.9137,1.1953,1.2684,3.6762,11.5284,1.5160,0.7647,1.0520,2.0140,10.6404,2.3757,0.9731,44.0358,5.0545,2.0653,0.7669,6.7339,29.0817,1.0199,2.4786,1.0425,0.8951,0.7476,2.9658,0.7723,0.7403,1.2370,2.3362,4.7314,7.0117,0.8011,1.5903,0.9911,1.0315,4.0688,2.9433,7.3653,1.1018,1.6648,4.5191,0.9448,2.5958,1.3417,9.5776,1.4408,1.0680,0.9542,3.2508,2.0417,1.4709,1.5915,3.2469,1.9611,1.3881,3.4923,1.0722,49.9331,3.8081,2.4896,3.7096,3.3129,123.3421,5.8433,3.1569,1.2365,39.2818,25.3223,4.1594,1.1984,2.7248,8.1160,2.0671,75.1283,1.1346,1.1687,64.3926,1.5366,1.1652,3.0711,21.5473,1.2065,1.0736,1.5845,1.0083,2.6639,1.0190,1.2797,2.1773,2.4121,0.7457,2.1437,1.9452,1.0756,1.1155,1.0471,2.6219,1.5359,2.2541,1.2891,17.0814,4.2889,3.9772,7.9941,4.8503,8.5620,3.6748,93.9806,2.1024,15.7539,2.8604,2.6428,1.5202,1.2807,3.9856,4.6200,1.6737,1.0887,2.2647,2.0614,2.8375,3.8525,2.8549,5.5051,12.6132,2.7054,1.0581,0.8698,1.3851,2.2006,1.4023,29.6556,1.1639,0.9159,1.2728,8.2950,5.5299,0.7876,4.1657,2.6947,1.3825,2.1399,1.5413,0.9285,0.7213,1.6461,1.0630,1.1901,1.0450,3.1672,3.3548,50.3189,7.4044,0.5897,5.6136,3.7204,1.3278,1.9987,2.1792,1.4106,0.7862,6.1706,1.0660,105.0781,0.9838,1.6142,24.6960,3.0642,3.9515,3.1543,0.8757,0.6976,7.1929,1.9320,1.5973,1.4286,12.0744,2.8837,1.9493,1.0003,3.4808,1.0397,1.0103,0.9377,3.2314,3.3645,1.5449,8.7041,1.2400,2.4491,1.4343,34.5780,21.5973,5.0637,1.1576,2.0920,1.0966,11.5571,1.0089,0.9615,1.5026,1.4186,2.0343,1.8787,1.2287,3.4040,1.1700,1.0836,1.7387,2.6654,2.9600,4.3859,2.1031,35.4560,68.7240,4.0346,1.0425,1.0198,23.3837,1.1540,1.6859,1.6180,1.4771,1.0645,8.2203,0.9214,0.9547,4.8722,1.6417,4.0241,0.8502,0.8591,2.0335,2.7701,1.8561,8.9125,0.8613,1.6042,21.0570,11.6271,14.5096,1.6887,0.7976,7.5365,3.1774,1.4166,21.7435,3.0498,1.8140,2.5851,1.5859,1.0403,3.5761,1.5013,101.3622,1.1334,1.6199,2.3957,4.1538,0.8277,3.9730,2.8123,38.7720,2.4180,0.6857,1.9614,2.3743,2.1587,2.7971,0.6886,0.8714,0.7855,12.7869,0.6884,1.3162,1.2200,2.2786,3.6620,1.2752,12.6242,8.8895,2.6506,1.9850,4.9672,1.1681,1.3523,7.7648,1.2721,3.8702,1.1466,1.0601,5.3208,1.1926,1.2987,1.0271,4.2899,48.9711,2.3413,1.1001,7.1338,1.3346,3.2737,0.8108,1.2206,1.2194,0.9192,0.8520,1.2166,1.3308,1.5835,3.2694,1.2143,4.7533,3.2681,1.1023,15.2370,0.8633,1.1513,1.0727,3.7590,1.2439,3.3797,1.1370,72.1492,3.4028,1.3785,0.8695,1.2814,1.1536,1.5806,3.8037,26.8926,3.8133,1.4948,17.4058,5.1118,2.1665,3.7072,1.4841,2.1235,1.1115,1.2237,3.0038,3.1375,2.4731,1.0021,1.0145,6.8720,36.6646,4.0491,1.6379,1.3543,5.2237,0.8610,0.7935,1.8102,1.1843,41.6191,1.4584,1.6328,0.8121,0.9681,2.5051,8.0390,0.8428,1.5824,1.8653
7000,3.3264,4.3490,1.5063,0.9504,1.7231,2.0264,1.7519,2.0094,7.3852,1.4843,3.1891,2.3419,1.1153,2.9943,2.0629,5.2593,0.5996,0.8959,1.1914,3.7697,1.9346,3.5935,2.1870,0.7702,0.9969,3.3002,1.2929,4.0248,3.0385,3.3981,2.8790,1.3244,15.8594,3.1017,0.7177,0.6899,1.3843,25.3762,8.7628,1.2197,3.5373,5.6919,11.2524,0.8775,0.9627,3.9021,1.3121,6.3582,1.7694,0.9176,2.9670,8.6545,1.0807,0.8640,1.7238,15.5517,1.5208,1.0601,8.6149,3.7628,2.4573,1.0431,1.2624,9.7003,1.1428,2.6112,1.8437,2.1198,1.1456,2.5655,1.9150,0.6572,0.5171,2.2666,2.2697,2.7900,3.2939,0.9442,12.8418,37.0552,0.9704,3.5206,1.1659,0.9452,3.0188,1.4863,7.2608,1.5160,0.8418,4.3695,20.2953,0.8451,1.0489,1.0298,30.5422,1.6398,1.0932,1.8098,0.8053,1.0368,1.8926,3.0247,5.1463,2.7859,1.7298,1.7208,43.3151,1.1631,2.5208,0.8599,16.4428,1.6026,0.7373,1.1953,28.5631,4.3022,1.0829,1.0623,1.9737,0.7942,31.5975,0.8121,17.2512,2.2993,1.2536,0.8357,2.8861,2.2223,1.1571,1.9404,2.5197,1.2449,2.3209,2.7917,2.8700,0.7796,1.0053,3.0102,2.2902,7.3967,26.9753,0.7336,2.7750,1.6901,1.0796,3.0646,1.5001,0.7950,0.8531,2.5075,10.2660,1.1188,0.6989,1.5424,2.4005,9.6190,1.5434,1.3141,44.4941,6.9578,1.1236,0.6206,5.6949,27.1744,2.3473,2.4624,1.0015,1.2368,1.1572,3.6291,0.7523,1.1393,2.2337,1.8207,4.7008,6.5904,0.8491,1.0203,1.1148,2.2478,3.0203,2.3898,5.5819,0.7229,0.9555,4.0559,0.8778,2.2111,0.7485,7.5362,1.3535,1.6277,0.9189,3.0467,1.5963,1.3964,2.4791,3.3456,1.7276,1.0165,1.8881,0.8348,50.2263,3.8783,2.6849,4.3485,2.5933,144.9365,6.0232,2.1558,2.0843,37.3649,23.0283,2.8385,1.6670,2.1897,4.7191,1.7399,82.2616,1.0842,2.2376,64.7191,1.4869,1.0215,3.3089,20.1575,1.8245,0.7582,2.2739,0.8682,3.4297,1.7076,0.8695,1.8717,2.7443,1.0913,1.5433,1.0407,1.0586,1.2302,0.9793,3.0217,1.3754,3.5901,1.5223,16.5151,2.6358,3.2064,6.2686,4.4827,8.3162,2.8383,101.9944,1.9493,13.6798,4.0053,2.2204,1.2089,1.2160,3.9753,3.4434,1.0395,1.1863,1.8947,2.1148,1.8518,2.6662,2.2704,5.3269,12.1141,2.0704,0.9351,0.7909,1.9528,1.6929,0.7589,29.4988,0.8629,1.4469,0.8177,8.2736,5.0562,1.0173,4.4931,2.7919,0.9048,2.3622,2.2583,0.8241,1.2843,1.8407,1.4097,0.9597,3.1295,1.7654,2.6221,52.4423,7.0903,0.8383,5.0406,3.2117,0.8910,1.6888,1.5460,2.1369,0.8645,5.2226,2.1582,114.3696,1.6570,1.2606,22.4093,2.8530,3.1658,2.2942,2.0684,1.2454,6.1797,1.1104,2.1834,2.2573,11.5823,2.3454,1.5099,0.5495,2.0824,0.8181,0.7636,1.0183,2.9600,4.4256,1.9561,7.3619,1.4901,2.5990,1.9605,32.6030,19.7858,4.6492,0.5350,1.4331,1.2018,10.4338,0.8747,0.7756,1.8581,1.7200,2.8964,1.1052,1.4145,3.2799,0.9912,0.9964,1.0750,2.4839,2.9152,4.9651,1.0235,34.5944,74.2844,3.9869,1.1063,0.7571,22.3269,0.7872,1.6243,1.4849,1.1504,0.8185,5.9139,0.6947,1.0277,5.0203,2.3665,4.1425,0.8042,0.7705,1.1925,3.6595,1.6042,6.4221,0.8350,1.9396,19.5502,8.5813,13.9536,1.0950,0.9205,7.1556,1.9417,1.3101,18.8073,2.3876,1.6959,1.4475,1.2302,1.9252,3.1455,1.7291,111.9139,1.1670,1.6916,1.7560,4.5730,0.7135,2.3134,1.7460,39.5483,2.3968,0.6126,2.1912,2.0262,2.8604,1.9091,0.9684,1.1037,1.0470,10.7119,1.6752,1.2972,2.0418,2.1268,4.5280,0.8859,11.0871,7.8711,2.6232,2.0195,2.8340,1.0699,1.4004,7.2957,1.0456,3.7310,0.8394,0.8837,5.3749,0.6910,2.0139,1.3365,1.6664,52.5343,2.3332,1.0231,6.4848,0.7994,3.7871,0.8111,1.1808,1.2754,1.2002,0.9984,1.3533,1.6268,1.9018,3.2577,0.8353,3.9120,3.5375,1.0520,14.5703,0.8002,1.5184,1.0598,2.2713,1.5460,1.5309,2.1070,79.2288,2.3690,0.7163,0.7685,1.7605,0.7951,1.8549,2.5923,28.1967,1.7523,1.0435,14.2874,4.0622,0.6533,3.4561,1.0795,1.6209,1.0504,2.1774,2.4021,1.7608,3.4054,0.6975,1.2029,5.7419,36.7075,4.2347,1.0084,1.3081,4.5016,0.8084,1.4312,1.1683,1.2761,44.3895,1.4575,2.2848,1.4926,1.0181,1.9250,6.1018,1.8446,1.7985,1.2153
8000,3.9274,2.6615,1.9216,0.7876,2.3294,1.5347,1.8967,2.6332,7.4723,1.5040,1.3972,2.7687,1.3710,2.9269,1.9793,4.8912,0.8485,1.1810,1.5378,3.1885,1.0227,3.4526,2.9972,0.9134,1.1669,2.4009,1.6219,2.7987,3.6700,2.6753,4.6394,1.4412,14.5583,2.2638,0.9511,0.7727,1.3728,22.8305,6.8607,0.9786,3.0238,4.5788,10.5816,1.1658,0.9234,2.9681,1.7325,5.4488,1.2326,0.8501,4.2038,5.1523,1.3650,0.9806,1.3737,13.2974,1.0197,1.0428,7.8804,3.6848,2.9315,1.0699,0.8446,7.0265,1.3191,2.8728,1.5875,2.0953,1.3188,2.0709,1.7585,0.8940,0.5558,1.5900,2.1227,3.0978,3.0488,0.8829,11.4070,35.5069,1.0241,3.2092,0.7897,1.1091,1.9067,1.6340,4.5704,1.1048,1.0521,3.2119,19.2847,0.8216,0.9834,1.0338,29.9478,1.1478,0.8974,1.9452,0.9432,0.7844,0.6661,2.9305,2.7248,1.9295,1.9566,1.2937,50.6152,1.9064,3.3809,0.8720,12.8368,0.7651,0.5153,2.1292,27.2797,3.7076,1.1343,0.9446,1.2035,0.7355,31.4618,0.7343,14.6338,1.8908,0.8835,0.6717,2.8291,1.7736,1.8347,1.7580,1.6938,0.8683,2.2658,1.8371,2.8596,1.6136,1.1361,2.6672,2.9737,5.3873,26.1079,0.9360,1.8874,2.2811,1.8962,2.0494,1.5702,1.1853,1.0723,3.6400,8.4277,0.9578,0.4665,1.1977,2.1796,8.6838,1.9905,2.5868,43.7778,6.6932,1.3722,0.7287,4.9563,26.8087,1.6730,2.2538,0.6476,0.9949,1.2288,2.6568,0.7831,0.8032,2.0187,1.5472,3.8900,6.3834,1.0734,1.0897,0.6299,1.0944,1.0418,1.6391,5.1194,0.7948,2.1353,2.8863,1.7209,1.9210,1.1693,5.7566,1.8695,0.9553,0.9511,3.8026,1.8708,1.3329,2.5681,2.9533,1.5862,1.3974,1.1030,1.2150,52.3807,3.0559,3.3171,4.1984,3.1706,164.8625,5.4198,2.3378,0.7853,36.7866,21.7389,2.2762,0.9624,2.4063,2.6784,2.2775,86.1959,1.2148,3.6687,65.7107,1.2619,1.8976,1.9108,17.4317,1.4641,0.9100,2.6905,0.9302,3.0863,1.1792,0.8673,1.6118,2.7790,1.8798,1.3733,1.9768,1.2224,1.4371,1.1258,2.8753,2.2660,2.6360,1.1501,14.5885,1.6457,3.6722,6.5261,3.3908,6.6486,2.2161,109.0624,1.6106,12.0985,3.6544,3.0846,1.3083,1.6893,3.9322,4.1525,1.0140,1.9323,1.6220,2.6795,1.5447,2.8258,2.3279,5.1613,9.4377,1.9559,0.7710,0.7891,1.3716,1.4882,0.8935,27.1032,0.9288,1.3416,0.8615,6.6854,3.7678,0.8685,4.8863,2.7486,1.0051,2.4943,2.0833,0.6962,1.1867,2.6417,1.5858,1.1379,2.0970,0.7638,3.6477,51.8669,6.7494,1.0019,4.6264,3.0910,1.1492,1.7908,1.4514,1.1899,0.8917,2.4011,1.3635,121.2897,1.0235,1.2860,18.0411,3.7087,2.9099,2.5825,0.7705,1.4424,5.0385,1.4493,1.6295,1.2647,12.2046,2.4725,0.9301,0.7286,2.2415,1.4472,0.7600,0.9045,2.7970,4.6883,1.5327,6.6908,1.4130,1.5052,1.8291,29.9518,17.7868,4.6503,0.6735,2.1806,1.2266,9.2923,0.8997,1.3024,1.2682,1.7301,2.1998,0.8181,0.9963,3.5941,1.2175,0.8843,2.1004,2.5102,2.8501,4.0077,1.6818,32.4302,79.1363,2.9741,1.2397,0.8239,20.1521,0.8605,1.9055,1.8666,1.3948,1.0444,6.8120,0.8359,1.1620,4.3304,2.3063,4.1234,0.7823,1.4143,0.9867,3.9734,2.2228,5.1613,0.9194,2.1965,18.7276,7.5024,14.9831,2.0702,0.8393,5.6851,3.3022,1.0969,15.5358,3.4406,1.6472,2.0316,1.0810,1.5168,3.0145,1.0824,121.8807,1.2617,1.6071,1.1163,4.1023,0.7026,2.1987,2.2912,38.5455,2.7746,0.6614,1.9897,1.3967,1.9673,2.3220,1.1396,0.9693,0.9541,7.1667,2.2328,1.0023,2.1179,1.6141,4.6036,1.3773,10.1995,6.7177,2.0029,2.6316,1.3658,0.8905,1.7774,5.3562,0.7915,3.8184,1.9453,0.9394,4.4114,1.3344,1.2470,1.0334,1.6464,53.0100,2.0776,0.8580,3.6188,1.8881,3.3754,0.9026,1.6434,1.2937,1.3111,1.0284,1.2235,2.1685,1.6603,3.4104,1.4260,3.4799,3.0016,1.6826,14.6326,0.7259,1.0453,1.7649,1.6852,1.7420,1.4252,1.5997,84.9025,2.9036,1.2228,0.9143,1.0578,1.3569,2.6604,4.3223,26.5905,1.4770,1.8779,11.4063,1.5292,1.4178,3.1709,1.2863,1.8563,1.1454,2.6891,1.5701,1.9235,2.3157,1.1092,1.3301,5.1118,35.6104,5.2802,1.1350,1.0688,1.7643,0.9929,1.1853,1.4389,1.4598,44.1832,1.2108,2.2786,1.3064,0.9101,0.8874,3.7873,2.2605,1.7378,1.2078
9000,4.6547,2.5097,1.3844,0.9411,2.6864,2.1269,1.8793,1.9240,6.9689,0.8332,1.7171,2.6979,1.4696,2.8111,1.0806,4.0953,0.8403,0.8358,1.7066,2.5106,1.6049,1.9597,3.5049,0.9273,1.0297,2.4226,1.1756,3.8028,3.8211,2.4753,4.3992,1.1555,10.7460,3.0557,0.7746,0.8196,1.4255,19.7914,4.6192,1.5509,2.3509,3.3127,7.6626,0.8177,0.8532,1.7694,1.5590,3.4743,1.2967,0.9926,3.5384,3.2282,1.4550,0.9195,1.5883,10.2463,1.4655,1.2832,7.0653,3.0927,2.5043,1.0854,0.8215,4.9466,1.2848,2.6982,1.2858,3.2096,1.1308,2.4351,1.8589,1.6674,0.7117,1.7205,1.2612,2.3386,3.5532,0.8025,9.5894,31.7773,0.9097,4.2246,1.0596,0.8270,3.0659,1.2395,2.6464,1.2377,1.0067,2.8138,16.0595,1.0213,1.0047,0.9580,29.6147,0.8120,1.2571,1.6889,0.7951,1.2807,1.4141,3.2234,2.2465,2.7339,1.2155,2.5173,55.5189,1.3084,3.5609,1.2176,11.0406,1.0087,0.8959,0.6794,24.5944,4.1197,1.5188,0.9172,1.1001,0.9168,29.6562,0.9740,12.1410,1.8370,1.0116,0.9084,2.2869,2.5407,1.6753,2.2526,2.0326,0.8913,1.7922,2.5105,1.8087,1.2378,1.2522,2.3851,2.7007,4.5818,22.6094,0.9698,2.1139,2.4222,1.2355,2.3249,1.8005,0.8040,1.1757,4.0396,7.9622,1.0822,0.6301,1.2447,1.3970,7.5333,1.9792,2.1848,42.9003,6.4685,1.1793,0.9949,5.0909,25.6474,2.3400,2.5421,0.6666,1.0021,1.4223,2.6672,1.0955,0.8908,2.0030,2.0385,3.5992,5.8152,1.2686,0.9379,0.6462,1.4302,0.9285,2.3492,3.5937,0.8775,1.8943,1.5344,0.7794,1.7798,0.6597,5.5000,1.2916,0.5981,0.7937,3.4831,2.6425,2.3495,1.9154,0.8839,1.2916,1.6014,1.2534,0.9953,50.7208,2.7784,2.2763,3.8694,3.7517,180.6888,2.7260,2.1086,1.2036,35.8282,19.4366,3.3547,0.7532,3.2448,1.3720,2.3768,88.5027,0.8408,3.4555,65.3074,1.0615,1.2313,1.8554,16.8903,1.9159,0.7704,2.3665,1.3719,3.5260,1.1582,0.7982,1.6076,1.8698,1.4148,0.8794,1.3241,0.9085,2.5715,1.1399,3.0238,1.3654,2.3692,1.9887,13.0809,1.6739,2.8669,5.8317,3.1335,6.6024,2.1436,112.8888,2.2635,10.2111,2.1124,3.1313,1.1734,1.2032,3.1214,4.3741,1.3716,1.5556,2.4623,2.6368,1.6664,2.1461,2.2802,4.6381,7.4960,1.9348,1.3474,0.8778,1.5327,1.0581,0.8192,26.4150,0.8962,1.5159,0.9621,5.9111,2.6115,0.9654,3.4043,3.8011,1.1046,1.6060,1.8053,0.7510,1.1161,1.8519,1.4619,1.1510,2.3797,0.8177,2.9735,50.6542,6.6509,0.9165,3.3073,3.2515,1.1959,1.5011,2.5138,1.0402,0.8146,2.2523,1.7627,125.2081,1.0399,1.5213,15.8762,3.8352,3.2611,2.1899,1.3498,1.4910,4.6538,1.2443,1.5662,1.6527,13.6360,2.4475,0.8118,0.6952,1.9313,1.7501,1.5893,0.8716,3.0110,4.7795,1.4485,6.3490,1.5648,3.4625,1.5341,28.3622,16.1156,4.8182,0.6672,1.8279,0.8252,7.5186,0.9535,0.7006,2.0235,1.9421,2.7242,1.7135,0.7916,3.9042,1.0764,0.9758,1.6038,2.8616,2.4618,4.4579,1.4013,30.4819,83.3256,3.1130,0.9675,0.6380,18.6462,1.0575,1.5373,1.5179,1.6686,0.8390,5.9554,0.7645,1.2619,4.1948,2.1611,3.5167,0.9673,1.5085,0.7605,3.6733,2.1922,4.1210,0.8578,2.0643,17.5276,5.9422,15.7673,1.1645,1.6386,4.8546,3.4033,1.3479,13.3685,3.6661,1.0893,2.1021,1.3553,1.3670,3.5583,1.0716,128.1230,1.2113,2.3959,0.8946,4.9731,0.5676,1.3994,1.8743,39.8060,2.2743,0.6152,2.1888,1.4802,1.7999,3.0646,1.0881,1.2119,1.3950,5.8979,2.4508,1.6377,1.9080,1.1615,4.8092,1.0514,8.9012,4.3280,2.0199,2.5287,1.6913,0.9973,1.5215,4.8032,1.1302,3.9170,0.9140,0.9956,3.3428,1.5334,1.3134,1.0033,2.9207,51.5904,2.5655,0.9091,2.8560,1.2863,3.5554,1.2459,1.3767,1.0081,0.9777,0.8070,1.1649,2.2749,2.2897,2.8365,0.9649,2.3782,2.5442,0.9099,14.4530,0.8532,1.1923,2.2036,1.7270,1.2926,2.0591,1.6685,87.9012,2.2106,1.0694,1.4571,0.7812,0.9841,1.8218,3.4468,24.2047,2.0314,0.7279,9.1640,2.6893,0.8009,3.6958,1.1181,1.6781,1.0708,3.1837,1.9492,0.9917,2.5030,0.8079,1.1180,4.5017,34.2882,4.2939,1.9434,0.9263,1.3689,1.1578,1.4383,1.3917,1.1561,42.2142,1.1476,3.1110,1.0164,0.9245,1.6105,2.6412,1.9739,1.4244,1.4150
10000,3.9346,1.7021,1.3230,0.7652,2.7678,2.3943,1.2836,1.2630,5.8121,0.8618,2.0875,3.1959,1.4193,3.4848,1.7449,4.3306,1.0679,1.3865,1.4249,3.7222,1.4671,1.6339,3.2949,0.8926,1.0697,2.8530,1.2533,3.0217,3.0936,2.2277,6.2639,1.5835,9.8752,2.5153,1.0019,1.0776,1.2791,19.8320,3.9592,0.9345,2.3782,2.8159,6.6820,0.9544,0.9828,2.0093,2.6031,2.8611,1.3464,1.1129,3.8384,2.9946,1.2282,1.2382,1.0539,9.9155,1.7740,1.6870,5.8398,3.7554,1.7328,0.9722,0.9103,4.9395,1.4988,2.1874,0.9253,3.2881,1.6957,2.1454,1.4426,0.9804,0.7759,2.0538,1.5129,2.2388,2.8533,1.1263,8.9741,31.0544,0.9639,5.5568,2.0197,0.9607,2.2855,0.8138,1.7459,1.9207,1.1017,2.6940,15.3341,0.9161,1.0022,1.2122,30.0766,1.2598,1.1299,1.9156,1.0093,0.8639,0.9457,3.4847,1.0317,2.5000,1.4174,3.0127,61.1541,1.3644,2.4329,1.1901,9.2316,0.9658,1.0339,0.9948,23.0429,3.3411,1.2948,0.6852,1.2588,0.8961,27.0083,1.0145,11.6524,2.1736,1.5506,1.1316,3.0475,2.3877,1.3268,2.0092,2.1267,0.8935,2.1722,0.9012,1.7999,0.7547,1.2588,3.0143,2.4182,4.5170,21.8672,1.0662,1.8908,2.3443,1.5978,2.3962,1.9793,0.8561,0.9828,5.2611,7.9725,1.5481,0.6613,1.4202,1.6650,7.1886,1.1437,2.3745,43.2312,5.7439,0.9376,1.0749,6.0061,24.7428,1.1784,2.1403,0.8235,0.8784,1.5096,2.6209,0.9250,0.6594,1.7665,1.6464,3.1710,6.0392,1.5229,0.8158,0.7530,1.3705,0.8284,2.0339,3.7161,1.6067,1.3431,2.0065,1.4465,1.4213,0.8327,4.9813,1.5377,0.8061,0.6942,4.5652,2.0371,2.4776,3.3044,1.9409,2.1744,0.9870,0.9792,1.3641,50.6099,2.9599,2.3062,4.8063,3.3825,200.8495,3.0436,3.5918,0.8797,36.0899,18.4468,3.3488,0.6755,1.6063,1.3458,1.6269,92.9233,0.8565,4.4514,65.2650,1.5050,1.5787,1.1154,16.4519,1.8404,0.6540,2.1192,1.1332,3.4039,1.0862,0.9960,1.7302,1.9016,1.9937,0.8756,1.7393,1.1410,1.0223,1.4868,2.6767,1.5811,3.5100,1.4408,10.8028,1.0306,3.8553,5.6260,3.6389,6.7212,2.8626,120.9949,2.2921,9.7980,2.6869,2.8249,1.3727,1.7091,3.9739,3.3373,1.1452,2.6244,1.3419,1.7361,1.5053,2.0996,1.7224,5.6587,5.8318,1.6747,0.9087,0.8822,1.0609,2.1548,0.9207,25.6180,0.8325,2.1230,0.9945,6.1606,1.5257,1.2579,3.0196,3.3228,1.2177,1.8883,1.4345,1.1469,1.0482,1.3930,1.7478,1.0072,2.7446,1.3094,2.9648,50.4973,6.7065,0.9249,3.8186,3.4241,1.3221,0.9703,2.1190,2.5487,1.0727,2.8641,2.1419,133.0899,1.2797,1.3474,13.8488,4.3652,3.1752,2.4502,1.6030,1.6950,3.7555,2.2120,1.4547,1.9645,15.0113,2.0600,1.1484,0.8312,2.2627,1.3005,1.1009,1.1510,3.0052,5.3686,2.4697,5.0177,1.1692,2.6070,1.4929,26.2013,14.9623,4.3958,1.1205,1.9391,1.1996,7.5839,0.9947,0.8734,2.2912,1.4642,2.4948,1.0178,0.8586,2.6992,1.0595,1.4881,2.3204,2.1053,2.6114,4.8977,2.1727,28.2397,88.2905,2.8511,0.9059,1.0264,17.6665,0.9679,1.3056,1.6942,1.8385,0.9084,7.4466,1.1878,1.0279,4.1119,2.4507,3.2950,0.8259,1.9213,1.0837,3.2893,1.8304,3.1382,1.1842,2.1438,15.9483,2.9358,15.0965,2.2694,1.0756,5.3902,3.2688,1.2167,11.0247,3.1821,1.1795,2.3913,1.1587,1.3320,3.3411,1.0589,138.7155,1.1089,2.3031,0.8777,3.7085,0.7855,1.1346,2.1498,38.4301,3.5914,1.0240,2.3606,1.4385,1.1232,2.3664,1.1625,1.0199,0.8639,4.0899,3.7160,0.9975,2.4040,1.6849,3.6921,1.3201,8.0033,2.3382,1.8077,3.0897,1.3593,1.0844,1.5838,3.6997,1.3393,3.9412,1.1211,0.8454,2.9674,0.9836,1.0638,1.5062,4.2454,51.5123,2.5111,0.8837,1.2850,0.8925,3.0154,1.3632,0.9951,0.9844,1.1581,0.9026,1.2443,1.2735,2.5563,2.2866,1.1062,2.5960,2.2329,1.1800,13.2962,0.8200,1.1853,2.0013,2.5682,1.8096,1.8971,1.4231,92.8982,3.3719,0.9156,1.1096,0.8225,0.8690,0.8923,3.0033,23.3364,1.0665,0.8313,7.4806,1.8772,1.2505,3.7709,1.2435,1.6462,0.9480,1.0876,1.1956,0.9743,3.2511,1.0449,1.1048,2.6428,33.9193,4.5399,1.9357,1.1087,1.8343,1.3790,0.8168,1.1402,1.4975,43.6050,1.2318,3.1887,1.3968,0.9605,1.8474,2.1020,1.5837,0.9114,1.1600
11000,3.4613,2.4262,1.2835,0.5798,2.1934,2.1164,1.5931,1.5421,6.2734,0.7560,1.1069,2.1240,1.3571,3.5310,1.4932,3.2687,0.9549,0.8096,1.6420,2.9094,1.7835,1.2891,2.4850,0.8190,0.9666,2.7026,1.5335,3.1561,2.8283,2.4014,4.7688,2.6832,5.9253,2.8436,0.9111,0.8808,1.5638,18.7038,3.3687,1.3785,2.1673,2.7415,6.8931,1.5117,1.0119,1.8171,1.7547,2.6933,1.1088,1.5201,3.6837,2.8257,1.1401,0.9355,1.8007,9.2669,1.3361,1.2385,6.5409,4.3315,1.4606,0.7577,0.9645,4.3725,1.0660,1.1331,0.7611,3.0843,1.5891,1.9781,1.8751,1.0920,0.6574,2.1621,2.0487,2.4698,3.2469,0.8596,6.6634,28.8028,1.4227,4.1387,0.7880,0.9070,2.4962,0.8973,0.8480,1.6018,1.0136,2.9968,14.3394,0.8782,0.9774,0.8702,28.9274,0.8524,1.1433,1.5373,0.7989,0.8992,1.6442,2.9157,1.0194,2.0983,1.1194,2.1297,64.0847,1.6270,2.1375,0.8603,8.4473,1.0409,0.9882,1.5079,19.8204,3.9685,0.9397,0.8348,2.0102,0.9800,26.3770,1.1326,9.8323,1.9866,1.3709,1.2574,2.0316,2.3272,1.2068,2.6085,2.5671,0.6809,2.6901,0.9371,1.9716,1.5887,1.2248,3.0896,2.5189,4.3053,19.8929,1.4091,2.8255,2.1591,1.3232,3.1489,1.5227,1.1194,1.0334,4.7602,6.7962,1.3614,0.6104,1.6982,1.1048,6.2094,1.4278,2.3536,39.7298,5.6001,1.0393,0.8979,5.4492,25.1166,2.2694,2.2226,1.0171,0.8884,1.3367,3.2429,1.5952,1.1563,1.5258,2.0199,2.7810,4.4897,1.0847,1.1272,0.6495,1.4621,0.9450,1.3329,2.3416,0.7996,2.2630,1.3694,1.0373,2.8340,0.7345,4.1945,0.6864,1.3444,0.6651,3.7660,1.0271,2.5673,2.8183,2.2091,1.6433,0.9046,0.8382,1.1768,50.8983,2.6870,2.8050,4.0236,2.2133,216.4836,2.9556,2.4789,0.9149,33.0173,18.1486,2.7553,1.0434,2.6215,1.3018,2.0441,93.8948,0.7981,3.3707,63.0476,0.9281,1.6841,1.0739,13.8100,1.9010,0.8612,2.9956,0.9988,3.5819,1.2418,0.6898,2.1512,1.7333,1.6740,0.8890,1.2044,0.8727,2.2763,1.0544,2.9157,1.9545,2.9324,1.3460,10.0338,1.3509,5.1662,5.3885,2.0147,6.5599,3.1358,124.0667,1.3663,9.4084,3.3386,2.4256,1.2144,1.9433,3.6504,3.4927,1.2736,2.0327,1.7767,1.5013,0.9630,1.3677,3.0532,5.8326,4.0240,1.3880,0.7262,0.9557,1.1176,2.3313,1.2126,24.4862,0.6567,1.2969,1.0284,5.5457,0.9232,1.6370,3.2779,3.7654,1.1083,2.6613,2.1708,0.7506,1.2840,1.3719,2.4073,0.9404,2.1525,1.6569,2.6929,50.9617,7.8015,1.3168,3.7959,2.8628,1.0662,1.0477,2.3896,1.0482,0.7200,2.5820,2.1382,138.2631,0.9137,1.3208,12.0315,3.5110,2.8544,2.0591,1.4322,1.8696,4.0346,1.2444,1.2434,1.6585,14.7928,1.5121,1.2036,0.6312,1.7738,1.7615,1.3329,1.0810,2.9917,5.1376,1.4298,5.3901,1.5168,1.5547,1.2673,24.2125,12.2611,3.5329,0.6199,2.0448,1.8337,6.4431,0.6863,0.7742,1.4521,1.8317,2.6051,0.9070,0.9073,4.6034,1.1677,0.9458,2.4502,1.5215,3.0907,3.4138,1.8536,26.6251,90.6227,3.1458,1.3077,1.1145,17.1026,1.2073,1.2178,1.6106,1.7463,0.6488,6.1933,1.3272,0.9336,3.4206,2.6551,4.4606,0.8715,1.2504,1.2437,4.3211,2.6068,1.9377,0.9825,1.5776,13.9415,4.0626,17.2265,2.1805,1.0975,4.5497,2.6376,0.9447,6.9987,2.8450,0.9279,2.4174,1.1265,1.0460,4.0064,1.0177,145.1631,0.8973,2.0313,0.7111,3.3159,0.8366,0.6874,1.8936,37.6536,3.0472,0.8738,2.2878,1.4936,2.6836,2.7498,1.1698,1.1551,1.0495,3.8290,4.3422,1.0213,1.9692,1.4529,5.2748,2.1507,6.5839,2.5525,2.6063,2.0425,1.0135,1.3040,2.9119,3.8980,1.0650,5.1156,1.3229,0.7985,3.2062,1.6000,1.3061,0.8471,3.8455,51.2072,2.8416,0.9231,1.1415,1.7877,3.4057,1.0545,1.2453,0.9487,1.0582,0.9781,1.3858,2.6377,1.5274,1.6789,0.8305,1.0610,2.1889,1.0164,12.9775,0.7980,1.5113,2.3979,2.0460,1.7479,1.2540,1.2124,95.7396,2.8855,0.7682,1.3726,0.8110,0.9873,1.3561,2.3663,22.9545,2.8255,2.0076,6.3264,2.2290,1.2621,3.5203,1.2593,2.4220,1.0810,2.0209,2.3792,1.2734,2.7170,1.2373,1.2800,2.2264,33.4838,4.4652,1.5339,1.0257,1.7920,0.7934,2.1736,0.9423,1.2178,42.4954,0.9330,3.0743,1.8589,1.1436,1.1873,2.4802,1.4855,1.8218,0.9805
12000,3.1383,0.9417,1.1203,0.7277,1.2175,1.8546,1.3879,1.5585,5.5341,0.7749,1.6950,2.3972,1.1726,3.3122,1.7041,4.0007,0.9171,0.7655,2.3160,3.3400,1.9442,2.0022,2.3933,0.8519,1.0116,2.7208,1.6389,3.4046,3.5137,2.4064,5.7391,2.3208,4.7000,2.8183,0.8035,1.1710,1.7446,15.8984,3.0724,0.9502,1.8552,1.6704,4.7994,0.9762,0.9350,1.7641,2.1492,2.2397,1.4724,1.7467,3.8750,2.1224,0.9090,0.9328,0.9238,6.6240,1.0286,2.1016,5.7830,4.3840,3.0370,0.9375,1.2424,3.3804,1.2109,1.7696,1.2378,2.4319,1.1422,1.5637,2.2939,1.1519,0.6839,2.3225,1.8703,2.1557,1.7242,1.1835,6.1688,25.8002,0.9590,4.3995,1.5173,0.8098,1.9037,1.0190,1.4011,2.1659,1.1185,2.3695,13.7359,0.8520,0.9782,1.0401,29.4424,0.8833,1.2226,1.7484,0.8444,0.8664,1.1567,2.9548,1.0781,1.5737,1.2878,1.9545,66.5460,1.5952,2.3737,1.3619,6.7172,0.7047,0.7366,0.8623,17.9890,5.3702,1.2532,0.8639,1.6911,0.8329,23.5322,0.7992,6.6287,1.8831,1.6083,1.0344,2.7087,2.3904,1.1793,2.1265,2.1792,1.2260,2.0069,1.7813,2.7306,1.6046,1.7453,3.1866,2.9675,2.6279,17.3386,1.1266,1.6777,2.0364,1.3735,2.8015,1.6116,0.8779,0.7712,4.1903,5.8014,0.7643,0.6591,1.6334,2.3270,6.6235,1.0131,3.1404,38.1596,4.9565,1.0855,0.7986,5.3756,21.6915,1.7718,2.5645,0.7949,0.9126,1.5371,3.0863,1.0960,0.8125,1.8761,1.7004,3.6425,4.5686,1.0582,0.7418,0.8780,0.9494,0.8674,1.4282,3.2084,0.9233,0.9566,1.7655,1.0482,2.0211,0.9156,4.5837,1.4795,1.2146,0.7365,3.3548,1.4910,2.4190,2.5591,1.5516,1.1254,0.7179,0.8171,1.5568,48.2680,3.5027,3.2514,4.6440,2.4585,226.5063,2.8334,3.4368,0.9600,31.7467,15.4178,2.3381,0.7331,2.8277,1.3847,2.1666,93.4772,0.9737,2.9176,62.7385,0.9524,2.2782,2.0196,12.0893,1.8104,0.6321,3.3505,1.4580,4.0284,1.8228,0.7633,1.2463,2.1170,1.0273,1.1351,1.5926,0.8734,1.2678,1.4459,3.3397,1.9475,2.5172,2.3739,8.7283,0.7999,3.3241,4.8087,1.9310,5.6613,2.4465,124.5186,1.4272,7.5201,3.7284,2.7869,1.5005,1.2857,3.5321,3.7962,0.8338,1.8093,1.5687,1.6067,0.9733,1.2211,2.0509,5.6079,3.4704,2.5425,0.8034,0.9361,1.2002,1.4870,1.0742,23.9127,0.9377,1.2594,0.9974,4.3607,0.8968,1.0005,3.8701,3.5607,1.1616,1.7720,1.8674,0.6046,1.0038,1.2674,1.1703,1.0098,2.9127,2.0111,2.5997,48.1718,7.0391,0.7301,3.5907,2.5647,1.0816,1.2284,1.6702,1.6990,0.8307,1.5137,2.3687,139.1866,1.3684,1.7637,9.1856,3.1549,2.7391,2.4543,1.4050,1.0392,2.9419,1.6505,0.9815,2.0644,13.3200,1.3268,1.2418,0.8369,2.0167,1.6030,1.1275,1.1129,3.5500,4.7009,1.2240,5.5536,1.4453,2.5566,1.5006,20.5232,9.9074,5.9123,0.7391,1.9934,1.7123,6.8409,0.7643,1.1111,1.7371,1.7943,2.9631,1.7844,1.2279,4.3630,1.0657,1.1198,2.2075,2.4068,2.8604,4.2615,1.6463,23.6980,90.6535,2.8527,1.7590,0.8108,15.6782,1.3973,1.0772,1.6168,1.6201,1.1112,6.0122,1.0865,0.8587,4.1902,2.4279,3.2111,0.8947,2.4863,0.9733,3.4913,1.9684,1.7673,2.2630,2.0505,12.0633,4.0802,15.1338,2.2629,0.5270,4.1256,2.7996,1.0420,5.1801,2.7267,1.0523,0.9677,1.0699,2.6245,3.2666,1.0962,146.7960,1.4709,2.3192,0.9406,5.4531,0.7394,1.1462,1.7628,35.5094,3.7163,0.9539,2.7308,2.8562,2.0628,2.9154,1.0048,0.8596,1.2156,2.4793,4.3650,0.9711,1.6384,1.4777,4.1565,2.3487,7.6300,2.2255,1.3700,2.2703,0.8773,1.2005,2.3631,3.1399,0.9929,4.8962,1.3934,0.7955,2.8081,1.2323,0.7504,0.8223,4.2532,49.6984,2.7814,0.7875,1.1718,1.8631,3.2075,0.7436,1.6207,1.3135,1.0401,0.8265,1.7211,2.9832,1.4199,1.8356,1.0379,1.7540,3.1283,0.8256,12.5091,0.7720,1.2602,1.4348,1.5394,1.4212,1.5927,0.9610,96.3713,3.0573,1.4806,1.0935,0.7107,0.9659,1.9477,2.1998,21.2023,2.1306,1.6451,5.0970,2.9952,1.3122,3.8293,1.3438,2.5235,1.2152,2.3958,1.2876,1.0701,2.8354,1.1801,1.1648,2.3468,31.0289,4.4950,1.6044,1.2428,0.7423,1.1287,1.0599,1.4088,1.3596,40.4489,1.0443,2.0198,2.4278,0.9521,1.7532,0.8158,1.7888,1.4508,1.8560
13000,4.3274,0.8587,1.5803,0.6970,0.9791,1.5048,1.6917,1.7628,6.1270,0.8899,2.4253,3.0305,0.9359,3.3285,1.5468,3.7730,1.2757,1.3029,2.3938,4.0636,1.8277,1.8859,4.5683,0.8901,0.9296,3.2732,1.0067,2.8079,3.9466,1.0268,6.3513,2.6057,3.8469,2.2924,0.6798,1.0067,1.3170,16.4825,2.1093,0.8188,1.6754,2.0468,4.3922,0.8973,0.7955,2.8769,2.8322,1.8949,1.2358,1.1336,4.0693,1.1505,1.1086,0.7578,1.4064,5.8573,2.0088,2.1782,5.5343,3.3893,1.9819,0.6549,0.7931,3.3872,1.1805,1.7709,1.0541,2.7975,1.0467,2.5293,2.4123,1.0693,0.7227,2.8458,2.5057,1.8477,3.3779,0.7423,5.3497,24.0017,0.8594,4.1502,0.9760,0.8110,1.7180,1.0186,1.4910,1.7159,0.9248,2.3488,12.2534,1.0848,0.8717,1.1263,27.5292,0.8425,1.4107,1.5201,0.8763,1.2995,0.9386,3.7893,1.1005,2.6116,0.9544,2.7605,69.2194,1.1818,3.2105,1.5345,5.5384,0.9630,0.8211,0.9695,17.1346,4.4610,0.8847,0.9319,1.4154,0.7217,21.6819,0.7465,6.1312,1.7231,1.0912,1.8451,1.5509,1.7394,1.4891,3.2420,2.1515,1.0313,2.3669,1.4013,2.1942,0.8691,0.9488,2.4872,2.3809,3.0501,16.5600,1.2264,2.0717,2.6344,1.6225,2.7909,0.8131,0.8044,1.1101,3.8866,6.2066,1.0609,0.6437,1.4413,2.6267,5.9482,2.0891,2.2804,36.1088,4.3983,1.4304,0.9640,5.1933,21.2550,2.0616,2.6681,0.9803,0.7948,1.3179,2.3652,1.1885,0.8924,1.6324,1.0091,3.6347,5.0152,1.1319,0.7542,0.5436,2.7620,1.4358,1.7118,1.9990,1.0227,1.5002,2.1273,0.7883,1.3186,0.7818,3.7433,1.6019,1.4284,0.7604,3.3797,1.5310,1.6950,2.7407,0.9652,1.7189,0.9190,1.0646,1.6489,48.1988,2.9046,2.3572,4.8128,2.1819,239.5416,3.6762,2.7903,1.2405,31.3615,14.2304,3.5845,0.6934,1.7565,3.0185,1.7054,95.7139,0.8276,3.8121,60.1772,0.7954,2.5390,0.9543,11.6425,1.7692,0.7497,2.3086,1.0672,3.9579,1.6773,1.1283,1.6740,2.2759,1.3715,0.8777,1.4757,0.8825,2.3122,1.0974,2.5280,2.3203,2.9218,1.4493,6.7055,0.6893,3.0241,5.2398,2.1773,5.1712,2.4660,129.1284,0.7250,7.3784,3.2885,2.6800,1.1788,1.0466,3.6307,3.8054,1.0941,2.7124,0.8004,2.0422,0.7981,1.0200,2.4907,5.4890,2.1867,2.2349,0.9766,0.4776,1.7945,1.8562,1.2886,22.0289,0.8834,2.0314,0.9381,3.7815,0.8657,0.6884,4.2156,3.8287,1.2165,2.0892,2.6337,0.5782,0.8604,1.0935,1.4819,0.9326,2.2206,1.1540,3.0186,46.7210,5.9447,1.2417,3.8411,2.6051,1.1525,1.2166,1.7934,2.4091,0.7386,1.5862,2.2042,143.5996,0.7087,1.0417,7.9103,2.9258,3.2127,2.5850,1.7172,1.9078,4.6290,1.9794,2.0468,1.8943,14.6691,1.3781,0.7310,0.8503,1.2468,1.1728,1.1204,1.0470,3.9240,5.4863,1.9686,4.3448,1.3182,1.6085,2.0344,18.7411,9.1019,5.1822,0.8191,1.4221,1.6265,5.2993,1.0978,0.6112,1.9340,1.5633,2.3404,0.9707,1.0183,3.6998,0.9187,1.1838,2.3704,1.8734,2.3415,4.6493,2.4157,22.5242,92.8394,3.4633,1.2594,0.8213,13.9509,0.9355,1.7344,1.7947,1.7635,0.7325,6.4915,1.9633,0.9664,4.4017,3.1947,2.7763,0.8063,2.3359,1.3127,3.8467,1.6790,1.2259,1.3242,2.9097,12.4538,2.9387,16.3575,1.5234,0.8324,4.1225,3.2940,1.0300,4.7635,2.8525,0.9849,0.8737,0.8922,1.9406,4.4019,0.8367,153.4646,0.8384,2.4678,0.8087,4.1723,0.9022,0.8334,2.4187,35.1454,3.1203,0.8548,3.1948,3.0498,1.9295,2.3873,0.8615,0.8568,1.0229,1.1287,3.7217,1.0474,0.8637,1.3701,4.5293,2.4989,6.9839,0.8141,1.1673,2.4981,0.7409,0.9702,2.8929,2.1937,0.6455,4.9064,1.4140,0.8903,2.5696,0.7331,0.8849,1.0405,5.0339,47.9340,2.0969,1.2673,1.5266,1.5570,2.6876,0.6512,1.7843,1.6978,0.6966,1.9069,1.4073,2.2819,1.9523,1.1041,0.7029,0.9506,3.1712,0.8325,11.8612,1.0030,1.2687,2.0034,2.4132,1.6646,2.8032,0.9030,98.0937,3.4157,0.9142,1.5342,0.8277,1.0769,1.0382,3.1998,20.4740,1.7362,1.1826,4.4893,2.4546,1.2169,3.3462,0.9730,2.6095,1.0725,2.2199,1.2114,1.0937,3.7660,0.7446,1.4400,1.7393,30.7205,5.6954,1.6990,1.0273,0.9628,0.9394,0.7454,1.8727,0.8751,40.0245,0.9464,4.1435,2.0473,0.7762,0.8473,0.9212,1.4089,1.4866,2.0024
14000,3.2545,1.5643,1.1372,0.8447,1.2746,1.3912,1.0723,1.9789,5.3857,0.6241,2.1387,2.7344,1.1115,3.2587,1.8921,3.5956,0.6417,1.4626,2.9531,2.8976,1.4390,2.1429,3.3804,1.2544,1.2267,2.5332,1.2001,3.5611,4.2428,1.7113,6.6421,2.5866,2.5453,2.1617,0.8185,0.7180,1.7979,14.4703,1.7236,0.9489,1.7485,1.8584,4.3602,0.7398,0.7653,1.9669,2.3241,2.1467,1.3386,1.3857,4.1544,1.4833,0.7961,0.7919,1.9423,5.0300,2.5290,2.6742,5.8353,3.0205,1.5195,0.6450,1.0199,2.8078,1.1740,0.9806,0.9204,2.8672,1.1648,1.0659,1.5411,2.1621,0.8301,2.4137,1.4610,1.7483,2.7411,0.7297,4.8245,21.4115,0.7340,5.1397,2.0510,0.7446,1.9723,0.7095,1.5042,1.3526,1.0116,1.7892,10.2941,0.8014,0.8925,0.9925,26.2588,0.5983,1.1869,1.7888,0.9497,1.0076,1.0919,2.0661,0.9813,1.5341,1.1321,1.5557,70.2422,1.2751,2.6535,1.7509,3.4186,0.6751,0.7007,1.3887,14.5435,3.9423,0.8071,0.7778,1.8370,0.9061,18.4461,1.0273,5.1876,2.3493,1.8955,1.6440,2.2372,1.5836,1.1012,2.7291,2.2299,0.8792,2.6838,1.0446,2.0129,1.2791,1.1073,3.1566,2.8526,3.4874,14.7472,0.9289,2.1430,1.5705,1.5743,2.8042,1.3065,0.7784,0.9399,3.9376,5.2129,1.1883,1.0496,1.4690,2.3064,5.6533,0.7925,2.1011,33.5766,4.2332,0.8854,0.7376,4.0227,21.6406,1.2220,2.4463,0.7716,0.7045,1.2519,3.1503,1.0272,0.8161,2.3868,1.4120,4.1903,4.3661,0.8947,0.5711,0.6057,0.7786,2.3277,1.7392,2.0616,1.1174,1.7559,1.3950,1.6534,1.2381,0.6225,3.9992,1.6322,0.6430,0.8047,3.1310,1.1844,2.0603,2.6294,1.9636,2.2063,0.7288,0.8126,1.7362,45.2738,2.8621,2.4186,4.5974,2.2966,250.4279,3.4410,2.0378,1.1068,28.6246,13.3772,3.4321,0.7177,2.6157,2.4859,2.0675,95.0313,0.7477,3.8433,57.9310,0.6762,1.7097,0.9213,11.0148,2.6705,0.9862,2.8363,0.8523,2.7035,2.0586,0.8087,1.0115,1.6427,2.0533,1.1501,0.9205,0.7398,1.5266,1.0513,4.2640,1.6971,3.2461,0.9151,5.9117,0.7537,3.6099,4.3756,2.7818,5.1775,1.8803,129.4696,1.7681,6.0728,2.4307,2.5380,1.5011,1.9887,3.5353,4.8163,0.9906,1.7727,1.1070,1.9343,1.1742,0.8943,2.3654,5.1383,1.7608,2.3827,0.6944,0.6608,2.2546,2.6025,1.2962,20.8562,0.5806,2.1522,0.8210,4.6606,0.9128,1.4874,3.6745,3.1934,1.1753,3.1007,1.6971,0.7214,1.6273,0.9395,1.7347,1.0555,3.2669,1.3694,3.3346,46.4421,6.7354,0.9834,3.1138,2.6984,0.9715,1.6657,2.0603,2.8774,0.7828,1.5568,2.8344,144.6574,1.0271,0.9496,7.0311,2.5779,3.6454,3.0359,0.8524,2.1344,3.3843,2.4096,1.0508,2.1862,15.1266,1.6280,1.1530,1.0995,1.5617,0.9870,0.7685,0.9933,3.2954,6.1969,1.2402,5.4152,1.0407,2.6728,1.9333,16.4878,7.8306,4.5009,0.7463,2.2223,1.0751,5.2600,0.9341,0.6448,1.1542,1.3215,1.9704,1.4535,1.0478,4.5733,1.0308,0.6910,2.3860,2.8266,2.3511,4.5710,0.7591,21.0946,94.1276,3.4182,2.2259,1.6307,13.4114,1.1238,1.2089,1.3068,2.3708,0.6677,6.2780,0.8876,1.2184,3.4075,3.0412,4.0657,0.8206,1.0958,0.7882,4.5155,2.0510,1.5566,1.4537,1.9336,10.4116,2.6241,16.1294,1.7353,0.8350,4.1855,3.1904,0.9407,2.7939,3.6576,0.8758,1.6605,0.8819,1.5370,2.4619,1.0650,157.9339,1.7856,1.7864,0.6718,4.8452,0.9294,0.7558,1.5923,34.2200,3.2316,0.6529,2.7561,4.0557,2.1405,2.9030,1.0074,1.4260,1.1250,1.7132,3.4623,0.8588,1.2589,1.6266,3.9949,2.0303,6.6410,0.7127,1.6048,1.9622,0.6079,0.9354,2.0718,2.1898,0.7659,5.3027,1.2522,1.1421,2.0588,0.7371,0.6558,1.3678,4.3716,46.7335,2.0967,1.1380,1.3294,1.9929,3.5382,0.6652,1.3329,1.6930,0.8879,1.7983,1.9638,2.3177,1.3141,1.2401,0.8846,1.2452,2.3704,1.1864,10.9793,1.0666,1.0670,1.6591,1.6499,1.3349,1.7405,1.4176,97.9222,3.1663,0.8748,1.2046,0.6694,0.8591,0.9886,1.7942,18.4051,1.1701,0.6516,4.8839,2.6466,0.9275,3.6635,0.8307,1.4865,1.9011,1.6600,1.2688,0.7855,3.1577,1.1260,1.0609,1.7656,29.0506,4.6634,1.6090,1.1809,1.8330,0.7512,0.9625,1.8488,1.3558,39.2263,0.8457,2.7806,2.2862,0.7939,1.7590,0.8532,1.7909,1.4306,1.4526
15000,4.2144,0.8116,0.8641,0.6373,1.4377,1.4165,1.7268,2.1727,5.2549,1.0564,2.5094,2.7209,1.0605,3.1375,0.9189,4.2596,0.8938,0.7010,2.2289,3.7749,1.7813,2.2003,2.8565,0.9178,1.2973,2.4561,1.2241,3.7010,4.6055,1.6637,5.8665,1.9203,2.0761,2.1511,0.6119,0.5641,1.0855,14.2886,1.6160,0.7496,2.3006,1.9728,4.5862,1.1180,0.7241,0.9753,1.7886,2.0996,1.1931,1.6732,3.4183,0.8885,0.8289,0.8373,1.1422,4.6656,1.6507,1.6387,5.9679,2.6331,1.4345,0.7492,0.9223,1.5243,0.9964,1.2774,0.9045,2.4935,1.1242,1.4522,1.4910,1.9751,0.6661,2.1062,1.5106,1.5648,2.3083,0.6249,4.8318,18.2795,0.8789,5.4426,0.7397,0.6108,2.3290,1.1941,1.9911,1.9127,1.3741,1.6568,10.9069,0.7527,1.2508,0.9123,26.3566,0.6942,1.2128,1.7177,1.0264,1.7768,1.2836,2.6953,1.0474,1.4959,1.6627,2.2998,70.6025,1.4761,2.3302,0.9076,2.4775,0.7303,0.8818,1.9548,13.5326,4.0468,0.8693,0.8394,1.2463,0.9233,17.5061,0.8470,3.0365,1.7089,2.0423,1.3401,1.9494,1.5146,1.4836,2.4098,2.5786,0.6702,2.4428,1.2042,2.4671,1.2530,0.9832,2.6140,2.8917,3.6106,13.8163,0.8096,2.1357,1.8898,1.4944,2.7526,1.1370,1.2951,0.8432,4.2002,5.6547,1.3917,0.7560,1.2233,1.9663,5.5586,1.6396,2.9241,33.0188,4.2558,1.1341,0.6192,5.4118,20.6470,1.2720,2.7058,1.0250,0.8098,1.5630,1.6480,1.2279,0.8036,1.9898,1.1329,3.1862,4.3171,0.7816,0.6988,0.5205,1.4765,0.9976,2.4331,1.8519,1.9690,1.1838,1.5727,1.4040,2.0242,0.5706,3.2874,1.7670,1.0017,0.7679,3.8927,1.0257,2.1231,2.4361,0.9886,1.6788,1.1876,0.8924,1.7353,43.5473,3.5074,1.7591,5.0293,2.5837,257.5682,3.1717,2.2435,0.8798,26.7679,12.7638,3.4859,0.7116,2.5945,2.2665,2.4930,94.6758,0.8332,4.1072,55.3303,0.7025,1.9925,1.0489,9.8800,2.4591,0.8313,2.3431,1.1011,3.3937,2.0620,0.6725,1.1028,2.3281,1.3850,0.7629,0.6732,0.8698,1.7174,2.0238,4.0919,2.1725,4.0173,1.5595,4.0611,0.6244,3.5822,5.1108,1.7970,4.3022,2.6390,129.5311,0.7374,5.2718,2.9143,2.9722,1.2677,1.2718,3.1780,3.2326,1.0782,2.6469,1.1920,1.1027,0.7978,0.7029,2.2887,5.6269,1.9885,2.2388,0.7830,0.8471,1.3516,1.1902,1.2599,19.8468,0.6010,2.0191,0.9512,5.1522,1.3485,1.2818,3.5802,2.5239,1.0694,3.6475,2.0929,0.7181,1.2918,1.4467,1.5723,0.7952,2.9273,1.3061,3.0209,44.2415,6.0650,1.4004,3.1171,3.0523,0.9768,1.5949,1.6977,1.2456,0.7509,1.4309,2.1231,146.5973,0.9641,1.4430,6.0927,3.1192,2.5990,2.4843,1.3677,1.3668,4.2770,2.4213,0.8862,2.5437,13.5779,1.1029,1.0488,0.8419,1.8163,1.5417,1.8411,0.9394,2.7521,5.9621,1.6585,4.2154,1.3456,2.7855,1.5828,14.9000,5.5393,4.3214,0.7095,1.9522,0.8642,5.0313,0.7810,0.5900,2.0192,1.8079,1.8440,1.6062,0.8629,3.9653,1.0383,1.5561,1.4526,1.8072,2.6461,4.3723,2.1655,19.1002,94.1546,2.5655,1.8326,0.6511,12.8159,1.1429,1.6303,1.4055,1.1098,0.8963,6.7542,0.9268,1.2602,3.2467,2.4873,3.0166,1.1185,2.1336,1.1052,3.8366,2.1072,1.3415,1.2512,2.0468,9.5056,2.3457,15.6448,1.2016,0.7960,3.5661,3.6131,0.9068,1.8514,2.8099,1.0462,1.4685,1.1973,2.9974,2.1532,0.8296,159.6448,2.1894,2.3131,0.9407,4.7353,0.6821,0.7567,1.5434,32.9878,2.9406,0.9633,3.4825,4.6650,0.9975,2.8598,0.7555,0.7611,0.9489,1.5481,3.1002,0.7703,1.0125,0.9671,5.3811,1.5670,5.6909,1.1764,1.6099,2.1273,0.5455,0.9628,2.5352,2.5155,0.9994,5.1839,1.2627,0.9020,2.1285,1.1816,1.1421,1.1122,5.5118,44.9753,3.1875,1.0520,1.6652,1.9838,2.7558,1.1435,1.4371,1.2894,0.8492,2.2525,1.8167,2.3882,1.7132,2.1942,0.9029,0.9408,3.1304,0.9240,10.1318,0.9054,1.4602,1.6870,2.3494,1.0569,2.1299,0.9622,97.9047,2.9554,0.9843,2.0107,0.7593,0.9702,1.0886,2.6133,16.8165,1.2591,0.8759,3.0775,1.9100,1.6381,3.4024,1.1344,1.7866,1.5148,2.3642,1.1761,0.6970,3.3031,0.9367,0.9969,1.7728,28.3785,4.6083,1.2590,0.7497,0.4972,0.8161,1.8270,1.6213,1.1067,37.2211,0.8538,2.6479,2.5690,0.8906,1.9328,0.8085,1.6358,1.7965,1.4975
16000,3.4318,0.9264,0.8302,0.5552,1.5170,1.5055,1.6705,1.5407,6.0362,0.8157,1.8650,3.3259,1.2584,2.8559,0.5916,3.0252,0.7177,1.4887,3.1007,3.6970,2.1474,2.2112,2.9813,0.9022,0.9798,2.5970,1.0582,3.3159,3.8346,1.3415,5.8974,3.1219,1.7957,2.3245,0.8969,1.2341,1.2740,13.6702,1.9059,0.9341,1.0535,1.4862,3.7070,0.7798,0.5458,1.4807,1.8976,2.2596,1.1458,1.5771,3.7634,0.9399,0.6758,0.9049,1.2388,4.4757,1.6243,2.1451,5.3147,2.9428,1.5852,1.0682,0.7224,2.5885,0.9970,1.1182,0.8202,2.0606,0.8422,1.5682,1.5269,1.1183,0.9855,2.0170,1.5379,1.2181,1.6471,0.7147,4.1064,16.7691,0.7814,6.2324,1.1947,0.5897,1.3291,0.8625,1.6780,2.0890,0.9540,1.2317,9.4830,0.7745,1.0077,0.7463,24.0597,0.5788,0.9505,1.0023,1.5241,1.0684,1.7354,2.3988,0.9467,1.6476,1.4941,1.6513,71.2654,1.7537,2.3146,0.8856,2.3368,0.7432,0.9357,1.6564,11.2933,4.3245,1.0098,0.6976,1.7256,0.7810,16.1776,0.7894,2.1458,2.2550,1.2293,1.3478,2.7637,2.5484,1.3294,2.2680,2.1637,0.7116,2.0258,1.1308,2.5621,1.1999,1.0051,3.4657,2.3664,3.0215,12.9016,1.0699,1.6660,1.4697,1.5398,2.1354,0.8822,0.6806,0.7391,4.1199,4.5066,0.6590,0.5454,1.5964,2.6116,6.0264,1.2487,1.8804,30.4723,4.6629,0.7794,0.6744,4.7425,19.1890,1.6898,2.2825,0.8390,0.6856,0.9941,2.1740,1.0922,0.7036,1.6910,1.5126,3.2625,4.6109,0.8192,0.6773,0.6812,2.1418,0.8676,2.1596,2.2792,2.2755,0.8938,1.0351,1.4357,0.9939,0.6336,3.6198,1.4255,0.6579,1.0925,3.5520,1.4654,2.4697,2.3994,1.4386,2.0284,1.4268,0.7935,2.1134,42.4432,3.4011,1.8743,4.5801,2.5409,262.8899,4.5905,1.6237,1.5512,25.4479,10.0562,2.8842,0.5954,2.4174,2.5989,2.6495,94.1084,0.7743,4.2998,53.1737,0.8124,1.8710,1.1402,9.7336,1.6375,1.0127,2.4328,0.8160,1.9850,1.6781,0.6259,1.3364,1.7443,1.2500,0.9862,0.5507,0.6611,1.3770,1.2932,3.1944,1.3092,3.4479,1.1759,3.3426,0.6847,3.9042,3.9236,1.3506,4.1963,2.5367,129.1727,0.7199,4.5803,3.1940,3.0455,1.1429,1.4391,3.6364,4.0337,1.4894,2.0817,1.0921,1.4145,0.6407,1.0030,2.9374,5.4924,1.7678,2.3602,0.6546,0.7579,1.8657,1.8328,0.7661,18.2210,0.4691,1.6992,0.8479,3.3065,1.0378,1.3145,3.5156,3.6914,1.0991,2.5520,1.8210,0.8862,2.1635,1.3639,1.1743,0.9042,2.6385,2.0805,3.0822,42.5006,6.8610,1.3418,2.5129,2.7542,0.9754,1.9234,2.0559,2.8547,0.8923,0.7205,3.1133,147.7570,0.8145,1.6959,5.2313,2.5812,2.4529,2.5852,1.3066,1.8460,3.9862,1.3777,1.1656,1.7297,14.0371,0.8931,0.9390,0.8130,1.0926,1.3278,1.2968,0.7527,3.6478,6.5528,1.6727,4.8204,1.0534,2.2548,1.4426,12.7454,5.5178,4.6220,0.7056,0.9790,1.2307,3.9217,0.7967,0.8987,1.4367,1.7366,2.4053,1.4187,0.8974,4.0242,0.9130,0.8259,1.9366,2.2679,2.9214,3.8358,1.6133,17.6231,93.8631,3.1708,2.3056,1.0371,11.8499,0.8586,1.2192,2.1073,1.4951,0.5640,6.6800,1.7062,1.0296,2.8707,2.2603,3.5790,1.0224,1.8145,0.6581,3.2682,1.6581,1.2559,0.8995,2.3144,9.4585,2.1492,15.7166,1.4805,1.2833,3.1202,3.8023,1.1482,1.9990,3.9615,1.0049,0.8392,0.7655,2.7026,3.9532,0.8430,162.3103,1.7724,3.4618,0.5688,4.8189,0.8693,0.6996,1.9583,31.8326,2.8599,0.7219,2.7191,4.7888,1.5095,2.7527,0.8346,0.6486,0.7994,0.6652,4.3773,1.2544,1.9566,1.5750,5.1527,2.2800,5.7151,0.9480,1.2570,2.5264,0.7592,0.8553,3.2327,1.8583,0.7372,5.3562,1.3826,0.6878,1.5713,0.7956,1.2961,0.6654,5.6364,43.1398,1.7002,1.2010,1.8799,1.7731,1.5540,0.7619,1.0719,1.6637,0.9234,2.4259,1.8042,2.1069,1.5080,1.9373,1.1224,1.1433,2.4656,1.5107,10.6276,1.4832,1.2283,1.2980,1.1727,1.7334,1.8926,0.8728,97.5113,3.0080,0.7400,1.2841,0.8895,1.2161,1.0098,1.9468,15.3204,2.0065,1.1727,3.4974,1.6988,0.8207,3.6163,0.9002,2.4232,1.6898,1.8381,0.9509,0.8337,3.0979,0.9812,1.0091,2.0056,27.5359,5.6297,1.4735,0.6971,1.0247,1.2124,1.2357,1.8746,1.3537,36.0855,0.6946,1.9244,2.0589,0.6172,1.2405,0.7683,1.5804,1.9009,0.9530
17000,3.9567,0.9199,0.8635,0.6701,1.7655,1.5187,1.6543,2.3469,4.3267,0.7548,2.0549,2.8575,1.5012,3.6486,1.2348,2.5937,0.8509,1.2938,2.7036,3.3931,2.3887,1.3493,2.9636,0.6756,1.6690,2.8224,1.3217,2.3789,2.9867,1.6102,5.1385,3.2408,1.2019,2.0331,0.7227,0.6137,1.3756,12.6501,1.1530,0.7340,1.2612,1.4423,3.1648,0.8583,0.5820,2.1364,2.0001,1.8355,1.0599,1.0415,3.9882,0.9924,0.9870,0.6599,0.8934,4.5323,1.3264,2.1880,4.9891,3.1996,2.0006,0.6071,1.1404,2.3348,1.0105,1.2089,1.0946,2.8090,1.1303,1.7630,1.3824,2.3493,0.6338,2.3735,1.2572,1.4973,1.9036,0.9751,4.3378,14.4187,0.7267,5.0463,0.7510,0.5965,1.8382,0.8139,1.4692,1.0090,1.1107,1.5097,8.2854,0.7512,0.8182,0.9285,23.5468,0.9523,0.7419,1.9267,0.7387,2.0204,1.4572,3.8812,1.0350,1.9686,1.4309,1.6876,69.6978,1.4850,2.5038,1.5744,1.3376,0.7374,0.6543,1.0278,11.2661,3.5062,0.8398,0.8645,1.5071,1.0076,13.7635,1.0575,1.7671,2.4423,1.1102,1.6528,2.1999,1.5418,1.3071,2.6615,1.5406,0.9287,2.1109,1.4013,1.9485,1.1205,1.0409,3.3063,1.8004,3.2519,10.7881,1.2360,1.1736,1.5035,1.4190,2.1686,0.9337,0.9301,0.7195,3.8154,4.6081,0.8093,0.5859,1.3072,2.2501,4.7507,1.4220,2.5817,28.1910,4.0834,0.8095,0.7397,3.9539,18.2163,1.6398,2.6273,0.6935,0.7642,1.3045,1.2370,1.4091,0.8021,2.1526,1.4387,2.7032,3.8488,0.7455,0.6743,0.5448,2.0060,1.4215,1.4109,1.4819,1.7727,0.7884,1.6841,1.1694,1.4901,0.5905,3.3162,1.8754,1.0881,0.7518,2.8895,1.6458,1.1535,1.9521,1.6387,2.2790,0.7909,0.9061,1.5094,39.6953,2.7883,1.6170,4.7104,2.0551,261.8659,4.1903,2.0239,1.8816,24.0844,9.5753,2.6747,0.6653,2.9661,3.1379,2.0577,90.9150,0.8169,4.0121,49.1576,0.5443,2.4035,0.7114,7.9034,2.8267,1.1965,1.6855,0.7829,3.5762,2.0083,0.8738,2.0862,1.6160,1.9014,0.8372,1.1164,0.6703,1.9736,1.6098,2.5204,2.2086,3.4240,1.6443,2.0845,0.6442,3.6687,4.1881,1.2615,4.1430,2.4725,127.3844,1.0315,4.8585,2.4877,2.0081,1.2480,1.1391,3.7697,3.6319,0.8533,2.5077,1.3875,1.0394,0.8275,0.7310,3.0147,5.4341,1.5034,2.1136,0.7764,0.8187,1.0793,1.4369,1.0706,16.6770,0.5809,1.9526,1.3651,3.8819,1.1797,1.3620,3.4487,3.6476,1.0758,3.1202,2.2196,0.7265,1.2167,1.2911,2.1760,0.7511,2.7424,1.5823,2.9810,41.6320,6.2412,0.9828,2.8876,2.4835,0.8647,1.3999,1.4150,2.1615,0.7392,0.7966,2.3321,144.3594,0.6267,1.4040,4.4607,2.7475,2.2426,2.5710,1.1674,1.7422,3.5016,1.5829,1.3072,1.8479,14.1952,0.5726,1.6366,0.7607,1.5378,1.3066,1.0739,0.8704,3.0694,6.6466,1.7738,3.9456,1.6547,2.3682,1.9331,11.0766,3.1446,3.8752,1.0025,1.7695,1.7430,4.6651,0.8018,0.7880,1.5508,1.5422,1.4769,1.1023,1.1190,4.6331,0.9375,1.2206,1.7184,2.1116,2.0786,2.7787,1.7736,15.6190,92.3808,2.8070,2.0648,0.9672,9.6581,1.0983,0.9833,1.0901,1.5536,0.6766,5.6683,1.1856,1.1117,2.9937,2.6173,3.3009,1.0283,1.7093,1.0427,2.9062,1.2104,1.0563,1.5974,1.6349,8.0537,2.8971,14.7607,0.8819,1.1649,3.4404,3.7391,0.9604,1.9225,3.3529,1.2670,0.7967,0.9320,1.5809,3.0193,0.7855,159.4198,1.1270,3.1203,0.6147,4.2057,0.6650,0.6899,1.1898,29.3725,3.1136,0.6817,2.7884,4.6704,1.7030,2.6964,0.8369,0.7464,0.6919,1.6931,3.9624,0.8310,0.8848,1.3646,4.4725,2.0516,5.3022,0.9105,1.3903,2.0301,0.6665,1.0745,2.8998,1.7609,0.8023,5.2400,1.5987,0.7881,1.6880,0.8007,0.9131,1.3115,5.4823,40.7456,2.5829,1.0678,2.0221,2.3772,2.8950,1.1484,1.0130,1.5483,0.6493,2.5327,1.6798,1.3656,2.3821,1.2668,0.9411,1.1116,2.9604,1.0679,8.8336,1.0284,1.0679,1.3902,1.8279,1.5160,1.9610,0.7782,93.7023,2.9649,0.6736,1.4426,0.4810,0.9187,0.5581,2.7951,13.1915,2.0271,1.7639,3.3587,1.5772,1.1233,3.4259,0.9884,1.9775,1.5829,2.5409,1.4922,0.8793,3.3123,0.9150,1.0475,1.3733,26.1594,4.5806,0.9635,0.6596,1.3579,0.8371,1.4706,1.9930,1.2706,33.5452,0.7927,3.1111,1.7478,0.5997,0.8051,0.8440,1.3516,1.4864,1.3048
18000,2.9289,0.7995,0.8295,0.8087,1.4776,1.4247,2.0601,1.0858,5.0938,0.6461,2.1361,2.2582,1.2539,3.2659,0.8966,2.9985,0.7662,1.0515,2.5303,3.4089,2.2315,1.2638,3.1993,1.0033,1.7438,3.1950,1.1568,3.2516,3.4870,1.7860,5.5536,2.6199,0.8211,2.0545,0.8007,0.8948,1.5325,11.8457,1.1458,0.7698,1.6327,0.9903,3.3707,0.7866,0.5025,1.8328,2.1968,1.4249,1.1362,0.8143,3.6332,1.0438,0.7407,0.6431,1.1889,2.9604,1.4296,1.8403,5.3655,3.2880,1.4271,0.6819,0.9289,2.1477,1.3034,0.6264,1.0111,3.0143,1.0101,2.4212,1.5014,1.5455,0.5487,2.0640,1.1396,0.9937,2.8002,0.8015,3.8587,13.0404,0.7674,6.5583,0.8798,0.6105,1.0162,0.6441,1.9171,1.4369,1.1300,1.6230,7.5214,0.9468,0.7398,1.0133,22.3593,0.6104,1.4374,1.6149,0.9982,1.0318,1.4148,2.8691,0.6945,1.7686,0.8837,1.8444,70.2527,1.6905,1.5689,1.3998,1.3810,0.8009,0.9843,1.4232,9.9553,3.5471,0.6816,0.8491,1.3542,0.7857,11.7684,0.7749,1.7380,2.2245,1.4189,1.1413,2.1864,2.5219,1.4771,2.6539,2.4861,0.6477,2.5649,2.1383,2.3636,0.9480,0.7664,2.8121,1.8264,1.9162,10.3230,0.9414,1.8871,2.0647,1.4437,1.7475,1.0457,0.6845,0.7784,3.2338,4.4131,0.8366,0.6214,1.6525,2.4161,5.6255,0.8191,2.7507,27.1180,3.9386,0.7803,0.7663,3.9980,17.2934,1.5073,2.3562,0.8847,0.6593,1.1456,2.2142,1.7879,0.7445,2.6697,1.0626,2.6391,4.2897,0.8365,0.6221,0.6854,1.8486,0.8009,1.7952,1.5546,2.1828,0.8193,1.0879,0.8605,1.1364,0.7848,3.2584,1.6732,1.0023,0.6935,2.8336,1.4446,1.5334,2.6818,1.1283,2.0808,0.8280,1.0593,1.2676,38.7727,2.5883,2.3652,4.2991,2.2354,265.9541,5.1757,2.0719,1.2335,22.1070,9.0590,2.7849,1.1595,2.4986,2.8558,1.9755,90.2547,0.8548,3.8807,48.4506,0.8646,2.4210,0.9188,7.4054,2.7677,0.9957,2.6302,1.1107,2.7184,1.7841,0.8235,1.8019,1.8578,1.4365,1.3130,1.1066,0.7739,1.2461,1.6266,3.7985,1.2181,4.2755,1.0975,2.1708,0.5779,4.2448,4.9156,1.1989,4.3341,3.0541,128.2176,0.7023,4.7056,2.9688,2.6923,1.1726,1.5275,3.2529,4.0828,0.7144,2.2306,1.4387,0.9906,0.8054,1.0195,2.8459,4.8348,0.8851,2.4113,0.7410,0.8073,1.9941,1.4385,0.7421,16.2279,0.4858,1.9915,0.9465,3.4969,0.8542,1.0389,3.2017,3.1285,1.1062,2.8007,2.4899,0.6937,1.1629,1.5696,1.2115,0.7182,2.6880,1.9458,3.0264,40.1079,7.5320,0.8687,2.4420,1.8933,0.6697,1.7524,1.2958,2.8662,0.6261,0.8929,1.7876,145.3038,0.7545,1.2753,4.3421,2.6406,2.2424,2.3351,0.9420,1.8231,3.6632,1.0496,1.3794,2.3059,14.4396,0.6106,2.1582,1.0597,0.7161,1.4191,1.1920,0.7624,2.6696,6.3857,1.9147,3.8671,1.9131,2.8132,1.2511,10.5481,3.5322,4.1543,1.6812,1.4965,1.5796,4.0110,1.0529,0.7583,1.8599,1.5979,1.7158,1.0878,1.0854,4.7049,1.0835,0.7916,1.7884,2.5129,2.2156,3.4872,1.8553,13.8663,92.2174,3.2511,1.7951,1.0604,10.6895,0.8555,1.3538,1.6551,1.4884,1.3899,5.2770,1.2180,1.2376,3.4954,2.5995,3.5442,0.8171,1.9994,0.6486,3.5170,1.3157,1.0305,1.6350,1.7530,7.6971,1.9069,15.1217,1.8879,1.1563,3.6485,3.4598,1.0186,1.8314,3.3028,1.0319,0.9200,0.7391,1.7317,2.8926,1.4620,160.7319,0.8074,3.4769,0.7026,4.0362,0.7546,0.8462,1.5088,28.2049,2.4306,0.8420,2.9499,4.8091,1.7696,3.3282,0.7881,0.6327,0.6740,0.5602,4.3651,1.0716,1.3024,1.7802,4.1368,2.0727,4.9796,0.9607,1.5688,1.1457,0.7506,0.9363,3.3174,1.3017,0.7129,4.3345,1.4729,1.1176,1.9777,0.6709,0.8061,0.9330,5.7595,39.5749,2.3933,0.7474,1.9813,1.3754,2.4434,0.9174,0.7825,1.6380,0.8636,1.9772,1.7231,1.4144,1.4598,1.4125,1.1604,0.9044,2.6200,1.0781,8.8053,0.6559,1.6880,1.4721,1.6842,1.1148,2.0181,0.8716,95.0492,2.7665,0.8258,1.1738,0.7042,0.7474,1.2383,2.8276,12.2999,1.3247,1.5711,2.9990,2.5096,0.8992,4.1083,0.7151,1.5083,1.4806,0.9252,1.3691,0.9531,3.3006,0.9437,0.9249,1.0479,25.3429,4.4615,0.9559,0.7706,1.5218,0.9986,1.3453,1.9221,1.5430,33.7487,0.9909,2.9886,1.6305,0.7121,1.3852,0.7207,1.2016,1.3834,1.4752
19000,3.6512,0.9634,1.1706,1.2294,2.4192,1.0582,1.5738,1.7823,4.7274,0.6192,1.7543,3.0285,1.2115,3.8188,1.4527,3.0111,0.5748,0.9790,2.0483,3.7822,2.2511,1.5321,3.4960,0.9496,1.3703,3.7013,1.6674,3.3987,3.0441,1.4321,4.8703,2.9616,0.9851,2.3915,0.7253,0.7751,2.2764,11.5664,1.9843,0.7392,1.3007,1.3971,2.6838,0.7456,0.5539,1.0942,2.2566,2.2109,1.4009,1.0987,3.4618,0.9304,0.7223,0.7961,1.2154,3.1841,0.9942,2.2829,5.4348,3.3783,1.7080,0.6004,0.6566,1.6992,1.2722,0.6283,1.0354,2.9228,0.9711,2.1822,1.3160,1.4736,0.5664,2.3138,1.1165,1.7739,2.6752,0.8998,3.7710,11.7769,0.6768,5.7385,1.2542,0.7816,1.8277,0.6766,1.7165,1.6610,1.0526,1.2191,7.5417,0.7102,0.8093,0.7177,21.4095,0.7718,1.4993,1.9244,0.8251,1.7880,1.5108,3.0140,1.0093,1.2479,1.2532,2.8058,69.3003,0.9602,1.9360,1.5750,1.1850,0.5297,0.6612,1.3320,8.4098,3.8875,0.9025,0.8181,2.0834,0.8513,10.8817,0.8438,1.4107,2.6982,1.1257,1.9219,1.7701,2.4383,1.5253,1.9919,1.9724,0.8486,2.5215,1.0758,1.5902,1.2293,0.8142,2.0059,2.6140,2.0021,8.9250,1.5047,1.9815,2.0191,1.2200,1.8654,0.7659,0.6902,0.6275,4.5463,3.9083,0.7917,0.5281,1.3168,1.9119,4.4095,1.0176,3.1425,26.6587,3.0493,0.7788,0.8620,4.0406,16.9465,1.3254,2.5478,1.1628,0.7623,0.8483,1.9147,0.9255,0.8152,2.1569,1.3578,2.4214,4.7858,0.9388,0.6092,0.6498,1.5957,0.8644,1.1609,1.3874,2.3584,0.5906,0.9900,1.7706,1.2064,0.6455,3.0948,1.7138,0.8878,0.6307,3.7493,1.7012,2.3523,2.6575,1.3853,2.2937,0.9465,0.8885,2.0299,37.0107,3.4538,2.1466,4.4984,2.1462,269.2731,5.7858,2.0255,1.0675,21.0616,8.4155,2.9107,0.9142,3.1575,3.0589,1.9571,88.9091,0.7173,3.9212,47.1182,0.8413,1.2656,1.1191,7.5053,2.9092,1.0708,2.2523,1.3146,2.4876,1.4969,0.8047,1.6506,1.5097,1.5264,1.3296,0.9962,0.6556,1.1361,1.9523,3.3083,1.9755,2.9875,1.1967,1.1563,0.6095,3.8542,4.2859,1.5258,4.3208,2.5235,127.2090,0.5487,4.7636,3.1040,2.5968,1.0287,1.5651,2.9721,3.7889,0.8532,2.3232,1.0554,1.0408,0.9401,0.5460,3.1532,5.7673,1.0410,1.9947,0.6885,0.6582,2.2070,1.1163,1.5125,15.9797,0.5072,1.2639,0.8461,3.8208,1.9518,1.1191,2.6307,3.1361,1.0166,2.3155,2.1441,0.7401,1.3506,1.0634,1.6296,0.6521,3.0405,3.1995,2.4040,38.2558,6.5831,0.6404,2.7171,2.1232,0.7385,1.3257,1.2680,1.8412,0.6294,0.7384,2.2674,144.7143,0.6125,1.3025,3.9329,2.7012,2.1013,2.6318,0.7918,1.7461,3.9877,1.5097,0.8340,1.7653,13.5971,1.3130,1.5114,1.0579,1.7104,0.8502,1.1307,0.8424,2.6985,6.4671,1.6308,3.9296,1.5739,2.7958,1.1927,8.7108,2.3311,3.9089,1.2886,1.1683,1.0913,4.1257,0.9551,0.9363,1.8778,1.6453,2.0581,0.9733,1.2308,4.5717,1.0424,0.9043,1.5158,2.6778,2.3193,3.5937,1.2750,12.8424,91.9396,3.0415,2.3109,0.9710,9.0288,0.9357,0.8085,2.4119,1.0675,0.9785,5.2265,1.5166,1.3078,2.9667,2.4445,3.7998,0.8533,1.6420,0.6184,3.6106,1.6951,1.0421,0.7475,1.5037,7.4529,1.8061,15.0627,1.6717,1.1212,3.1197,3.4602,0.9427,1.9592,4.3149,0.8655,0.8184,0.7042,1.3434,3.0674,0.8186,160.9669,0.9544,3.6477,0.6477,3.6729,0.6969,0.5087,1.7367,27.4217,3.3110,0.7600,2.3517,4.2397,1.6117,2.5265,1.0116,0.8134,0.7287,1.0531,3.9435,1.1425,1.7276,1.1394,4.0782,1.4193,4.7998,0.8369,1.1934,1.7938,0.5566,0.9273,3.0281,2.0307,0.7482,4.4441,1.6891,0.9212,1.5135,0.8637,0.9060,0.7163,5.5680,39.0764,2.3339,1.0766,2.3072,1.2971,2.4068,1.1236,1.2151,1.7947,0.6195,1.5634,1.6159,0.9423,1.6977,1.2614,1.2629,0.7618,2.8522,1.3450,8.4475,1.1317,1.2598,1.4549,1.8024,1.6595,2.0464,0.9584,93.9436,2.4447,0.8822,0.9331,0.5695,0.7831,0.8038,1.9769,12.3804,1.4042,1.0743,2.5215,2.3038,0.9574,3.7576,1.2417,1.7682,2.4844,1.1798,1.0107,0.8390,3.4755,1.2558,1.0283,1.1667,25.1338,4.6909,0.8871,0.6997,1.2168,1.1637,0.8547,2.0871,0.8320,33.3307,0.8622,2.0955,1.8175,0.6700,1.1915,0.8285,1.2622,1.7896,0.8730
20000,3.0302,0.7316,0.8748,0.5279,1.9074,1.1604,1.8799,1.7620,4.1292,0.5747,1.9282,2.6221,1.4300,3.6496,1.5554,2.4821,0.5722,1.0133,2.2101,3.6595,2.1682,1.3659,2.9211,0.6891,1.0936,2.7577,1.2821,3.6576,2.8583,1.8514,4.7529,2.7987,1.1115,2.6533,0.5251,0.6268,1.8544,11.1718,2.4697,0.8051,1.0716,1.3743,2.7917,0.7865,0.4727,2.0792,2.6971,1.4551,1.1578,1.0528,4.0307,1.3582,0.8025,0.7201,1.3898,3.2012,1.3285,2.7147,5.1596,2.7385,1.8308,0.6645,0.7053,1.5832,1.3680,0.5400,0.9300,3.0918,0.8784,2.2090,1.0166,1.1622,0.5883,2.9529,1.0968,1.6650,2.5591,0.8144,4.4159,10.6359,0.7275,6.5122,1.4244,0.6470,1.4138,0.6362,2.0134,1.6957,1.0413,0.9097,6.3725,1.1041,0.8199,0.7202,22.1639,0.6184,0.9955,1.9185,0.7473,1.4135,1.2346,2.4712,0.7172,1.3007,1.3934,2.2154,69.3761,1.2061,1.9746,1.8321,1.0286,0.9291,0.6763,2.0418,8.4774,4.4705,0.7011,0.6119,1.3612,0.6013,9.9314,0.8272,1.0605,3.0667,0.9106,1.7820,2.3135,1.4093,1.4205,2.5068,2.0617,0.6961,2.2616,1.9403,1.2643,0.8878,0.9723,2.3741,2.3964,2.2934,9.1298,1.3098,2.2924,1.5619,0.8780,1.7432,0.6197,0.7408,0.8702,4.9143,3.9719,0.8472,0.4595,1.5161,2.3363,4.8055,0.7140,1.8192,25.4470,3.4009,0.7944,0.6661,3.8597,17.9469,1.7076,2.9500,0.6105,0.6466,1.0358,1.8727,1.3682,0.9910,2.7712,0.8966,2.9148,4.3744,0.9457,0.5665,0.8685,1.8991,1.2045,1.8511,2.0009,2.7218,0.6631,1.0710,1.3527,1.4618,0.9935,3.7136,1.5818,0.7539,0.7372,3.1788,1.4729,1.0807,2.3466,1.0517,2.1880,1.0985,0.8914,1.7898,35.5815,3.2118,2.1046,4.5856,2.0615,275.8178,6.4085,1.5174,0.8054,20.8391,7.9458,2.6302,1.2986,2.5120,3.0941,1.9804,89.8762,0.7347,3.1043,43.8706,0.4531,1.4813,0.7402,6.7487,2.5913,0.7849,2.0598,0.9130,3.0870,0.8815,1.0969,1.7376,1.6137,1.1384,1.0494,0.7775,0.7678,1.1436,1.4456,3.1862,0.9831,3.0325,1.2228,1.3228,0.6531,3.5895,4.5194,1.1094,4.8397,2.9972,129.4477,0.6915,3.9670,2.9786,2.5035,1.1526,0.8819,3.6176,3.4951,0.6966,2.5273,1.1326,0.7336,0.9436,0.6333,2.8686,5.1074,1.1228,2.1947,0.7847,0.8570,1.5773,1.5785,0.8081,15.4682,0.5044,2.2973,0.8740,3.3733,1.8858,1.0427,3.6181,3.9897,1.0133,2.5084,2.4518,0.8766,1.0319,1.3570,1.3126,0.7915,3.1150,2.3751,2.1102,37.7150,6.5046,0.7379,2.6954,2.3099,0.8150,1.2498,1.4035,2.3246,0.7025,0.6027,1.7463,147.7950,0.5677,1.6296,3.0756,2.5103,2.6410,2.1125,0.8467,1.5753,3.6619,1.0111,1.2979,2.1131,13.2342,0.9249,1.3370,1.3242,0.7877,1.1755,1.2650,1.0437,3.0701,6.0615,2.3552,3.6299,1.5264,2.2303,1.7164,8.0923,1.6135,4.0194,1.5587,1.2757,1.0757,3.1232,1.1301,0.8778,1.7894,0.5924,1.8684,1.0007,1.3147,4.1179,0.9394,0.8176,1.6029,2.4169,2.6133,3.4787,1.4448,13.2309,92.9825,2.3568,2.0889,0.6567,9.0006,0.9096,0.7234,1.5799,1.2524,0.8186,5.5342,1.6874,1.0173,2.7270,3.3074,3.2606,0.8837,1.7433,0.7171,3.6526,1.2370,1.2088,1.5859,1.5789,6.5664,1.8330,14.9251,2.0743,0.4229,3.4934,3.5699,0.8321,1.9328,3.9556,1.3403,0.7080,0.6455,1.9502,2.9188,0.6793,164.5081,0.7087,3.3268,0.7336,3.6378,0.7549,0.6654,1.4754,27.1884,2.3380,0.6968,2.0210,4.7641,1.1439,2.4053,0.8119,0.9492,0.6203,0.9153,3.3450,1.0230,1.5813,1.5367,4.2426,2.0429,4.9741,0.8890,1.0199,0.8877,0.4648,1.0863,2.7226,1.1419,0.6566,4.6804,1.1227,1.1879,1.8243,0.7312,1.4696,0.9229,4.7028,37.9693,1.4883,0.7516,2.0962,1.9069,2.6334,0.7804,1.1696,1.6860,0.5786,1.6260,1.7426,2.2292,1.0725,1.2032,0.9318,0.9033,2.9514,1.3939,8.2530,0.8731,1.3650,1.3244,1.7962,1.5586,1.5907,0.8635,93.4085,2.6298,0.7200,1.3898,0.6043,0.8330,0.5682,1.8593,11.4760,1.2732,1.8121,2.4519,2.0007,0.8009,3.6561,1.3298,1.8252,1.9494,0.9927,1.1886,0.9308,3.6144,1.1976,0.9281,0.9751,24.6970,5.0574,0.9915,0.9837,1.2642,1.0620,1.1787,2.2873,1.2393,32.2952,0.7942,3.3953,1.6085,0.6373,1.1673,1.0645,1.4704,1.6126,1.2053
21000,2.6174,0.7163,0.8926,0.5510,1.6007,1.4870,1.7651,1.5286,5.5094,0.6081,1.9151,2.7947,1.4086,3.2020,1.7913,3.0030,0.5325,1.1999,2.3504,3.4129,2.4211,0.8362,2.7474,0.7485,1.0539,3.1351,1.3313,2.9907,2.7050,1.3185,5.0125,3.0269,0.5543,1.9169,0.7127,0.7198,1.1566,11.1096,1.7200,0.6238,1.5127,1.7555,3.0715,0.6301,0.4561,1.7152,2.6715,2.6076,1.1139,1.6381,4.1117,0.8122,0.7869,0.6003,1.5258,2.5687,1.5339,2.5530,5.0189,3.0292,1.2318,0.5725,0.6970,2.1900,1.2401,0.4985,0.9230,3.5820,0.9918,1.2874,1.2115,1.8073,0.5448,1.9690,0.9931,1.1927,2.0424,1.2494,3.2835,9.3039,0.7143,5.7758,1.4357,0.5837,1.7935,0.4924,1.6480,1.4640,1.0905,1.1065,6.3432,0.7744,0.8102,0.6906,20.6044,0.7302,0.8905,1.6289,0.7607,1.8593,1.2786,3.4701,0.9208,1.7579,1.0715,1.8938,66.9660,1.5068,2.2339,1.4538,1.1524,0.6181,0.7151,1.0897,6.9940,3.4989,0.7268,0.7687,1.4537,0.8340,9.5545,0.7757,0.7188,2.6254,0.8590,1.4186,1.5652,1.3872,1.4179,2.2755,2.3316,0.6042,2.7567,1.2074,1.6792,0.6807,0.8102,2.2878,2.7968,1.5331,8.4177,1.6144,2.3914,1.9679,1.1500,1.6122,0.6854,0.7517,0.7107,4.3747,3.8593,1.1475,0.5215,1.3979,2.5544,4.6890,1.0586,3.2861,23.9015,3.0200,0.8836,0.9464,4.1566,16.3107,1.1267,1.8958,0.7488,0.5806,0.7553,0.8714,1.3153,0.6811,2.1542,0.8720,2.5983,4.4745,0.8370,0.6828,0.4922,1.5899,0.8234,2.5389,1.4340,2.3012,0.6711,0.9889,1.0487,0.7356,1.0042,2.6223,1.3479,0.9303,0.4538,2.8433,1.6113,1.5020,2.1372,1.1379,2.8106,0.8434,0.7996,1.5435,34.2009,3.5433,2.0918,4.4013,2.1346,271.3774,6.6665,1.4492,0.8995,18.9047,8.0490,2.6786,1.1202,2.4291,3.5701,1.8890,86.3569,0.8625,4.1807,42.8150,0.5682,1.8437,1.0912,6.4332,2.2691,0.7260,1.8475,0.6514,2.6690,1.4869,0.6639,1.5359,1.9245,1.4231,0.9147,0.6414,0.8677,1.6399,1.4042,3.1334,1.8922,3.3313,0.7593,0.9373,0.7307,3.0654,4.6164,1.3822,3.6726,2.5389,124.7589,0.7484,3.9625,3.1982,1.7670,0.9088,0.8584,3.4837,3.2461,0.6465,1.7718,1.1230,0.9167,0.8137,0.8170,3.0461,5.8558,0.9159,2.4767,0.5901,0.7961,1.8178,1.5364,0.9447,14.6996,0.4480,2.2597,0.6608,3.0688,1.6223,1.1353,3.1810,3.0743,1.0935,2.5269,3.1605,0.6482,1.3147,0.9973,1.7148,0.6943,2.4837,2.1567,3.2487,36.3764,6.0176,0.7469,2.4811,2.2675,0.8198,1.4181,1.2460,2.7363,0.6941,0.5387,1.7333,142.8031,0.5353,1.2071,2.9342,2.6097,2.7704,1.7746,0.6370,2.7225,3.6989,1.5150,1.0441,1.6208,12.2964,0.8075,1.4376,1.3557,0.7419,0.7091,1.3671,0.7311,2.8307,6.6646,1.5027,3.9366,1.6028,2.6926,1.8169,7.2478,2.3321,3.9207,1.1331,1.0468,0.8724,3.2318,1.0438,0.7525,1.3796,1.1128,2.1358,1.2064,1.5052,4.3530,0.8999,0.7829,1.4007,2.3428,2.1727,3.3571,1.4225,11.9870,89.9218,2.3833,2.4247,0.8200,8.1943,0.7676,0.6237,1.8817,1.3378,0.6069,5.3164,1.1758,0.9702,2.9421,2.3813,3.1887,0.5945,1.7454,0.6824,3.7782,1.2554,0.9703,1.3792,1.3995,5.8505,2.2341,15.4597,1.0036,0.3857,2.7207,3.2678,0.8964,1.9788,3.3937,1.1445,0.8901,0.7220,1.5336,2.8900,1.0337,160.4629,1.2603,3.2606,0.7744,3.3617,0.6318,0.3291,1.3075,26.2116,2.5765,0.4711,2.5065,4.4602,2.2090,2.3992,0.7790,0.9224,0.8379,0.9476,3.5629,0.7058,1.7626,1.5770,4.6387,1.9198,4.3176,0.6812,0.8289,0.9881,0.5215,1.0574,2.5853,1.7817,0.8906,3.9835,1.2069,0.9117,1.3815,0.6050,1.2966,1.2247,5.0043,35.9916,1.6092,0.7814,1.8704,1.9851,2.2291,0.7243,0.7341,1.7188,0.6141,2.0985,1.5804,2.0014,1.3860,1.1154,0.8749,0.7449,3.0254,0.9505,7.6415,0.9180,1.5835,0.8711,2.0392,1.2538,2.4313,0.8257,90.6373,2.5432,0.6774,0.9341,0.5934,0.8058,0.6837,2.3471,10.2652,1.3782,1.8282,1.9871,1.6366,0.6267,3.4350,1.1311,1.8332,2.5520,1.3704,1.2986,0.7412,3.3341,1.2286,0.8800,1.0272,23.2297,4.8836,1.0650,0.7271,0.8869,1.1722,1.2171,1.6919,1.6360,30.9094,0.7273,2.3672,0.9739,0.7584,1.3686,0.6721,1.4565,1.0967,1.6011
22000,3.1133,0.6249,0.7517,0.4894,2.0324,0.9434,1.8481,1.5693,4.1814,0.8658,1.5667,2.8194,0.9265,3.5330,1.1794,2.0754,0.6049,0.7645,2.4349,3.9299,2.2491,1.4201,2.5934,0.8453,1.6627,3.7527,1.0896,2.4427,3.1568,1.3198,4.5155,3.3847,0.6450,1.9209,0.6619,0.6670,1.1119,10.4268,1.0141,0.5258,1.6487,1.4579,2.5282,1.0329,0.4995,1.4339,2.2974,1.8240,1.1112,1.0559,3.5929,0.9952,0.6941,0.5499,1.4177,2.5000,0.9220,2.3353,5.2292,2.7908,1.5630,0.6899,0.6480,1.7140,0.8467,0.7424,0.6068,3.1351,0.7404,1.0886,1.2022,1.8027,0.4300,2.8401,0.9027,1.3825,2.2326,0.7517,3.6675,7.8501,0.7393,6.1427,1.4312,0.5592,1.7090,0.5209,1.4694,1.9314,1.0738,0.9722,6.5667,1.0820,0.9754,0.5930,20.5554,0.6200,1.2000,1.6968,0.7129,1.8999,1.6338,3.0026,0.8947,0.9501,1.0718,2.1660,67.2262,1.5834,1.7535,1.2638,0.7230,0.5208,0.7069,2.0323,6.6061,4.8072,0.5300,0.5956,1.6519,0.6866,8.5084,0.7571,0.6185,2.2799,1.1735,1.5537,2.0488,1.7417,1.0001,2.6023,2.3811,0.4787,1.9627,1.5547,1.2632,1.1343,0.9738,2.1984,2.4122,1.9535,8.5527,0.9544,1.8848,1.5584,0.7114,1.9132,0.5206,0.7081,0.6859,4.5248,3.7972,0.6934,0.4172,1.1897,2.0480,4.9508,0.6554,2.6771,23.2135,3.3393,0.8633,0.6500,3.6554,16.3830,1.3352,2.2532,0.6300,0.6119,0.9372,1.5926,1.4766,0.7735,2.5906,0.6954,2.1965,3.9163,0.7553,0.4709,0.4770,1.6406,0.7697,1.5392,1.4900,2.0454,0.7431,0.9609,0.8510,1.0155,0.7280,3.1924,1.2978,0.6446,0.6878,2.6579,1.5099,1.7812,2.7080,1.0257,1.8440,0.9824,0.8972,1.7793,34.0633,3.0375,2.2253,4.2841,1.7515,275.2324,7.1910,2.0458,0.8827,19.2355,7.4005,2.3511,1.4258,2.5120,3.2622,2.7741,86.7259,0.7099,3.8707,40.1298,0.4707,1.8959,1.1070,6.0523,2.2787,0.6506,1.8651,0.7183,2.2668,1.8940,0.9910,1.9999,2.0152,1.0812,1.0412,0.4320,0.5610,1.0967,1.4378,3.7916,1.4455,3.5662,0.8593,0.8397,0.5855,3.3329,4.6376,1.1125,4.0734,2.6060,125.8341,0.5344,3.8302,2.4963,2.2172,0.8420,1.0463,2.4991,2.7654,0.5626,1.9319,0.8982,1.2076,0.9195,0.6727,2.7967,4.9716,0.5334,1.9101,0.5633,0.5106,1.6144,1.4154,0.7783,14.0785,0.4885,1.9044,0.9050,3.2429,2.3969,1.2250,2.7195,2.8656,0.9769,2.5692,2.4721,0.4937,1.3254,1.0934,1.2728,0.5899,2.6679,2.4886,2.4431,35.4111,5.9522,0.9335,2.8271,2.7254,0.8780,1.5895,1.0595,2.0668,0.5803,0.6161,1.3539,144.4095,0.6241,1.4147,2.4831,2.4996,2.4038,2.5197,0.7282,1.6832,3.5959,1.6474,0.9153,1.4931,12.9872,0.8737,1.7413,0.9512,0.7369,0.9555,0.6638,0.9295,3.3393,6.2650,2.1518,3.8133,1.6500,2.6012,1.1531,6.5583,1.5721,4.2523,1.2198,1.3464,0.8064,3.2787,0.8958,0.6934,1.5356,1.4914,1.9643,0.9420,0.9288,4.6927,1.0136,0.5967,1.2638,2.7696,2.5257,3.6027,1.3096,11.8592,90.3120,2.4935,2.6288,0.8837,8.4668,0.7305,0.5949,1.8248,0.9416,1.2197,4.9251,1.7172,0.8554,3.5702,2.7927,3.1805,0.5284,2.2440,0.5237,3.2280,1.9100,0.8383,1.3942,1.2441,5.6739,2.3748,15.0542,1.6805,1.3026,3.0618,3.2794,0.9787,2.0254,3.5680,1.3898,0.6511,0.7982,1.9109,3.5275,0.7014,162.1429,1.2911,3.1785,0.5094,2.9200,0.7429,0.5744,0.8498,24.8111,2.4687,0.5040,2.1566,5.3275,1.4952,2.7937,0.5747,0.6518,0.6584,0.8626,3.4092,0.7090,1.2592,1.4562,4.8039,2.0607,4.7281,0.7165,0.8800,1.0391,0.5509,0.9668,2.8936,1.6878,0.5679,4.1804,1.5990,0.8780,1.3612,1.2984,0.7652,0.9632,5.2079,35.2404,1.6874,0.9789,1.6656,2.3050,2.0719,0.6919,0.7435,1.1088,0.6155,2.8530,2.0730,1.4580,1.2997,1.1296,0.9126,0.7479,2.8377,1.2258,7.5064,0.6511,1.5335,1.2426,2.7756,1.3996,1.5383,0.8018,90.8263,3.2203,0.5973,1.2987,0.4720,0.6526,0.5506,1.9821,10.1196,1.0916,1.7493,2.5129,2.1461,0.6086,3.4999,0.9385,1.6218,2.2716,0.8807,1.0938,1.1451,3.1404,0.9963,0.7304,1.0792,22.6575,4.9610,0.8290,0.7213,1.1865,0.6831,1.4193,1.7373,1.1801,30.4548,0.6840,2.7486,1.8412,0.6281,0.8680,0.6606,0.9458,2.0972,1.3946
23000,2.9729,0.6052,0.7163,0.5237,1.8677,0.9781,2.2012,1.5802,4.3645,0.6055,1.3871,2.2713,1.3762,2.8153,1.5407,2.8085,0.4925,1.3156,2.0638,3.5548,2.0877,1.2918,2.1540,0.6954,2.0055,3.4647,0.8329,3.3147,3.2017,1.2154,4.1533,3.3971,0.5568,2.4719,0.6310,0.8004,1.3992,9.4359,1.2606,0.9824,1.3028,1.3327,2.8034,0.5595,0.5655,1.8160,2.0673,2.4580,1.0916,0.7989,3.4817,0.9456,0.6286,0.5584,2.2255,2.4871,0.9587,2.7373,5.0817,2.3324,1.4527,1.1340,0.7683,1.3644,0.9613,0.6156,1.2040,2.7816,0.7583,1.0465,0.9498,1.8790,0.5194,1.7027,0.8948,1.3503,1.9095,1.0103,3.9275,7.3472,0.6542,5.9132,0.9663,0.4567,1.7843,0.7570,1.8839,1.5323,0.7727,0.9244,5.7826,0.3603,1.0890,0.5923,20.3593,0.4940,0.8842,1.1061,0.8967,1.4225,1.4518,2.9872,0.9200,1.4579,1.1753,1.9394,65.2771,1.2935,2.2761,1.5744,0.9253,0.4690,0.7431,1.3546,5.7841,4.0185,0.4749,0.5053,1.5054,0.9133,7.3508,0.7111,0.6325,2.4664,0.9994,1.6449,1.6910,1.5082,1.2076,2.4852,2.0772,0.5993,2.9622,1.4819,1.4946,1.0580,0.8604,2.0096,2.5879,1.9266,8.3321,1.1456,2.3842,2.3082,0.9742,1.5455,0.4734,0.7986,0.6190,3.9493,3.6687,1.7109,0.4339,1.6121,2.3709,4.8644,0.8263,2.2319,22.1333,3.1487,0.7390,0.7812,3.5071,16.0382,1.9903,2.0455,0.7111,0.5063,1.3876,2.0429,1.3648,0.8071,2.4344,0.6410,3.0530,3.5964,0.7448,0.5109,0.5139,2.0185,0.9254,1.8314,1.5601,1.9423,0.6816,0.8362,1.0878,1.0138,0.8110,2.7379,1.9515,0.7597,0.4884,2.8399,1.2605,1.5802,3.3046,1.0407,2.5631,0.9480,0.9287,0.9090,32.1785,2.6264,2.0452,4.2521,2.0976,271.0355,6.7723,1.2833,1.1748,18.3818,6.2838,2.0880,1.2192,2.1673,2.5891,1.8742,84.6116,0.7654,3.7566,38.4296,0.6848,1.8886,1.2462,5.4029,2.5980,0.9230,2.2869,0.6662,2.3260,1.5590,0.7391,1.4924,1.5749,1.3194,0.8154,0.6886,0.5863,1.5631,1.4998,3.4381,1.6508,2.2806,0.5034,0.7625,0.5257,3.4447,4.2993,1.0403,3.5982,2.5609,123.0539,0.6676,3.5376,2.3839,1.9972,0.7632,0.8267,2.7456,2.8523,0.6529,1.7487,1.2112,1.0985,0.6654,0.4641,3.0008,5.0291,0.4792,1.5110,0.7647,0.7068,1.0236,1.0994,0.8788,13.3446,0.5456,1.8043,0.7120,3.1523,2.3519,1.2005,2.8246,2.8701,0.9401,2.5274,2.3176,0.6502,1.4761,0.6988,1.6032,0.5129,2.9411,2.0816,2.3397,34.3888,5.6211,0.8895,2.7900,2.8555,0.7485,1.3718,1.3096,2.0959,0.6456,0.7740,1.4815,141.5787,0.5300,1.4764,2.4932,1.9638,2.1628,2.4030,0.7439,1.8405,4.0544,1.9895,0.6838,1.7161,12.6352,0.7945,1.4305,0.6297,0.6896,0.9001,1.1358,0.6574,2.8609,6.4604,2.0837,3.4157,1.3034,1.8290,1.6426,5.9858,1.5858,3.9852,0.9999,1.3577,0.5397,3.0533,0.9608,0.7820,1.1765,1.3521,2.2034,0.8950,1.1623,4.5643,0.8776,0.6285,1.2257,2.2643,2.3758,3.3531,1.8100,11.0402,88.5774,2.2481,2.6938,0.7687,7.4289,0.7456,0.6516,1.5383,0.9131,0.7679,5.1907,1.1219,0.9041,2.2784,2.5856,3.3469,0.6837,1.3827,0.5366,3.8706,1.4798,0.7485,1.3534,1.4923,5.3239,2.1064,14.5057,2.0759,0.9839,2.9338,3.3724,0.8117,1.9255,3.3189,1.6698,0.8621,0.7788,1.5292,2.7839,1.2087,159.4042,0.9349,2.8994,0.4100,3.0297,0.5700,1.0670,1.1019,24.5942,2.6999,0.5108,2.4320,4.9353,1.4578,2.2113,1.1220,0.6221,0.6831,0.9272,3.0043,0.9589,1.1214,1.5228,4.5488,1.9482,4.6456,0.8292,0.8294,1.1674,0.3905,0.8317,2.8473,1.4299,0.4759,4.2550,1.3225,0.6499,1.3714,0.4828,1.0467,0.5500,5.6337,33.8356,2.0735,0.6713,1.6107,1.7955,2.1394,0.7886,0.9491,1.2716,0.6370,2.0219,1.9953,1.4053,0.8247,0.9623,1.0986,0.7487,2.3094,1.2639,7.1361,0.7111,1.5830,0.9541,2.2606,1.9665,2.0335,0.8680,87.8911,2.8986,0.5090,0.8370,0.4726,0.7341,0.5510,2.4503,9.6511,1.2155,1.6304,1.9310,1.9248,0.6054,3.3219,0.9979,1.7058,2.1159,1.2415,0.9864,0.7176,3.1743,1.1794,0.9161,1.0050,22.1239,4.6808,0.7797,0.6063,1.0596,0.7544,1.5105,1.4055,0.7964,29.4071,0.7477,2.6418,1.1764,0.4819,0.9309,0.6180,0.7551,1.9817,1.5720
24000,2.9301,0.6082,0.8048,0.5541,1.4946,1.0401,1.6722,1.7904,4.6594,0.7061,1.5066,2.2495,1.3951,2.7958,1.3051,2.2109,0.5407,1.4190,1.8489,3.7033,3.0365,1.3513,2.2662,0.5399,1.9295,2.4224,1.2956,2.5358,2.8519,1.4750,4.1599,2.6792,0.4681,2.3133,0.5114,1.0137,1.0375,9.4409,1.1854,0.8720,2.2408,1.1686,2.7539,0.8533,0.5127,1.8630,1.8468,2.1761,1.1165,1.0885,3.5287,0.7778,0.5870,0.5100,1.5456,2.6278,0.8667,2.2152,4.7133,2.8538,1.4841,0.8822,0.5863,1.3844,0.8538,0.5348,1.4233,3.0147,0.6828,1.4227,1.1668,1.8498,0.5396,2.3389,1.1942,1.0628,1.9164,0.5330,3.2610,6.4643,0.6594,6.5099,1.0777,0.5570,1.4382,0.5553,1.7734,1.4942,0.7161,1.4299,5.9786,0.5759,0.6407,0.5652,20.6415,0.4919,1.0008,1.5980,0.7303,1.2810,1.0657,2.8287,0.7504,0.9637,1.1242,1.9793,63.6531,1.2400,2.0741,1.3598,0.8236,0.5734,0.5277,1.1122,5.9197,3.9590,0.4779,0.8316,1.7644,0.6532,6.8006,0.6764,0.5538,2.5619,1.1815,1.7262,1.6424,1.4186,0.9680,2.3421,1.4058,0.5295,2.0317,1.6207,1.3509,0.9852,0.7394,2.4519,2.5595,1.4390,6.8833,1.3447,2.1369,1.9553,0.6615,1.3961,0.4948,0.9049,0.6329,4.3944,3.2348,1.3814,0.3932,1.6223,1.6723,4.2001,0.7242,2.9280,21.3046,2.9288,0.6870,0.8982,3.7973,15.2019,0.9974,2.2266,0.7930,0.5410,1.2387,1.6992,1.5302,0.6584,2.3142,0.9461,2.3891,3.2474,0.7204,0.4364,0.7243,1.6720,1.3527,1.3728,1.9019,1.9838,1.0115,0.7967,0.8311,0.7827,0.5893,3.0349,1.3015,0.7803,0.4604,2.7119,0.9257,2.1153,2.2702,1.2250,1.8965,0.8535,0.7287,1.5302,31.3069,2.9517,1.4382,4.2999,1.9600,268.5199,5.9385,1.4843,1.3496,17.2058,5.7520,2.0198,1.0331,2.5760,2.7587,1.6842,83.1558,0.7456,3.5878,36.3835,0.4157,2.2159,1.6306,5.6806,2.4308,0.9384,2.4775,0.8301,2.4723,1.2125,0.8368,2.0230,1.5887,1.2670,0.6079,1.0254,0.7208,1.0103,1.3993,3.6409,1.5882,2.5439,0.7111,0.7948,0.5072,2.5709,3.7027,0.8478,3.9394,2.6680,120.5774,0.8923,3.0361,2.2529,2.0918,0.7158,0.7871,3.1270,2.8417,0.7394,1.6020,0.7209,0.5931,0.7534,0.7042,3.2440,5.4118,0.4697,1.2195,0.6175,0.5416,1.3991,1.4333,0.8554,13.0002,0.3828,2.2165,0.6627,2.6602,1.9615,1.1157,2.7447,2.9867,0.9088,2.6246,2.0488,0.4403,1.2686,0.6294,1.0641,0.4764,3.0194,2.4657,2.4087,33.9296,5.6876,0.8033,2.5148,2.1364,1.1532,1.5711,1.4760,1.8215,0.8971,0.8593,0.9438,138.9442,0.4910,1.3151,2.0383,2.4756,2.5914,2.1851,0.6722,1.5708,4.0320,1.7519,1.0609,1.3848,11.6982,0.7540,1.2599,1.2659,0.6070,1.1879,0.6912,0.8916,3.1633,5.9410,1.8625,3.5290,1.5902,1.3761,1.9563,5.2668,1.0304,3.7092,1.1735,1.3097,1.0222,3.0145,1.0161,0.6737,1.1870,1.4530,1.5852,0.6755,1.2043,4.3530,0.9371,0.5716,1.2067,2.0186,2.1454,3.0846,1.7702,10.1753,87.5290,2.5204,2.4880,0.6865,6.9489,0.5755,0.6050,1.4668,1.3162,0.4275,5.4763,0.8195,0.9525,2.1694,2.2290,3.1447,0.5144,1.5041,0.5704,3.5108,1.0351,0.7237,1.5216,1.1096,4.9628,1.8334,14.0174,1.5252,0.5476,2.5003,3.6217,0.8288,1.8211,2.8177,1.3725,0.6595,0.6150,2.1660,2.8258,0.5748,156.9413,1.1737,2.4306,0.5348,2.5769,0.6662,0.3114,1.4190,23.5595,2.5237,0.6339,2.2649,4.8705,1.2839,2.6992,0.6504,0.6858,0.4962,0.6011,3.2068,0.7314,1.3496,1.0205,4.6702,1.7836,4.6771,0.7750,0.6759,1.3210,0.4605,1.1010,2.2916,1.8488,0.6463,4.2958,1.7765,0.7245,1.0610,0.5060,1.2483,0.8329,5.5705,33.0173,1.7100,0.5782,1.8045,1.6726,2.0813,0.8061,1.0919,1.0662,0.4855,2.2901,1.3353,1.6469,1.0509,0.7785,1.1719,0.6680,2.7457,0.9160,7.0009,0.6114,1.3948,1.1087,1.9912,1.3921,1.1568,0.7859,85.8140,3.0445,0.5908,0.8885,0.6345,0.5463,0.5859,2.2410,9.3327,1.1791,1.5469,2.4916,1.6509,0.4676,3.0684,1.1896,1.7218,2.5806,1.2414,1.2263,0.6964,3.2664,1.4142,0.7900,1.0157,20.8983,4.3378,0.6995,0.5975,1.1272,0.9066,1.6270,1.8329,0.9239,27.9445,0.5940,2.4027,1.4647,0.6023,0.9349,0.6367,0.8504,1.2759,0.7842
25000,2.7783,0.7650,0.7922,0.5492,1.2089,0.9147,1.5033,1.7780,3.5861,0.6744,2.0538,2.2890,1.0307,2.9311,1.2300,2.2550,0.4445,0.9710,1.6380,3.2782,2.5550,1.3321,2.5885,0.5891,1.4394,2.9732,0.9692,2.9647,2.4697,0.8542,3.8542,3.3614,0.6301,1.8217,0.4673,0.6576,1.0554,9.5793,1.4191,0.6090,1.2793,1.1558,2.8014,1.1011,0.4687,2.0821,2.1767,1.5261,1.0752,1.3356,3.3981,0.6867,0.5897,0.4555,1.4647,2.5070,0.5868,1.8552,4.7907,2.3518,1.2969,0.6721,0.8244,2.2178,0.8519,0.6960,0.9603,2.7323,0.7160,1.5067,0.9233,1.7048,0.4641,1.8375,0.8634,1.0764,1.7227,0.7389,2.5939,6.3346,0.6929,6.1041,0.7226,0.4504,1.7575,0.3700,1.6188,1.4159,0.7198,0.6884,5.8809,0.9037,0.9807,0.5117,20.3008,0.9614,0.9054,1.5322,0.7400,2.1361,1.1267,3.1965,0.8738,1.1850,1.3066,2.1795,62.3529,1.0778,2.4197,1.6582,0.9093,0.5972,0.7098,1.4179,5.7383,4.4748,0.4789,0.6165,1.3193,0.7005,6.8563,0.6847,0.6165,2.5930,0.9968,1.5268,1.3661,1.2953,1.1524,2.2273,1.1704,0.5771,2.2117,1.4526,1.4696,0.8172,0.6586,2.3833,2.9366,1.7133,6.8391,1.6147,1.9781,1.5802,0.8130,1.8422,0.5745,0.7078,0.6175,4.0105,3.1218,1.4284,0.4757,1.6428,1.9781,4.0981,0.8111,2.5291,20.6482,2.5978,0.5517,0.6582,3.0603,14.7858,1.1494,2.1920,0.8435,0.5184,1.0475,1.3588,1.6270,0.7029,2.4890,0.8588,2.2185,3.1019,0.6052,0.5207,0.4456,1.7836,0.7994,1.4560,1.8813,2.4434,0.5396,0.7797,0.7946,0.7614,0.6854,2.8729,1.2605,1.1976,0.5373,2.6727,0.7320,1.8585,1.9048,1.1481,1.5589,1.0747,0.8777,1.9585,30.3718,2.6735,1.6535,4.0973,2.0780,266.6807,6.4766,1.1452,1.1716,16.4625,5.7964,2.1136,0.6954,2.1358,2.7631,1.7293,81.3679,0.7758,3.5785,34.4680,0.4179,1.7978,0.9349,5.1219,2.5243,0.8819,1.5943,0.6624,2.7125,1.8585,0.6199,1.3043,1.9302,0.8458,0.7088,0.6628,0.5598,0.9529,1.0483,3.4117,1.2168,2.7489,0.5115,0.7632,0.4461,2.3564,4.0559,1.0179,3.3565,2.6939,119.7822,0.8477,3.0645,2.3596,2.3204,0.7949,0.6712,2.8226,2.7639,0.8869,1.2517,1.0913,0.6307,0.6915,0.5578,2.4544,4.5742,0.4761,1.6111,0.5884,0.5225,1.6374,0.8151,1.0426,12.1862,0.4768,1.9342,0.6107,2.8958,2.1770,1.4640,2.8693,3.4299,0.8288,2.9519,2.3465,0.5692,1.6460,0.7381,1.1112,0.5446,2.3512,2.3167,1.9352,32.6206,5.2886,0.5217,2.3324,1.7981,0.9751,1.3767,1.6194,1.7955,0.7507,0.5726,0.9921,138.1413,0.5801,1.0981,1.5796,2.4994,2.0569,2.3720,0.6722,1.4649,3.7317,1.5654,0.7777,1.2021,11.3153,1.1095,1.1932,0.9605,0.6052,1.2387,0.8663,0.9807,2.7855,6.1378,1.6543,3.5479,1.3523,1.7845,1.4754,5.0595,1.3991,3.4173,1.3319,0.9373,0.7225,2.7449,1.1834,0.7520,1.0015,1.2292,1.8665,0.7924,1.3919,4.3841,0.9131,0.6355,1.0660,1.9998,1.8083,3.2853,1.9250,10.3771,85.7742,1.9789,2.7037,0.7741,6.7767,0.7444,0.6055,1.1910,1.1345,0.9652,5.0570,1.3935,0.7683,2.4809,2.6756,2.5963,0.8379,1.7149,0.7352,3.5124,1.1147,0.8258,1.5522,1.0971,4.3034,0.9914,13.6230,1.5017,0.8768,2.6109,3.5929,0.7593,1.7584,2.9465,1.7152,0.5741,0.5270,1.2913,2.7506,0.6232,156.3931,0.8953,2.9539,0.4171,2.8506,0.6271,0.4061,0.9678,23.0143,2.5920,0.5805,2.4838,4.6611,1.8074,2.5893,0.7455,0.7361,0.4918,0.8591,3.1341,0.8322,1.5512,1.0327,4.3087,1.8209,4.2415,0.7756,0.7198,0.7300,0.4262,0.8994,2.9552,1.2934,0.4619,4.0033,1.4285,0.8047,1.1690,0.5477,1.4434,1.1113,5.0522,32.5516,2.0226,0.8513,2.4692,2.0505,2.5353,0.6201,1.0235,1.0690,0.6003,1.8409,1.5107,1.3005,1.0793,0.8480,0.7797,0.6727,2.5852,0.6395,6.4825,0.5710,1.3950,1.0919,1.9885,1.7731,1.8100,0.7629,84.6363,2.8067,0.5247,0.9051,0.4215,0.6562,0.5603,1.8130,8.7170,1.7988,1.5614,1.8476,1.7781,0.4786,3.3937,1.0273,2.0580,2.0710,1.1298,1.1499,0.6190,3.0263,1.0985,0.7222,0.9063,20.1990,4.2211,0.8472,0.9351,1.0251,0.8002,1.5273,1.5700,0.7435,28.0634,0.5945,2.8545,1.3666,0.5363,1.4672,0.6504,0.8721,1.3198,0.9588
26000,2.5762,0.7137,0.6842,0.5721,1.9404,0.9419,1.9681,1.8227,4.6442,0.5322,1.9057,2.5977,1.3663,3.1137,0.8331,1.9840,0.5031,0.9472,1.9816,3.1429,2.2641,0.8497,2.1278,0.5341,1.8240,2.6377,0.9419,2.5742,2.4427,1.4489,4.2533,3.2319,0.4288,2.3492,0.6091,0.7984,0.8824,9.6377,1.5512,0.8479,1.7132,1.1182,2.4088,0.6307,0.5229,1.8172,2.4027,1.8693,1.0583,0.9402,3.0117,0.9549,0.6491,0.4973,1.1833,2.5627,0.7277,2.3182,4.6348,2.2766,1.5789,0.5180,0.4155,1.6740,0.8327,0.5595,0.6468,2.4850,0.8326,1.4364,0.7797,1.9919,0.5707,2.5885,0.8900,1.2019,1.8756,0.6343,2.9579,5.7637,0.7080,6.9495,1.5548,0.5773,1.1780,0.5737,1.6651,1.6862,0.9652,0.9286,6.0975,1.1520,0.7546,0.6024,20.4366,0.6185,0.7648,1.1874,0.9651,1.3512,0.9642,3.3881,0.8226,1.0833,1.2946,1.8857,62.9046,0.7713,2.1883,1.3316,1.0546,0.5495,0.8551,1.1577,5.6397,3.9722,0.6718,0.7829,1.6567,0.6788,6.7955,0.6713,0.5258,2.2354,0.9079,1.8216,1.5801,1.2292,1.2031,2.3483,1.4563,0.6312,1.6944,1.6359,1.4990,0.6114,0.8081,2.2214,2.8476,2.1800,7.0305,1.4190,1.9756,1.8886,1.1214,1.8288,0.4861,0.6193,0.5776,4.0207,2.9210,1.2864,0.5500,1.6978,1.9860,4.1323,1.0997,2.8319,20.7929,1.8510,0.8511,0.7742,3.6798,14.7296,1.6410,2.2963,0.6117,0.4535,0.9368,1.4199,1.2017,0.6017,2.7374,0.9795,2.4625,3.3996,0.6784,0.5250,0.7314,1.9867,1.0413,1.4190,1.4239,2.0736,0.5319,0.7958,0.8045,0.9758,0.5372,2.7726,1.0432,0.6420,0.4574,2.8530,0.8579,1.5588,2.1844,1.1330,2.1117,1.1387,1.1881,1.7974,30.9898,3.0415,1.8018,4.6236,1.7027,270.9736,6.5728,1.4497,1.0818,16.5554,5.3448,2.2230,0.7322,2.6935,3.1147,2.2044,83.0600,0.6688,4.1637,33.2849,0.4297,2.2930,1.6995,5.0696,2.6353,0.8908,1.7146,0.8406,2.5517,1.7246,0.6696,2.1027,1.7784,1.1618,0.6641,0.9833,0.6699,0.9661,1.2419,3.6393,1.6177,2.4047,0.7786,0.8017,0.5254,2.8273,3.8679,1.3529,3.3579,3.0031,121.1643,0.8518,3.4744,2.2865,2.0650,0.8296,0.6798,2.4398,2.4127,0.6592,1.8285,0.9451,0.7960,0.6379,0.6009,2.2193,4.9078,0.4377,1.5298,0.5069,0.6404,1.1899,0.9788,1.0731,12.7177,0.4523,1.9082,0.7491,3.1851,2.0030,1.0748,3.0522,3.2832,0.8560,2.6712,2.2970,0.5723,1.4110,0.8167,1.7502,0.6556,2.5041,1.9487,2.4094,33.1014,5.3444,0.6060,2.2596,1.9269,0.8471,1.5941,1.2845,1.9191,0.6102,0.5582,1.1586,139.7751,0.4922,0.9206,1.5948,2.4549,2.6093,1.9970,0.5432,1.8145,3.4450,1.7072,0.8138,1.1747,11.3942,1.1514,1.4059,1.4281,0.6449,0.8638,1.2315,0.5995,2.6925,5.8124,1.8936,3.2981,1.3659,2.3442,1.3756,4.6716,1.1718,3.6664,1.0122,1.2728,0.6417,2.7047,1.1302,0.5787,1.2413,1.0120,1.8497,1.2414,1.0581,4.5956,0.6843,0.5842,1.6761,2.1133,1.8636,3.1726,1.9461,9.5164,87.8240,2.0583,2.5476,0.7017,6.8112,0.9524,0.5701,1.5532,1.9979,0.4611,5.5202,1.0586,0.8446,2.4203,2.7021,2.3074,1.0101,1.3516,0.5248,3.2399,0.9795,0.8686,1.3133,1.3490,4.0452,1.1339,13.9314,1.7390,0.5861,2.8608,3.7772,0.7678,1.6515,2.9167,2.1271,0.6536,0.5814,1.7624,2.5671,0.6221,159.2496,1.1567,2.7531,0.4033,2.6988,0.5168,0.5146,0.7730,23.6495,2.8868,0.5115,2.2421,4.5886,1.6506,2.3609,0.5946,0.7189,0.5412,0.7453,3.4519,0.8921,1.0653,0.8849,4.2102,2.0040,4.0663,0.8002,0.7728,1.3417,0.3563,1.1241,3.1609,1.1557,0.5883,4.1610,1.5093,0.6515,0.9437,0.6647,0.7305,1.0611,5.1527,31.9746,2.1218,0.6243,1.8181,1.9479,2.1862,0.7766,0.9677,0.9329,0.5385,2.1349,1.4777,1.4036,1.0828,0.9163,0.9521,0.6006,2.3055,0.8769,6.4751,0.6659,1.2370,1.8486,1.6563,1.9001,1.6247,0.6578,85.7833,2.3856,0.5838,1.2005,0.4692,0.6824,0.5614,1.8917,8.6473,1.3261,1.6027,1.6989,1.2920,0.5220,3.8440,0.9229,1.8125,2.2765,1.2200,1.0422,0.5018,3.2638,1.0107,0.6251,1.0077,20.6626,4.6225,0.7092,0.7918,1.0866,0.6902,1.4135,1.6144,0.7887,28.4168,0.5472,2.6608,1.5402,0.6071,1.1301,0.5234,0.8225,2.3084,0.8796
27000,2.9077,1.1061,0.8054,0.4248,1.5231,0.9520,2.2503,1.6800,4.8125,0.6001,1.8782,2.3544,1.3454,3.0135,0.6868,1.9335,0.5071,0.9181,1.8064,3.5032,2.3847,0.9225,2.3194,0.4907,1.9046,2.4705,1.2444,2.9125,2.4083,0.8850,4.7910,2.9838,0.4506,2.9614,0.3942,0.6751,0.7381,9.6049,1.5258,0.6128,1.8487,1.0810,2.6496,0.5914,0.4334,1.5448,1.9183,1.6746,0.9446,1.3707,3.7476,0.7666,0.5381,0.4888,1.1731,2.8154,0.4123,2.6099,5.0189,2.3018,1.4797,0.7880,0.6452,2.0608,0.6473,0.6500,0.5847,2.8445,0.6390,1.7696,0.7752,1.9064,0.5469,2.6183,0.7866,1.3399,1.5457,0.7332,2.8794,5.7131,0.8213,6.1593,1.3585,0.4146,1.2625,0.5541,2.3415,1.0785,0.8045,0.5827,5.9613,1.2166,0.5886,0.5573,19.8117,0.6639,0.7924,1.3719,1.2345,1.8941,1.0494,2.9839,0.9466,0.6975,1.3754,2.4531,61.8490,0.8848,1.8546,1.7148,0.9326,0.5338,0.6352,1.7171,5.2438,4.2034,0.4994,0.6701,1.8437,0.8405,6.2447,0.5750,0.5796,2.0136,1.1559,1.8614,2.0502,1.5360,1.3557,2.1614,1.6673,0.5419,2.3482,1.0013,0.8534,0.9992,0.7248,2.1705,2.8297,1.7767,6.3217,1.6054,1.6057,1.6413,1.0832,1.5942,0.5331,0.7926,0.5484,3.6313,2.5752,1.6098,0.3720,1.1882,1.6234,4.4598,0.7674,2.7108,19.9083,2.4850,0.6835,0.7109,3.0052,14.3494,1.4571,2.4021,0.7348,0.5047,0.8835,0.9215,1.4490,0.5828,2.3554,0.7264,2.1915,3.6926,0.6301,0.5761,0.6205,1.6890,1.1375,1.4982,1.9272,2.3682,0.5328,0.7163,0.8671,0.7334,0.4700,2.9844,1.3172,0.9411,0.5046,3.0478,0.7227,1.7699,2.0378,1.1444,2.1870,0.8414,0.9258,2.1470,29.1243,2.6926,1.6329,4.5399,2.0660,269.7381,6.6160,1.4104,0.7151,16.0909,5.2047,1.8618,0.6856,2.3315,2.8157,2.1959,81.4856,0.6669,3.6291,32.5740,0.4345,2.0431,1.3441,4.9270,2.8357,0.7905,1.5343,0.6055,2.2806,1.8472,0.9758,1.8632,1.4757,0.7246,0.8296,0.9131,0.7904,1.0238,1.0733,3.3801,1.5258,2.3552,0.7513,0.8851,0.4736,3.1034,3.7937,0.9069,2.8926,2.3925,119.3419,1.0568,3.1950,1.7777,2.1803,0.7188,0.8029,2.6705,2.8209,0.6798,1.7843,0.7790,0.6476,0.8162,0.5118,2.7295,4.8937,0.4964,1.6647,0.4761,0.5130,1.9264,1.2179,0.6244,11.8896,0.3678,1.6477,0.6544,3.1406,2.5823,1.3978,3.0940,3.1488,0.8136,2.7038,2.3698,0.4873,0.7366,0.7381,1.0211,0.4799,2.7150,2.1700,2.5065,31.6334,5.3278,0.8765,2.9575,1.7081,0.9642,1.3943,1.3153,1.9026,0.5185,0.4603,1.8281,138.4471,0.3704,1.3923,1.9178,2.2665,2.3653,2.1221,0.7821,1.8175,3.7561,1.4840,0.8262,1.3384,12.0771,0.7512,1.1323,1.0749,0.5655,1.0436,0.5443,0.6485,3.0970,5.7140,1.7067,3.2412,1.1858,2.2316,1.7515,4.4082,0.6911,3.8961,1.2656,0.9424,0.8425,3.1808,0.8925,0.6454,1.3738,0.8799,1.8811,0.8297,1.0303,4.2800,0.6327,0.6220,0.9947,2.2105,2.1604,3.0916,1.8547,9.4179,86.2262,1.8596,2.4963,0.5935,6.2045,0.8997,0.5541,1.5140,1.7363,0.8640,5.6365,1.8573,0.6949,2.2093,2.2616,2.2724,1.2795,1.7995,0.4437,3.5314,1.3287,0.6885,1.2634,1.3080,4.3191,1.0251,13.3711,1.4986,0.8731,2.4737,3.1921,0.8277,1.7496,2.7716,1.8752,0.4949,0.4617,1.7637,3.0308,0.6018,157.1987,1.1726,2.6169,0.4879,3.1562,0.5752,0.5189,0.9606,23.3286,2.2221,0.4874,2.2219,4.3185,1.6092,2.3048,0.5644,0.4801,0.5519,0.8138,3.2244,0.8768,1.0299,1.6050,4.1074,1.7329,3.9977,0.9592,0.6070,1.0903,0.3619,0.8957,2.6191,1.2111,0.6598,4.1164,1.6683,0.7225,1.3538,0.4496,1.4817,1.1734,5.4091,31.4189,1.9905,0.9141,1.7500,1.7966,2.0586,0.9418,1.1062,1.4473,0.5878,1.8285,1.0230,1.3093,0.9067,0.9695,0.9221,0.6259,2.0121,1.0181,6.4135,0.5484,1.4069,1.1775,2.3065,1.6859,1.3931,0.6676,83.4762,3.0113,0.5560,1.4717,0.4840,0.5977,0.5778,1.8229,8.2504,1.0578,1.4956,1.6143,1.5018,0.4840,3.6178,1.1032,1.3011,2.4604,1.0175,0.6797,0.4485,3.1553,0.9506,0.6737,0.9362,20.0519,4.2308,0.6229,0.5480,0.9347,0.6733,1.1761,1.5265,0.8711,27.1252,0.5457,2.4979,1.7885,0.5351,1.1135,0.5580,0.9956,1.7395,0.6852
28000,2.3393,0.8775,0.7648,0.4998,1.4038,1.0557,1.9479,1.5730,3.8917,0.7816,2.1059,1.9903,0.9460,2.9469,0.6535,2.1465,0.4580,1.1276,1.5206,3.1861,2.1094,0.9867,2.6028,0.5257,1.5954,2.8818,0.7519,2.7404,2.4287,1.2259,4.0229,3.2735,0.4207,2.6268,0.5027,0.6043,0.8181,9.7080,1.5260,0.5427,1.3019,0.9763,2.3235,0.6616,0.4438,2.2084,2.1992,2.1517,1.0626,0.9823,3.3356,0.7182,0.5053,0.4566,1.1827,2.1024,0.5541,2.1410,4.9963,2.2733,1.5000,0.6241,0.7352,1.9552,0.9086,0.7312,0.5400,2.6964,0.6458,1.5932,0.7689,1.3766,0.4406,2.2596,0.7733,0.7826,1.7122,0.9244,2.6652,4.7932,0.8934,6.0281,1.1282,0.4298,1.6169,0.4387,1.3357,1.3049,0.7603,0.9047,5.8840,0.9149,0.6449,0.5179,19.2607,0.7183,0.9649,1.2000,0.7286,1.7371,1.2894,2.8299,0.7755,0.7205,1.3591,2.4032,60.5756,0.9637,2.1286,1.2796,0.6668,0.6413,0.6903,0.8518,4.7502,4.1955,0.7661,0.6796,1.6763,0.7259,5.9128,0.6847,0.5126,2.7028,1.0346,1.4293,1.5623,1.1899,1.1691,2.5513,1.7184,0.5732,2.3215,1.7017,1.4047,1.0591,0.7652,2.2610,2.6649,1.8803,6.5338,1.3108,1.9797,1.8552,1.3225,1.7925,0.5352,0.6073,0.5340,3.7450,2.5465,1.5820,0.4325,1.4301,2.0219,3.9748,0.8151,2.6355,19.1716,2.1533,0.8947,0.6148,3.0330,14.1711,0.8951,2.0275,0.7307,0.5624,0.7531,0.9932,1.4303,0.6077,1.9657,0.8550,2.7206,3.2621,0.8249,0.5884,0.5286,1.7857,1.1480,1.4652,2.2330,1.9435,0.7465,0.7224,0.6261,0.5554,0.4913,2.4965,1.4503,0.6662,0.5833,2.8836,1.0791,1.8985,2.1350,0.7060,2.0918,0.5726,0.7736,1.4595,28.6121,2.3482,1.6235,5.1898,1.9438,263.7682,6.0600,0.9741,1.1054,15.4539,5.3464,2.3443,0.9368,2.1355,3.1330,2.2935,79.8837,0.6421,3.7232,30.7163,0.3905,2.2466,1.1793,5.1722,1.9899,0.8953,1.3675,0.6517,2.4003,1.7424,0.5172,1.6249,1.5869,1.6303,0.8664,0.6832,0.9527,1.2660,1.1717,3.1578,1.7412,2.2733,0.9604,0.7226,0.5129,2.7693,3.8664,0.8732,2.6857,2.9655,116.8206,0.8615,3.3321,1.9034,1.6454,0.7158,0.7896,2.5364,2.2153,0.5172,1.2672,0.7667,1.0571,1.0007,0.5760,2.5688,4.4138,1.0140,1.1578,0.4821,0.5743,1.4923,1.2743,0.9810,11.8229,0.3568,1.6774,0.6473,2.9533,2.5170,0.9605,2.9839,2.9117,0.8402,2.5939,1.7068,0.5082,1.2409,0.8420,0.9430,0.5046,2.4465,2.1398,2.3928,30.8096,5.0079,0.4730,2.7434,1.5765,1.0173,1.6381,1.6662,1.7544,0.4686,0.4928,1.1390,135.7579,0.5388,1.3000,2.0931,2.0392,2.0945,2.2428,0.4808,1.6514,3.5498,1.3616,0.8932,1.5390,11.5523,0.7148,1.0592,1.1724,0.5923,0.8881,1.0579,0.6105,2.9220,5.5291,2.0894,3.2235,1.5285,2.4030,1.5251,4.0843,0.7793,3.7122,1.1586,1.2301,0.5479,3.1110,1.0078,0.5328,1.5382,0.8886,1.5438,0.7661,0.7939,4.5699,0.8718,0.6373,0.9093,1.8396,1.9987,2.9614,1.3877,8.5643,83.8513,2.2889,2.5860,0.8587,5.9877,0.7843,0.5778,1.5999,1.5139,0.7321,4.6594,1.5594,0.8028,2.0732,2.4951,2.7839,0.9175,1.7496,0.5574,3.1867,1.2577,0.7274,1.3304,1.3333,4.2478,1.5060,13.0851,1.8579,0.9638,2.2238,3.5805,0.9241,1.6992,3.0272,1.6189,0.7402,0.6563,1.2413,2.5501,1.0325,154.0813,1.0554,2.5807,0.4208,2.7146,0.5058,0.4207,1.3016,22.4465,2.2341,0.4520,2.1313,4.3983,1.1377,2.8644,0.6105,0.5733,0.5647,0.8204,3.5368,0.9373,1.2088,1.5833,4.0983,1.7487,4.2593,0.8158,0.5763,1.2758,0.4271,1.0377,2.7734,1.0591,0.4534,3.3965,1.0791,1.0427,1.0510,0.6432,1.5655,0.9844,4.8905,30.4867,1.7798,0.9451,1.5243,1.4982,1.9819,0.6806,0.9843,1.2425,0.6405,1.5144,1.4475,1.1293,0.7939,0.9007,0.7867,0.8120,2.2136,0.8924,6.3014,0.5137,1.3751,0.7680,1.6378,1.5241,1.5421,0.7064,82.1798,2.8215,0.6385,1.2644,0.5024,0.5595,0.4853,1.6860,8.0266,1.2050,1.8111,1.9032,1.4806,0.4374,3.3042,0.8949,1.4080,2.0264,1.0569,0.6327,0.6269,3.2500,1.1447,0.8272,0.8142,20.1525,4.0661,0.5779,0.8222,0.8977,0.8090,1.2510,1.8420,0.8431,26.4631,0.5903,2.5968,1.9371,0.7091,1.0150,0.5819,1.1401,1.8260,1.1364
29000,1.9776,1.2446,0.9103,0.5684,1.6679,0.8001,2.0151,1.1527,4.5941,0.4920,1.7646,1.5404,0.9008,2.9805,0.7835,1.7114,0.5322,1.0939,1.9441,3.1828,2.3167,0.7680,1.9434,0.7950,1.5065,2.8416,0.8526,2.8268,2.7017,1.2573,3.9736,3.2541,0.4538,2.5576,0.5116,0.8405,1.2269,9.3445,1.2895,0.6226,1.1564,1.3740,2.7060,0.9229,0.4345,1.6861,2.0669,1.7566,0.9215,1.0881,3.2990,0.7439,0.5289,0.5335,1.2486,2.2404,0.4174,2.4851,4.8068,2.0711,1.0705,0.6796,0.7085,1.5923,0.8203,0.6239,0.5256,3.0507,0.6980,1.6514,0.8506,1.8713,0.6860,2.4626,0.7659,1.0272,1.6007,0.7859,3.1527,5.1873,0.6963,5.7783,1.0135,0.4840,1.3958,0.8203,1.4644,1.3671,0.7395,0.6627,5.5723,0.9624,0.6478,0.7321,18.6353,0.5927,0.7714,1.4323,0.7401,1.7492,1.0654,2.8329,0.8042,0.7332,1.2730,1.7110,59.1950,1.0927,2.2839,1.3583,0.9527,0.5834,0.5513,1.0893,4.7556,4.1942,0.5632,0.5331,1.7034,0.6840,5.8470,0.5807,0.5630,2.1786,0.8623,1.7171,1.6438,1.4951,0.9886,1.9120,1.4583,0.5347,2.1640,1.3296,1.4028,0.8252,0.6072,1.7226,2.7021,1.5503,6.4149,1.4262,1.4569,1.5372,1.0645,1.5862,0.4991,0.6561,0.4655,3.6184,2.6432,1.4835,0.3886,1.2443,2.0569,4.1743,0.6768,2.6060,18.7796,2.7125,0.6786,0.6398,2.9347,13.7687,0.9929,2.5793,0.6237,0.4417,0.8010,1.1903,1.5727,0.4880,1.6510,0.8770,2.0505,3.5300,0.6505,0.5210,0.6020,1.7916,1.5049,1.3924,2.0259,1.9423,0.4490,0.6134,1.0883,0.8334,0.4857,2.3978,1.0926,0.6153,0.4107,2.7628,0.8651,1.6508,1.9093,0.7069,1.8599,0.9284,0.9861,1.8294,28.1656,2.7243,1.7878,4.7966,1.7183,261.3536,7.4227,1.2636,0.9430,15.0538,4.7824,2.2304,0.5359,2.1943,2.7454,2.2305,78.9089,0.5467,3.4972,29.9290,0.3867,2.1118,1.2607,4.6173,2.1857,0.7613,1.6449,0.6495,2.5062,1.6056,0.7073,1.8509,1.4470,1.1208,0.6977,1.0117,0.7398,1.0375,1.2273,3.4212,1.3987,2.1610,0.6456,0.7441,0.4860,2.9597,3.6608,0.8586,2.9995,2.2517,115.7224,0.7614,3.0112,1.6731,1.9484,0.6191,0.7978,2.6593,1.7252,0.5754,1.3745,0.7387,1.0234,0.9014,0.5327,2.2967,4.9617,0.5982,1.3275,0.5503,0.5187,0.9869,0.7135,0.8668,11.0917,0.3684,1.4935,0.7612,2.7076,2.5977,1.0070,2.8252,2.7814,0.8357,2.7848,1.8564,0.4628,1.1210,0.5813,0.9101,0.5256,2.7686,2.0605,2.1504,30.3233,5.5111,0.4355,2.9639,1.5694,1.0112,1.4691,1.3257,1.8400,0.4474,0.4228,1.2017,134.5874,0.3629,1.3739,1.9177,2.1974,2.8519,2.1879,0.5132,1.3120,3.7423,1.3041,0.6720,1.5642,11.3049,0.5316,1.0404,1.3938,0.4607,0.8851,1.2230,0.6389,2.8228,5.3449,1.5018,3.2211,1.2212,1.7600,1.4334,4.0071,0.7523,3.5101,1.0332,0.8634,0.6291,2.6717,1.0590,0.5925,1.4454,0.5691,1.3740,1.0288,0.8271,4.6708,0.8421,0.5178,1.0763,1.8789,1.7521,3.0564,1.9271,9.0304,83.4975,1.9273,2.5275,0.6292,6.3724,0.4713,0.5240,1.4956,1.0432,0.7275,5.3838,1.7896,0.9128,1.8494,2.0720,2.6171,0.8723,1.9082,0.5528,3.1307,1.0426,0.7329,1.5085,1.2260,3.9060,1.9718,13.4472,1.7688,0.8592,2.6316,3.6729,0.7928,1.6556,2.7065,1.4329,0.5546,0.5123,1.1817,2.5426,0.5458,153.5555,1.1437,2.3738,0.4645,2.6108,0.5322,0.4712,0.9317,22.0326,2.3546,0.4586,1.9258,4.4846,1.2285,2.2847,0.5626,0.5523,0.5959,0.7459,2.9509,0.9019,1.0008,1.3817,3.8644,2.0709,4.0833,0.8095,0.4967,0.9401,0.3885,1.0227,2.6186,0.7583,0.4333,3.8318,1.4880,0.7180,0.8128,0.5696,1.4152,1.0101,4.9776,30.3176,1.6751,0.8615,1.8312,1.8328,2.1638,0.7294,1.0863,1.4415,0.7185,1.6299,1.1179,1.4531,1.0174,0.8492,0.9061,0.5939,2.4335,1.1754,6.3354,0.4306,1.3660,1.9090,1.8341,1.6557,1.3750,0.5959,81.1347,2.7434,0.5998,1.2706,0.4651,0.5644,0.4067,1.6745,7.9826,0.7264,1.7940,1.8191,1.7502,0.3877,3.4062,1.0758,1.5583,2.2722,0.8238,0.6948,0.6143,2.8321,0.9691,0.7404,0.8129,19.6535,3.7865,0.6497,1.0156,1.2514,0.7617,1.0605,2.1707,0.7866,26.2261,0.4847,2.7992,1.8133,0.5759,0.8443,0.5653,0.7310,1.6351,0.8324
30000,2.4769,1.1395,0.8413,0.6665,1.6890,0.8298,2.6177,1.1431,4.2935,0.5935,1.8173,1.8893,0.9631,3.3760,0.7811,2.0395,0.3747,1.1390,1.9861,3.2199,2.4193,1.1774,2.2909,0.4875,1.2986,2.7448,0.9297,2.6798,2.5282,1.3572,4.1807,3.0970,0.4663,2.5099,0.4572,0.6446,0.9602,8.9815,1.4622,0.5334,1.3548,0.9674,2.3886,0.5889,0.4478,1.8048,2.3453,2.2995,0.9317,0.9854,3.3191,0.6575,0.4993,0.5175,1.2002,2.1971,0.3691,2.1981,4.4869,2.1416,0.8930,0.7284,0.6292,1.6018,0.6288,0.7954,0.7809,2.5008,0.6033,1.4789,0.6287,1.7111,0.6141,2.4458,0.8895,1.1036,1.6101,0.6974,2.9724,4.5956,0.7580,6.1160,1.0866,0.4498,1.3997,0.6734,1.9800,1.2668,0.9662,0.6681,5.4041,0.7560,0.6356,0.4685,18.6446,0.6079,0.7694,1.0121,0.8235,1.8726,1.0771,2.7311,0.7705,0.6824,1.2891,1.8767,58.8205,0.6152,2.1515,1.2821,0.5877,0.5016,0.5832,1.1156,4.2633,3.7300,0.8549,0.7007,1.3720,0.8114,5.3479,0.5304,0.4717,2.2892,1.1470,1.5791,1.7498,1.4935,0.6522,2.1698,1.4332,0.6429,2.4214,1.3280,1.2278,0.9479,0.5698,1.7326,2.2696,2.2815,6.0103,1.2307,1.9062,1.6986,1.0276,1.7495,0.4240,0.5891,0.4894,3.6881,2.6815,1.3502,0.3735,1.4713,2.0300,3.9145,0.8639,2.5141,18.2348,2.5337,0.6296,0.4577,3.2157,13.6935,1.0383,1.7868,1.0048,0.5760,0.6020,1.1383,1.4843,0.5487,2.1077,0.6150,2.3939,3.4323,0.5832,0.4624,0.4534,1.9679,1.4496,1.1296,1.5478,2.0265,0.5439,0.6520,0.6453,0.9373,0.4349,2.3125,1.2722,0.4410,0.4393,3.0720,0.6650,1.4297,1.9490,0.8552,1.9515,0.6898,0.6586,1.6212,27.2654,2.7797,1.7112,5.2374,1.6223,259.4482,6.5412,1.1103,0.7794,14.5248,4.8019,2.4040,0.8004,2.4512,2.8334,1.6966,78.2866,0.5661,3.3575,29.0179,0.3320,2.1320,0.8610,4.3589,2.0387,0.6789,1.3561,0.5665,2.0919,1.5661,0.4519,1.2961,1.6264,1.0947,1.0900,0.7178,0.8846,1.0178,1.0390,3.1781,1.3941,2.1069,0.5052,0.7693,0.4430,3.0920,3.8332,0.9147,3.1301,2.7833,114.8484,0.5477,3.0372,1.8136,1.9579,0.5876,0.6643,2.5621,2.1015,0.6039,1.2968,0.7632,1.1417,0.7948,0.5378,2.4263,4.8750,0.4385,1.3294,0.4749,0.5709,1.3576,0.9273,0.6694,11.0206,0.3455,1.6206,0.7050,2.7504,2.3562,1.0605,2.5235,3.0196,0.7701,2.6359,2.2984,0.5131,1.0557,0.6113,1.6131,0.4199,2.5293,2.1551,2.7251,29.6875,5.0156,0.3807,2.5414,2.0488,0.7749,1.7684,1.6457,1.7139,0.5195,0.5687,1.1995,132.9808,0.4300,1.1337,2.1302,2.3628,2.0517,1.8967,0.4651,1.7449,3.1713,1.2404,0.9741,1.8780,11.3820,0.8829,1.2243,0.8696,0.4983,0.7228,1.1983,0.5820,2.9111,5.8516,1.9552,3.0657,0.8774,1.7890,1.5841,4.0067,1.0088,3.4539,1.0642,1.3138,0.7495,2.7212,0.6939,0.4729,1.6248,0.7059,1.7587,0.8184,0.8184,4.3990,0.7775,0.5914,1.0575,1.9815,1.7394,2.8797,1.9190,8.6552,82.8946,2.4165,2.8441,0.5228,5.6661,0.6851,0.5238,1.3729,1.3957,0.4844,5.1539,1.3104,0.8453,2.0297,1.8756,1.8755,0.7324,1.7951,0.5122,3.1338,1.1688,0.7207,1.6433,1.1583,4.1960,1.4402,12.9303,1.6485,0.6841,2.5527,3.1867,0.8314,1.6910,2.8455,1.2096,0.5690,0.4333,1.0946,3.0012,0.4633,151.8221,1.2899,2.5433,0.4096,2.9709,0.4474,0.4673,1.2243,21.7756,2.0504,0.4531,2.3482,4.3599,1.4312,2.5768,0.5747,0.5397,0.5071,0.5450,3.0852,0.8068,0.8856,1.1402,4.0683,1.7653,3.6133,0.8445,0.6049,0.9491,0.4397,0.7350,2.4326,0.8833,0.4140,3.8159,1.3608,0.7225,0.7907,0.5104,1.1278,0.9991,5.3313,29.9391,1.9334,0.6546,1.7655,1.6249,2.1760,0.9145,1.0372,0.8943,0.5403,2.0807,1.3127,1.3497,0.9821,0.7575,0.8005,0.5571,2.1747,1.0779,6.1110,0.4286,1.3322,0.9218,1.9359,1.3992,1.1887,0.6222,80.3416,2.8024,0.5284,0.9302,0.5567,0.5209,0.4207,1.6415,7.7181,0.9697,1.6531,1.6608,1.8241,0.5282,3.5818,0.8981,1.3466,2.1445,1.1810,0.5594,0.5063,3.0630,1.3723,0.7566,0.8274,19.0317,4.3146,0.6383,1.1821,1.2622,0.7910,1.2483,1.7190,0.7134,25.8134,0.5674,2.6657,1.8314,0.5176,1.2061,0.5055,0.9882,1.6511,1.1155
31000,1.8917,1.7422,0.8502,0.4720,1.3678,0.7709,2.1657,1.5141,4.4880,0.5238,1.4162,2.1004,0.8910,2.8173,0.6556,1.9225,0.5167,1.2439,1.7400,3.6157,2.4889,1.1415,2.0623,0.4172,1.5172,2.7820,0.8319,2.5676,2.6616,1.0794,3.8560,3.0540,0.5596,2.5935,0.3949,0.6575,0.9319,8.7803,1.3590,0.5330,1.6584,1.0774,2.3977,0.6469,0.4151,1.3936,2.5911,1.9915,0.8921,0.9182,2.8655,0.6372,0.5247,0.4754,1.0267,2.0547,0.3705,2.5604,5.0045,2.2117,1.3014,0.6457,0.4079,1.5543,0.8116,1.1118,0.4343,2.5291,0.5074,1.4176,0.9294,1.6568,0.5125,2.2474,0.6556,1.0459,1.7124,0.5336,2.9739,3.7614,0.9243,5.7167,0.8769,0.4112,1.1707,0.5804,1.6367,1.1458,0.9310,0.5892,5.5043,0.8315,0.6015,0.4582,18.5469,0.6026,0.8240,1.2065,0.7965,2.0038,1.1292,2.8165,0.7780,0.5960,1.6189,2.1928,58.0192,0.4740,2.1036,1.3846,0.5483,0.5158,0.6766,1.1621,4.6837,4.0548,0.7116,0.8873,1.6922,0.6595,5.4889,0.5585,0.5857,2.2388,0.9455,1.6189,1.4673,1.2954,0.8138,2.2374,1.2732,0.4979,2.0520,1.0645,0.9054,0.8999,0.6050,1.9488,2.5249,1.8887,6.1318,1.2080,1.6159,1.4695,0.8745,1.7127,0.4212,0.5301,0.5284,3.8548,2.4345,1.6886,0.4290,1.2035,2.4530,3.7575,0.6598,2.6943,18.1879,2.6288,0.7091,0.4991,3.0748,13.4704,1.0213,1.9797,0.7161,0.4624,0.6165,0.8453,1.5878,0.5091,1.7812,0.6281,1.8950,3.2930,0.5255,0.4452,0.3872,1.7904,1.3476,1.5371,1.4891,1.8164,0.4793,0.6078,0.7100,0.9691,0.6216,2.6956,1.5268,1.0527,0.4424,2.9551,0.6013,1.7167,1.8350,0.4407,2.0378,0.7534,0.8112,1.8954,26.9130,2.3541,1.7363,5.0789,1.6020,258.5042,6.4717,1.2891,0.6788,14.9539,4.7184,2.2811,1.0777,2.3786,3.1200,1.9837,77.8409,0.5303,3.8746,27.5694,0.3303,2.3180,1.2073,4.6101,2.3820,0.6433,1.1244,0.6042,2.3988,1.5988,0.5734,1.4462,1.2510,0.9709,1.1098,0.7240,0.7992,0.9552,0.9883,3.0083,1.3563,1.7581,0.8074,0.8196,0.5733,2.6437,4.0570,0.9751,2.7295,2.6082,114.4653,0.5616,3.4152,2.1332,2.1380,0.6132,0.6540,2.5709,2.1192,0.5933,1.7486,0.7831,0.8138,0.8332,0.5229,2.1239,4.4407,0.3967,1.3092,0.5542,0.4830,0.9850,0.8621,1.0173,11.0858,0.3085,2.1489,0.6125,2.8792,2.2849,1.3004,2.7654,2.9674,0.7796,2.5260,1.8802,0.5979,0.7898,0.5898,1.4514,0.5023,2.1738,2.5693,2.4222,29.3027,5.0720,0.3774,2.7612,1.5998,0.5758,1.7614,1.3994,1.9356,0.7102,0.4535,1.1406,132.3974,0.3612,1.2162,1.9597,1.9662,2.1802,2.3563,0.5217,1.7459,3.8272,1.5104,1.0464,1.3113,10.9543,0.6325,1.3176,1.2968,0.5163,0.5710,1.1957,0.5920,2.5559,5.1920,1.9874,3.1568,1.3554,1.9564,1.5143,3.5076,0.9938,3.5740,1.0831,1.3218,0.8326,2.6458,1.1087,0.5515,1.2077,0.5166,1.5464,0.7634,1.0366,4.2824,0.6577,0.5530,0.9468,2.0501,1.4500,2.6328,2.0398,8.5469,82.6722,1.9317,2.7015,0.4929,5.9166,0.7818,0.5757,1.2241,1.0750,0.6120,5.1821,1.4892,0.7063,1.8648,2.2406,1.9217,0.6337,1.7469,0.5174,2.9693,1.1991,0.5972,1.3476,1.1426,4.0493,1.3414,13.1947,1.6690,0.7571,2.4868,3.2891,0.8252,1.9686,3.0446,1.3300,0.5897,0.5793,1.3044,2.6821,0.5643,152.3017,1.0715,2.1283,0.3546,2.9814,0.4726,0.4046,1.1181,21.5758,2.2666,0.5799,1.9372,4.2697,1.2180,2.0373,0.6392,0.4855,0.5581,0.5419,3.0170,0.8745,0.6475,1.5463,4.3317,1.7810,3.8604,0.9760,0.4776,0.9437,0.3545,0.9050,2.2606,0.9607,0.4028,3.6343,1.3847,0.7404,0.6693,0.4976,1.5270,0.8329,5.2996,29.6235,1.5612,0.9222,1.7044,1.5384,2.1144,0.7193,0.9153,1.1314,0.5524,2.0139,1.0402,1.4154,0.9515,0.7518,0.8229,0.5620,2.4550,0.7645,6.1971,0.5784,1.4169,1.3892,1.9013,1.4321,1.6750,0.6073,79.9433,2.8185,0.4724,0.8195,0.4999,0.5616,0.3757,1.8458,7.2735,0.8261,1.7023,1.6935,1.4076,0.3391,3.2675,1.1932,1.3479,2.2420,1.1804,0.6625,0.8341,2.9927,0.9772,0.6047,0.7903,19.4974,3.9148,0.6029,0.6701,1.1133,0.6913,1.0241,1.8400,0.6417,25.6874,0.7388,2.8290,1.5707,0.4919,1.2920,0.4765,0.9613,1.6043,0.8286
32000,2.0911,1.4276,0.6765,0.4018,1.2310,0.8841,1.9922,1.1272,4.1592,0.7086,1.4457,1.9357,1.1815,2.9535,0.7475,1.8375,0.3552,1.1954,1.6205,3.1836,2.1567,0.8095,2.2796,0.3807,1.1454,2.7245,0.9139,2.7279,2.6030,1.0601,3.8224,2.9625,0.4029,2.3151,0.4077,1.0478,1.2036,8.5130,1.0017,0.6043,1.3585,1.1811,2.6358,0.5493,0.3914,1.6641,2.0822,1.7696,0.8140,1.0043,3.1158,0.7178,0.4922,0.4003,1.1995,2.4777,0.3185,2.4174,4.5367,2.3313,1.2058,0.6730,0.3768,1.9633,0.7978,0.5110,0.4371,2.4820,0.5645,1.6570,0.7550,1.7775,0.3540,2.2369,0.6676,0.9800,1.7676,0.5520,2.7295,3.9824,0.6881,5.8682,1.1888,0.4759,1.2227,0.5901,1.6641,1.3101,0.8944,0.7080,5.3816,1.1095,0.8054,0.5075,17.7783,0.4309,0.8125,1.3690,0.8655,1.9909,1.3612,2.4475,0.6176,0.7234,1.4592,2.0854,57.2624,0.4959,1.8937,1.3158,0.5506,0.5812,0.7403,1.2185,4.6062,4.0114,0.7269,0.5755,1.6385,0.8540,5.4611,0.5117,0.4541,2.1145,0.8211,1.2637,1.5416,1.3136,0.7355,2.2723,1.2520,0.4853,2.1900,1.2266,0.9452,0.9344,0.5794,1.6602,2.6322,1.9740,6.0229,1.3431,1.9197,1.5592,1.2830,1.5904,0.4439,0.5344,0.5292,3.5770,2.6352,1.6542,0.3335,1.2345,2.0000,3.6086,0.7849,2.4490,17.4444,2.5683,0.6861,0.6520,2.9683,13.3466,0.7684,1.6012,0.6022,0.4617,0.8041,0.6771,1.3726,0.4887,2.1211,0.6429,1.9078,3.2522,0.7421,0.4301,0.3547,1.9980,1.6343,1.4213,1.7624,1.8015,0.3675,0.5701,0.7309,1.1432,0.3952,2.3428,0.9517,0.4901,0.4030,3.1470,0.6832,1.5580,2.0385,0.8623,1.7836,0.5307,0.6282,1.5562,27.1539,2.4395,1.8635,5.1735,1.5310,255.4709,6.9573,1.2330,1.0144,13.9013,4.5589,2.1098,0.9652,2.2872,2.6355,2.0611,76.7632,0.5390,3.5523,26.9311,0.3536,1.8711,1.1804,4.2331,2.2019,0.6391,1.1818,0.5734,2.2302,1.5810,0.6990,1.2781,1.4015,1.2170,0.9007,0.6134,0.6599,0.9874,0.9127,2.9038,1.5220,1.6626,0.6671,0.6260,0.4694,2.6642,3.8240,0.8700,2.8612,2.4343,112.6693,0.4751,2.9339,1.9254,1.9318,0.5541,0.6595,2.3775,2.0056,0.8263,1.4939,0.5433,0.8836,0.8203,0.4787,2.1931,4.9582,0.4270,1.2277,0.3906,0.7908,1.3924,0.8476,0.9136,10.8235,0.4729,1.8240,0.6619,2.8472,2.6719,1.0440,2.9925,2.7988,0.6953,2.9668,1.8566,0.4501,0.9843,0.6575,1.5056,0.4300,2.4950,2.2277,2.5260,28.8819,4.8866,0.3999,2.4487,1.6177,0.8047,1.5315,1.5009,1.8529,0.6611,0.6364,0.9960,130.7312,0.3488,1.2668,2.1248,2.0863,2.1386,2.0689,0.6334,1.6317,3.7794,1.1301,0.7504,1.1558,10.6952,0.9407,0.8996,0.8805,0.5601,0.6431,1.0471,0.4776,2.2399,5.1415,1.8511,3.1144,1.0358,1.8013,1.4930,3.9437,0.8092,3.5065,1.0760,1.3359,0.6096,2.8373,0.8758,0.4612,1.1528,0.6767,1.4889,0.7295,1.0719,4.3769,0.8102,0.5512,1.0749,1.8935,1.3006,2.5543,1.9380,8.5124,81.1257,1.9948,2.5044,0.5149,5.9509,0.8642,0.5324,1.4050,1.0550,0.6667,4.9173,1.7724,0.7420,2.1614,2.0061,1.7161,1.0065,1.6529,0.3357,3.0106,1.2206,0.6015,1.2566,1.3811,3.9553,1.2762,13.0969,1.6210,0.6731,2.3923,3.3260,0.7758,1.8110,2.7049,0.9954,0.5017,0.7636,1.4632,2.7331,0.5060,150.2975,1.2114,2.1811,0.3681,2.8235,0.4331,0.3351,1.3357,21.0364,2.6078,0.4125,2.3563,4.3486,1.4324,2.4187,0.7184,0.5171,0.4175,0.6169,2.9402,0.8433,0.9384,1.2464,4.0706,1.8327,3.7428,0.9661,0.4393,0.8408,0.3455,0.9176,2.3222,1.0391,0.4577,3.6204,1.6772,0.6387,0.8328,0.6529,1.4700,0.8336,4.7723,28.5200,1.8131,0.5843,1.7551,1.5314,2.1107,0.5392,1.0458,1.2486,0.6322,2.0074,1.2994,1.1419,0.8484,0.7586,0.8278,0.5105,2.1922,0.9604,6.0891,0.5034,1.3090,1.0955,1.9670,1.3532,1.5060,0.6006,78.8448,2.8512,0.4748,1.0775,0.4341,0.4469,0.3767,1.7230,7.3195,1.0109,1.5238,1.3917,1.2766,0.3108,3.3052,1.2533,1.3124,2.0695,0.9247,0.6329,0.5610,2.8719,1.4305,0.7281,0.7150,18.8780,3.8880,0.5956,0.8098,1.2460,0.5632,0.8513,1.8603,0.6649,25.0791,0.5358,2.9557,1.8675,0.4632,0.9149,0.4827,0.8590,1.4588,0.8374
33000,1.9406,1.6464,0.7158,0.4089,1.3533,0.7378,1.9933,1.5871,4.5743,0.5332,1.5442,1.8288,1.0176,2.6702,0.5441,1.9009,0.3746,1.4141,1.6442,3.1363,2.3983,0.5672,1.9360,0.5527,1.2403,2.6987,0.8999,2.5190,2.5138,0.7278,4.0117,3.1499,0.5194,2.6324,0.3926,0.6012,0.8372,9.0140,1.2666,0.5650,1.5566,1.1359,2.4759,0.5730,0.4123,1.7783,2.0595,2.0687,0.7348,1.2078,2.8997,0.6410,0.3776,0.3790,1.0777,1.9806,0.3338,2.3596,4.7968,2.1046,1.3050,0.7177,0.4073,1.5557,0.6323,0.8292,0.5760,2.2152,0.5807,1.3723,0.7323,1.3204,0.3276,2.1653,0.5448,0.7789,1.6000,0.5716,2.5028,4.0856,1.0911,6.4224,1.2959,0.6247,1.1766,0.7006,1.8715,1.3178,0.6552,0.5463,5.2792,0.8768,0.6493,0.5125,17.9631,0.4335,0.6348,1.5482,0.8219,1.7681,1.2239,2.3488,0.9126,0.6178,1.4295,1.9694,57.3501,0.5744,2.2600,1.1866,0.6141,0.3994,0.6261,1.0856,4.6548,4.0301,0.6191,0.7868,1.5888,0.8718,5.0471,0.4860,0.4878,2.1706,0.9445,1.7696,1.7035,1.1467,0.7749,2.2210,1.4251,0.4577,2.1274,1.3064,1.3042,1.0450,0.5880,1.7434,2.8249,1.9337,5.7748,1.3084,1.9243,1.1019,0.9485,1.3823,0.3702,0.5192,0.4108,3.7005,2.6192,1.6499,0.3751,1.1478,2.2049,3.9355,0.6507,2.5659,18.1293,2.1420,0.6232,0.5476,3.2170,13.3727,0.9055,1.6912,0.5986,0.5035,0.7009,0.5321,1.5798,0.5115,2.1506,0.5461,2.1307,3.4988,0.7163,0.4186,0.2960,1.9815,1.2273,1.2975,1.9291,2.1134,0.3356,0.6138,0.7667,1.4960,0.4103,2.4882,1.2000,0.4748,0.3910,3.0671,0.5669,1.4379,1.8764,0.7847,2.0568,0.5352,0.5976,1.5458,26.6953,2.5085,1.5433,5.1557,1.7305,256.1123,6.2865,1.2847,0.7853,14.0576,4.5237,2.1602,0.7462,2.3806,2.4614,1.9854,76.9774,0.5589,3.5368,25.8990,0.3031,2.2231,1.0302,4.2724,2.0266,1.0899,1.3121,0.5251,2.0572,1.4587,0.4895,1.5052,1.3217,1.1890,0.8735,0.9238,0.8667,0.8133,0.9680,3.2839,1.4600,1.7732,0.7121,0.5738,0.4469,2.6402,3.5641,0.9567,2.9904,2.3509,113.0175,0.7289,3.1109,1.7808,1.8726,0.5217,0.7003,2.3400,2.0710,0.5348,1.5249,0.4816,0.8607,0.5444,0.4339,2.0982,4.5414,0.3729,1.0814,0.4359,0.8195,1.1751,0.8794,0.9324,10.8999,0.3248,1.8907,0.7786,2.8651,2.5199,0.7206,2.8213,2.8858,0.6958,2.7947,2.0703,0.3792,0.9670,0.6604,1.1389,0.4502,2.5168,2.2613,2.4643,29.0926,5.1109,0.4002,2.5495,1.6180,0.7934,1.6680,1.4826,1.8869,0.7234,0.5094,1.1458,131.2926,0.3556,1.2266,2.1415,2.0252,1.9611,2.1100,0.4964,1.4188,3.3603,1.5833,0.9155,1.1428,10.4708,0.7698,1.4596,0.6989,0.4982,0.8796,1.1325,0.4866,2.6103,5.1365,1.8965,2.8330,1.2660,1.8691,1.4226,3.7484,0.8223,3.5104,1.3235,1.1626,0.6983,2.7253,1.2985,0.5557,1.1546,0.6216,1.6036,0.7894,1.0481,4.3007,0.7798,0.4849,0.9389,1.5145,1.6686,2.4620,1.9449,8.1736,81.1163,1.8180,2.4130,0.4761,6.0490,0.8176,0.4941,1.6354,0.8725,0.6538,4.7417,1.7862,0.7494,2.0720,2.0429,1.8264,0.9573,1.5706,0.4493,3.0332,1.3286,0.6220,1.4554,1.4110,3.9970,1.4515,12.8452,1.7241,0.6621,2.3712,3.3039,0.9057,1.5700,2.8202,0.9099,0.5896,0.4722,1.7357,2.8137,0.5471,151.2185,1.0082,2.3697,0.3787,2.7958,0.4594,0.2862,1.1042,21.5072,2.0684,0.3766,2.1469,4.1126,1.2908,2.5561,0.4703,0.4625,0.4751,0.5757,3.2030,0.8610,0.8336,1.2987,3.8051,1.8747,3.7011,0.9490,0.4278,1.0692,0.3726,0.7845,2.3353,0.8399,0.3641,3.4684,1.5498,0.6176,0.8322,0.3523,1.3409,1.0479,4.7571,28.8734,1.7414,0.7610,1.8356,1.5716,2.1447,0.6174,0.9903,0.9535,0.6441,1.6828,1.0440,1.4121,0.9831,0.7567,0.7476,0.4822,2.2753,0.9303,6.3176,0.5083,1.3981,0.9868,2.1516,1.5885,1.5257,0.6392,78.6709,2.5368,0.4402,1.1551,0.5013,0.4843,0.4719,1.8910,7.2947,0.8800,1.7613,1.7064,1.1146,0.3888,3.1840,1.2212,1.3204,2.2971,1.1128,0.6891,0.4719,2.7946,1.3403,0.5415,0.7649,18.7371,3.9215,0.5741,0.8984,1.1301,0.5010,0.9831,1.9582,0.5937,25.3343,0.4400,2.9586,1.4739,0.4771,0.8560,0.4966,0.7491,1.6955,0.8472
34000,2.2107,1.8994,0.7436,0.3797,1.5522,0.6393,2.2963,1.2470,4.1983,0.4388,1.6860,1.9235,1.0728,2.7070,0.6180,1.7789,0.3751,1.2603,1.6601,3.0053,2.2301,0.8983,2.0637,0.4432,1.2585,2.5213,0.9392,2.5325,2.8314,0.8164,4.0846,2.8362,0.6031,2.0766,0.3837,0.7904,1.0757,8.3933,1.1867,0.5490,1.3710,0.9503,2.2727,0.4621,0.3376,1.7032,2.1423,1.7747,0.9718,0.9094,3.3455,0.6427,0.4121,0.3803,1.0362,2.2519,0.3704,2.5737,4.6878,1.8883,1.2122,0.6601,0.4430,1.6755,0.9708,0.8222,0.5130,1.9338,0.5615,1.7440,0.7579,1.5566,0.3479,2.0570,0.5453,1.0955,1.4099,0.5067,2.5743,3.6242,0.6786,6.0620,1.0137,0.4294,1.1972,0.5221,1.7759,1.5660,0.7960,0.5867,5.2795,1.0314,0.6423,0.4540,17.9594,0.7996,0.5317,1.4132,0.8495,1.8080,1.3585,2.4211,0.8266,0.6728,1.0570,1.9902,57.0909,0.6451,1.7524,1.2766,0.5890,0.4929,0.7308,1.3553,4.7833,4.1712,0.5495,0.8493,1.9731,0.8748,5.5148,0.4878,0.5590,2.0027,1.0236,1.5816,1.5789,1.3147,0.6120,2.0638,1.2223,0.4479,1.9540,1.1401,1.3537,0.9813,0.5317,1.9512,2.4698,1.8953,5.9466,1.1717,1.8134,1.3539,0.9902,1.6458,0.3989,0.4993,0.3963,3.9473,2.5053,1.7521,0.3350,1.1181,2.1100,3.7265,1.1352,2.6640,17.7008,2.0951,0.7588,0.4491,2.7010,13.1707,0.7800,1.4929,0.6533,0.4520,0.5252,0.8899,1.3817,0.3715,1.9466,0.4527,1.8665,3.5515,0.5699,0.3639,0.3140,2.1041,1.5498,1.4974,1.7289,1.8955,0.3658,0.6424,0.7835,1.0260,0.3874,2.1703,1.1738,0.5169,0.3540,2.8815,0.5959,1.4631,1.8007,0.7715,1.9284,0.7495,0.6966,1.9826,26.2082,2.4457,1.6325,5.4700,1.5090,255.4847,6.4378,1.2094,1.0332,13.9928,4.6888,2.2057,0.6446,2.3547,2.8345,2.0168,76.6188,0.5395,3.9734,25.4722,0.3400,2.3035,0.9165,4.3337,1.9721,0.7281,1.0253,0.4667,2.1727,1.3610,0.6421,1.3437,1.5683,1.1307,0.8573,1.0740,1.0320,0.8508,0.9702,3.1636,1.3363,1.7266,0.6404,0.7825,0.4428,2.8100,3.7351,1.0161,2.5790,2.5878,112.6067,0.8649,3.1864,2.2911,1.6264,0.5238,0.6831,2.6091,1.8337,0.5485,1.5108,0.5757,0.8722,0.5698,0.3345,2.0794,4.7362,0.3547,1.1356,0.3822,0.9043,1.4923,0.9213,0.8498,10.6770,0.3783,1.7837,0.7249,2.6725,2.5350,1.2092,2.4924,2.8782,0.6157,2.6446,1.7955,0.3895,0.9579,0.4762,1.2273,0.3767,2.5094,2.2086,2.3856,28.7862,4.8690,0.3336,2.5601,1.6029,0.6220,1.6030,1.4295,2.0552,0.5995,0.6407,1.0501,130.4899,0.4217,1.2078,2.2005,2.0760,1.8437,2.2225,0.6550,1.2615,3.4711,1.2374,0.6559,1.3174,11.0229,0.8428,1.1614,0.8955,0.4516,0.8084,1.3748,0.4950,2.2767,5.3004,1.6335,3.1083,1.3378,2.0157,1.6101,3.4901,0.7416,3.5029,1.2171,1.1820,0.7949,2.7203,0.7787,0.4025,1.2702,0.7197,0.9352,0.8780,0.8833,4.3823,0.7560,0.4592,1.0742,1.9232,1.3527,2.7320,1.9037,8.1308,80.7440,1.9113,2.4302,0.5182,5.9071,0.7783,0.5215,1.3041,1.3219,0.6598,4.6835,1.8357,0.6911,1.9482,1.9312,1.9006,0.7283,1.9259,0.5609,2.7536,1.2994,0.5176,1.0783,1.2646,4.1165,1.4278,12.6676,1.8960,0.6271,2.1514,3.3358,0.7193,1.6052,2.6028,0.9869,0.5243,0.3575,1.5659,2.7253,0.5578,150.0419,1.0024,1.8256,0.3987,3.0589,0.4306,0.3906,1.0129,20.9772,2.3714,0.3445,2.0309,4.2817,1.2570,2.6473,0.4595,0.4654,0.5085,0.3915,3.0184,0.9053,0.7840,1.3594,3.8482,1.8406,3.8462,0.7007,0.4134,0.8729,0.3411,0.7183,2.4321,0.9788,0.4054,3.4504,1.5405,0.8134,0.7572,0.3900,1.3801,1.1190,4.9544,28.5527,1.7563,0.5794,1.8994,1.3903,2.0342,0.5820,1.0061,1.0602,0.4603,1.9382,1.3362,1.2150,0.8406,0.7037,0.8313,0.4982,2.3200,1.0420,5.9746,0.5407,1.2170,1.3916,1.7079,1.6999,1.7625,0.5350,77.9963,3.0559,0.4250,1.1313,0.4623,0.5354,0.3987,1.4689,7.3892,0.8400,1.4206,1.6363,1.2207,0.4588,3.0037,1.1820,1.3812,2.4515,0.7205,0.7084,0.5990,2.8662,1.3786,0.5934,0.8756,18.7878,4.1225,0.5845,0.7014,1.1770,0.5989,1.2471,2.0208,0.4690,24.9354,0.4651,2.8016,1.5154,0.4459,0.8307,0.3945,0.7553,1.6951,1.0145
35000,1.8987,1.9299,0.7210,0.3947,1.5146,0.6388,2.0734,1.3003,4.2056,0.4682,1.8088,1.8607,0.7945,2.7293,1.0813,2.0151,0.3650,1.1912,1.5885,3.2536,2.4727,1.0134,1.9505,0.3947,1.4981,2.4117,0.9657,2.4010,2.6207,0.8971,3.7838,2.8716,0.4944,1.8472,0.3513,0.6413,0.9985,8.4135,1.2139,0.4419,1.4898,0.8320,2.3955,0.5217,0.4893,1.7423,2.3160,2.0093,0.7417,0.8233,2.9773,0.7180,0.4572,0.4633,1.3201,2.3199,0.3374,2.4322,4.6746,2.0875,1.0019,0.6520,0.3621,1.4310,0.7093,0.7772,0.3746,2.5680,0.5393,1.4536,0.9256,1.4886,0.4165,2.2848,0.5270,0.9867,1.5692,0.4368,2.4722,3.4299,0.8878,5.7109,1.2321,0.4289,0.9832,0.6317,1.6601,1.3059,0.6919,0.6731,4.9464,1.0349,0.6965,0.4567,17.4532,0.7735,0.7481,1.3299,0.7231,1.7244,1.0286,2.4944,0.7870,0.6868,1.2996,1.7473,56.0338,0.6952,2.2388,1.2661,0.5156,0.4673,0.8713,0.9721,4.5716,3.9747,0.5178,0.8761,1.7597,0.8058,5.2540,0.4457,0.4193,1.9368,0.8720,1.5050,1.7207,1.2745,0.5040,2.5576,1.1573,0.4565,2.0636,1.3689,1.0052,1.0830,0.5512,1.7702,2.6402,1.5867,5.9245,1.0190,1.9063,1.3660,0.9948,1.5952,0.4052,0.5126,0.3768,3.7544,2.5840,1.4970,0.3523,1.4801,2.2818,4.0600,0.5874,2.3142,17.4545,2.0706,0.9001,0.5989,2.9705,12.8879,0.8998,1.5810,0.6468,0.5286,0.6401,0.7438,1.2401,0.4303,2.0147,0.5278,1.8441,3.1004,0.4510,0.3345,0.4610,2.1625,1.3786,1.2552,1.7506,1.9518,0.4094,0.5793,0.6101,1.0774,0.3767,2.5165,1.0147,0.4046,0.3660,2.7135,0.6381,1.4497,2.0031,0.5405,1.9269,0.6531,0.6727,1.4964,25.9463,2.2842,1.6223,5.2875,1.5133,251.7930,6.2480,1.1986,1.0344,13.5314,4.6263,2.1120,0.6080,2.0377,3.0290,1.6136,75.7371,0.5179,3.6945,24.6253,0.2818,1.9945,1.0890,3.9639,2.3520,0.6343,1.2656,0.4728,2.2072,1.4628,0.5133,1.3884,1.2317,1.1996,0.7442,0.9484,0.5900,0.9125,0.9374,3.0208,1.6314,1.8315,0.4659,0.6219,0.4323,2.6209,3.6028,1.0497,2.7952,2.5323,111.4855,1.0898,2.7920,2.0234,1.8237,0.5189,0.6663,2.4381,1.9077,0.6613,1.5114,0.5624,0.8523,0.7684,0.3771,1.8420,4.3728,0.4120,0.8866,0.3973,0.6948,1.4623,0.8105,0.7594,10.5845,0.2532,2.1350,0.6207,2.8927,2.3077,0.9101,2.7846,2.8813,0.6447,2.8678,1.9645,0.3984,0.9742,0.5191,1.2887,0.4448,2.4207,2.2400,2.2605,28.3594,4.6962,0.4321,2.7102,1.4859,0.7491,1.5860,1.4501,1.8287,0.4531,0.5385,0.9102,128.9801,0.4591,1.2785,1.6742,2.3313,1.7727,2.0291,0.5817,1.3590,3.3921,1.5239,0.8404,1.2695,10.3268,0.8122,1.0945,0.7109,0.4733,0.7123,1.2963,0.4878,2.3225,5.1453,1.8874,3.0042,1.1677,1.6307,1.6133,3.7454,0.8224,3.2667,1.0503,1.1844,0.5553,2.9038,0.9739,0.4217,1.3544,0.8412,1.3455,0.8108,0.9880,4.3093,0.6902,0.4900,1.0766,1.8323,1.6911,2.7950,1.6662,8.0548,79.5781,2.1519,2.2732,0.4541,5.9170,0.6537,0.5437,1.2680,1.3015,0.7072,4.7977,1.9145,0.7693,2.1683,1.9852,1.8629,0.8811,1.8804,0.5674,2.9461,1.0630,0.5149,1.2651,1.2769,3.6696,1.4809,12.6666,1.7382,0.7405,2.4472,3.2431,0.6854,1.5637,2.6438,0.9324,0.5253,0.5692,1.3724,2.9247,0.5098,148.5176,1.0477,2.0416,0.3375,2.9100,0.4886,0.4048,1.4382,21.0850,2.1075,0.3579,2.0268,3.9003,1.0574,2.5304,0.4950,0.4679,0.4224,0.4296,2.8727,0.9461,0.8725,1.5736,3.3828,1.8064,3.5248,1.2191,0.3661,0.8566,0.3544,0.7260,2.1154,0.8142,0.3923,3.3133,1.4799,0.7115,0.7220,0.5070,1.3909,0.8602,4.6388,28.3352,1.7345,0.8101,1.5570,1.4844,2.0759,0.6205,1.1269,0.8462,0.5049,1.6266,1.2255,1.2240,0.8766,0.7040,0.9161,0.4748,2.1474,0.9070,6.2124,0.5421,1.1221,1.2940,1.8967,1.7281,1.5788,0.5380,77.0908,2.5939,0.4363,0.8777,0.4278,0.4928,0.3951,1.7937,7.0521,0.8442,1.5484,1.5183,1.2214,0.3481,2.7733,1.3909,1.4596,1.9997,0.9518,0.6742,0.5282,2.6652,1.0398,0.6321,0.6638,18.3249,4.0375,0.6855,0.9726,1.0450,0.7308,1.0609,1.9970,0.4645,24.8588,0.7830,2.8611,1.1887,0.4810,0.8960,0.4559,0.9105,1.6188,0.7363
36000,2.0410,1.9601,0.8979,0.3769,1.3088,0.6618,2.1794,1.2052,4.0569,0.3964,1.6456,2.2609,0.9264,2.8916,0.8097,1.8025,0.3591,1.2658,1.7184,3.2013,2.6615,0.9818,1.6317,0.5005,1.4533,2.5009,0.9168,2.5731,2.8259,0.9327,3.9060,2.7315,0.4035,2.1446,0.3579,0.6335,0.8763,8.4469,1.1380,0.5000,1.2753,0.8811,2.3030,0.5333,0.3633,1.6878,2.3628,1.8900,0.7645,1.0375,3.2913,0.5811,0.4483,0.3833,0.9777,2.4187,0.3686,2.6575,4.6064,1.8944,1.1706,0.8822,0.3460,1.6389,0.8398,0.9359,0.3723,2.4785,0.5485,1.5197,0.6661,1.4379,0.3561,2.1548,0.5359,1.1393,1.4675,0.6020,2.6823,3.1640,0.8822,6.0056,1.0154,0.4973,1.1568,0.6177,1.4411,1.4330,0.5984,0.6085,5.0691,0.8823,0.5397,0.5056,17.4479,0.5256,0.6319,1.2694,0.8684,1.9166,1.2359,2.4535,0.7317,0.4970,1.3402,1.9526,56.0506,0.4761,2.0024,1.3948,0.5032,0.4108,1.0165,1.2934,4.6335,3.8690,0.4606,0.7812,1.9951,0.8033,5.1885,0.3764,0.4206,2.0272,0.7949,1.8945,1.6458,1.2430,0.3950,2.2252,1.3471,0.4606,2.1501,1.1784,1.2384,1.0469,0.5098,1.7739,2.4441,1.5574,6.0342,1.0660,1.8605,1.1806,0.7586,1.6957,0.4093,0.6284,0.3622,3.6085,2.4605,1.8912,0.2721,1.3703,2.1718,3.7027,1.0457,2.1841,17.2906,2.1083,0.8564,0.4654,2.9041,13.1097,0.8602,1.4909,0.5458,0.4262,0.5585,0.7608,1.0123,0.4617,1.8649,0.5561,1.9681,3.0230,0.4719,0.4509,0.4258,2.1158,1.6528,1.1407,1.6765,1.7677,0.3245,0.5486,0.7642,0.9977,0.5714,2.4455,1.0230,0.4865,0.3407,2.9060,0.5883,1.6368,1.9487,0.7094,2.0939,0.4725,0.9309,1.2834,25.7483,2.5045,1.7747,5.4728,1.5850,251.5600,5.9722,1.2125,1.0600,13.5779,4.5911,2.1764,0.8577,2.0211,3.0425,2.1776,75.4047,0.4765,3.6417,24.5774,0.2871,2.0316,0.8083,4.0028,2.2164,1.0308,1.2579,0.5241,2.4390,1.5657,0.6086,1.2126,1.5484,1.1148,0.9918,0.9124,0.7084,0.9221,0.8028,3.1917,1.2889,1.8391,0.6718,0.6644,0.4568,2.5699,3.4506,0.6977,2.7548,2.6836,111.1417,0.6198,3.0648,2.2551,1.6977,0.5328,0.7878,2.4616,1.7844,0.5559,1.4784,0.6404,0.9389,0.6592,0.4222,2.0242,4.6946,0.3545,0.7280,0.4390,0.9260,1.2163,0.9107,0.8318,10.8256,0.2530,1.8852,0.7333,3.1275,2.5558,1.2308,2.4806,2.6432,0.6335,2.8621,1.8896,0.3927,0.9885,0.4013,1.2566,0.4104,2.2533,2.3868,2.4438,28.4213,4.7405,0.3473,2.6219,1.7402,0.6727,1.5836,1.3322,2.0138,0.5267,0.4344,1.0129,128.9173,0.4323,1.3434,1.9167,2.2324,1.8722,1.7103,0.5663,1.4738,3.6131,1.3259,0.6798,1.2851,10.5607,0.8348,0.9749,0.9281,0.4688,0.6485,1.2739,0.4940,2.4656,5.2689,2.0091,2.8034,1.1304,1.7428,1.6957,3.2704,0.6393,3.3417,1.2655,1.1611,0.8584,2.9981,0.8315,0.4181,1.5701,0.7118,1.5730,0.8714,0.9973,4.0449,0.6116,0.4203,0.9762,1.8136,1.3787,2.8944,1.8865,7.9009,79.8849,1.9468,2.6992,0.4704,5.6343,0.8689,0.6474,1.1947,1.4605,0.5409,4.9046,1.9093,0.7497,2.1847,2.0047,1.8396,0.8007,1.7912,0.5790,3.0636,0.9556,0.5909,1.4551,1.2641,3.8869,1.2910,12.4164,1.7098,0.3966,2.3075,3.1345,0.7280,1.3529,2.7004,1.1012,0.4956,0.5539,1.4239,2.8274,0.4805,147.8957,0.8249,1.7645,0.3129,2.7319,0.4323,0.3812,1.1513,20.9757,2.3767,0.4875,2.2115,4.1458,1.1214,2.4207,0.5984,0.4861,0.3189,0.3793,2.9587,0.7814,0.8694,1.2066,3.6637,1.7654,3.7932,0.8474,0.4524,1.0163,0.3397,0.8379,1.9687,0.7958,0.3287,3.4227,1.3542,0.7336,0.5451,0.5198,1.3068,0.8346,4.8947,28.2353,1.5528,0.8580,1.4970,1.2022,2.1920,0.5590,0.8888,0.7639,0.5271,1.7762,1.0380,1.0637,0.8433,0.6649,0.9556,0.5324,2.4838,0.9699,6.1307,0.3831,1.3761,1.2952,1.7146,1.6257,1.3906,0.5737,77.0653,2.7723,0.4114,0.7568,0.3913,0.5003,0.3387,1.6419,6.8994,1.0281,1.5896,1.6160,1.3530,0.3517,2.8187,1.2194,1.4585,2.1416,0.9159,0.8259,0.4740,2.9842,1.1388,0.7521,0.7648,18.2912,4.1554,0.6274,0.8648,1.1025,0.5766,1.0897,1.8382,0.5000,24.5776,0.5916,2.8101,1.4945,0.5248,0.9917,0.4836,0.6595,1.7511,1.1231
37000,1.9334,2.0782,0.6182,0.3760,1.2276,0.6648,2.0565,1.2638,4.0841,0.4089,1.6566,2.0269,0.9716,2.8603,0.7061,1.7570,0.3476,1.1968,1.6813,3.2046,2.4579,0.8984,1.8588,0.3544,1.4044,2.6502,0.9547,2.5587,2.7179,0.9499,3.7552,2.9946,0.4002,2.0085,0.4136,0.5661,0.8285,8.5701,1.1027,0.5815,1.5324,1.0042,2.4741,0.7001,0.3316,1.7632,2.3519,1.7072,0.7867,0.9046,3.1723,0.5145,0.4551,0.3632,1.1479,2.0530,0.3184,2.5627,4.6288,1.8072,1.3117,0.7713,0.3343,1.6063,0.6155,0.6861,0.3862,2.3009,0.4883,1.6320,0.5954,1.1659,0.3232,2.1662,0.5573,0.8747,1.4444,0.4609,2.5233,3.1600,0.8010,5.6879,1.1121,0.6136,1.1388,0.7015,1.4330,1.1399,0.9124,0.5066,5.2027,0.7433,0.5864,0.4288,17.1621,0.5597,0.8389,1.4937,0.7164,2.0024,1.2620,2.6441,0.7332,0.5438,1.3433,1.7159,55.3144,0.6304,1.9872,1.3568,0.5423,0.5313,0.9063,1.2792,4.5552,4.0295,0.5592,0.9114,1.6378,0.7410,5.2226,0.3813,0.3908,2.0543,0.7729,1.5827,1.7192,1.3877,0.5069,2.4339,1.1879,0.4554,2.1702,1.2925,1.3633,1.2446,0.5015,1.5009,2.6657,1.5448,5.5737,1.0763,1.9880,1.1670,0.9360,1.7264,0.3504,0.5623,0.3975,3.8188,2.4895,1.8330,0.3439,1.4136,2.0176,3.8973,0.7721,2.3159,17.1193,2.0121,0.9862,0.5128,2.8704,12.7914,0.8297,1.7253,0.6561,0.3944,0.5466,0.7094,1.4566,0.4908,2.0257,0.5053,1.9326,3.1927,0.4794,0.4752,0.3888,2.0690,1.9163,0.9821,1.8580,2.0129,0.2629,0.5728,0.7123,0.9090,0.3402,2.4862,1.1512,0.4011,0.3215,2.8483,0.6006,1.4021,1.8165,0.6186,1.9489,0.6694,0.6306,1.3136,25.3636,2.4235,1.5497,5.1631,1.5488,248.3270,6.1537,0.9864,1.0032,13.5339,4.1491,2.2061,0.8391,1.9719,2.8814,1.9459,74.6721,0.4229,3.7815,23.8483,0.2874,2.0008,1.0636,3.9770,2.5348,0.8465,1.2449,0.5136,1.9938,1.3184,0.6328,1.1480,1.2303,1.1884,0.8150,0.7675,0.6036,1.0493,0.8707,3.0228,1.5295,1.9946,0.5338,0.6870,0.4506,2.3979,3.2942,0.8107,2.6931,2.3353,109.6408,0.9579,3.3112,2.2186,1.7541,0.4918,0.5293,2.3526,2.0007,0.6334,1.4867,0.4982,0.7158,0.5757,0.4078,2.1452,4.4401,0.3470,0.8375,0.4193,0.7893,1.3398,0.6624,0.7991,10.5171,0.2714,1.9767,0.8259,2.8608,2.6306,1.1267,2.5324,2.6517,0.6263,2.4307,2.2093,0.3334,0.8924,0.4304,1.1229,0.3907,2.2584,2.0400,2.2728,28.1767,4.6126,0.4108,2.4307,1.6159,0.6739,1.7642,1.3579,1.9351,0.6322,0.4145,1.0102,127.1157,0.4487,1.2930,2.0923,2.4331,1.9207,2.0105,0.4317,1.4716,3.2609,1.3796,0.7056,1.3286,10.5708,0.7403,0.9971,0.8812,0.5316,0.6116,1.2453,0.4430,2.2988,5.1985,1.7282,2.7419,1.4890,1.7708,1.5815,3.6605,0.5772,3.4954,1.0522,1.4564,0.6489,2.6728,0.9595,0.4136,1.4254,0.7217,1.7275,0.8719,1.1135,4.0969,0.6267,0.4294,0.8687,2.0153,1.3668,2.9020,1.9417,7.8066,78.2318,1.9847,2.4102,0.4463,5.7964,0.6684,0.4843,1.2880,1.3567,0.5795,4.8406,1.6848,0.6593,2.0038,2.0419,1.8340,0.7156,1.5683,0.5278,3.0502,0.8236,0.6946,1.2789,1.3905,4.0830,1.3444,12.4413,1.6744,0.5666,2.3150,3.3347,0.6140,1.2724,2.4096,0.8912,0.4160,0.4082,1.3009,3.0230,0.4538,146.0662,0.9346,1.8190,0.3416,2.9415,0.3703,0.3448,1.1642,20.6677,2.1505,0.4570,2.2262,3.9183,1.0575,2.3635,0.4867,0.5005,0.3077,0.4621,2.8250,0.8069,0.7561,1.2834,3.7732,1.8573,3.5396,0.9111,0.4044,1.0752,0.2733,0.7328,2.2214,0.7594,0.3275,3.2697,1.7312,0.8095,0.5429,0.3778,1.5018,0.7464,4.7158,27.6059,1.7090,0.7870,1.5929,1.0828,1.8882,0.6193,1.0141,1.0845,0.5635,1.5899,1.1452,1.3110,0.8239,0.7969,0.7664,0.4648,2.2234,0.8414,6.0418,0.5433,1.3788,1.1893,1.9326,1.4999,1.5898,0.5179,75.8997,2.5440,0.3577,0.7019,0.2768,0.4569,0.3053,1.7388,6.5940,1.2128,1.5334,1.4408,1.2696,0.3029,2.9716,1.1493,1.2861,2.2620,1.2791,0.7001,0.4609,2.8368,1.0693,0.6281,0.6530,18.0978,3.9394,0.6424,0.7418,1.0746,0.5601,1.0073,1.9024,0.5051,24.2066,0.7208,2.7282,1.6465,0.4632,1.2216,0.4188,0.4929,1.4272,0.7993
38000,1.8594,1.8664,0.5712,0.3423,1.5031,0.7330,2.1391,1.3354,4.1756,0.5133,1.6073,1.9907,0.9304,2.8417,0.9064,1.6944,0.3795,1.1125,1.6209,3.3923,2.3926,1.0494,1.6419,0.3660,1.2645,2.7076,0.8250,2.5427,2.5975,0.8035,3.8992,2.8986,0.3747,2.2956,0.3229,0.4639,0.6875,8.4709,1.0977,0.4949,1.2846,0.8574,2.2882,0.5928,0.3343,1.7588,2.3855,1.6890,0.7864,0.7987,2.9285,0.5531,0.3921,0.3716,1.1513,2.2388,0.3066,2.3772,4.6952,1.8949,1.1987,0.9458,0.4657,1.6108,0.5995,0.7384,0.3343,2.5008,0.5135,1.5341,0.8034,1.3265,0.3015,2.3510,0.5293,1.0159,1.2302,0.4579,2.3831,2.9003,0.6321,5.7215,0.8488,0.5599,1.2400,0.6564,1.3929,1.2635,0.8774,0.5075,5.1306,0.8132,0.5734,0.4195,17.2166,0.7384,0.7501,1.2505,0.8484,1.9513,1.1387,2.2995,0.7475,0.5192,1.1845,1.7117,55.0065,0.4634,2.0595,1.3578,0.4798,0.4453,0.7543,1.0718,4.6506,4.0746,0.6429,0.7027,1.7805,0.8602,5.0992,0.5179,0.3964,2.0808,0.7607,1.7126,1.6613,1.5178,0.5216,2.3982,1.4946,0.4202,2.2228,1.1781,1.3614,1.0651,0.4753,1.6160,2.6048,1.4517,5.6705,1.0599,1.9596,1.0741,0.9935,1.4615,0.3672,0.5035,0.3877,3.7527,2.4500,1.8025,0.2710,1.3913,1.9414,3.7420,0.7943,2.3928,17.1768,2.0366,0.8616,0.3819,2.7453,13.1418,0.8848,1.4986,0.6333,0.4933,0.5823,0.5773,1.4796,0.4144,2.0063,0.5436,1.9180,3.0627,0.4504,0.5453,0.4657,2.0092,1.6378,1.3553,1.5708,1.9878,0.3135,0.5214,0.7397,0.8789,0.4689,2.4041,1.0460,0.3869,0.3775,2.8447,0.4486,1.5136,2.0606,0.7529,1.9182,0.6602,0.7355,1.2192,25.0157,2.3831,1.5657,4.9634,1.3958,248.3926,5.9056,1.2761,1.1688,13.4423,4.0798,2.1185,0.8232,2.1443,2.5871,2.1111,74.6601,0.4822,3.5443,23.7216,0.2810,1.8561,1.0859,4.0686,2.4809,0.9348,1.0692,0.4394,2.1470,1.5915,0.6751,1.4279,1.3892,1.1304,0.7706,0.9892,0.8317,1.0757,0.7706,2.9441,1.3515,1.6925,0.5295,0.5772,0.4490,2.4480,3.5243,0.8953,2.6879,2.3173,109.8556,0.8901,2.9032,2.0770,1.6318,0.4828,0.6075,2.3126,2.0813,0.5366,1.3710,0.6659,0.8019,0.5440,0.3921,2.0167,4.3853,0.3976,0.7666,0.3846,0.7870,1.3486,0.7830,0.7668,10.4170,0.2459,1.8751,0.7559,2.5577,2.5329,0.9435,2.7260,2.5870,0.5812,2.5879,2.1287,0.3657,1.1946,0.4308,0.9938,0.3854,2.2500,2.2187,2.2210,28.1889,4.7879,0.3815,2.5096,1.4260,0.8011,1.7932,1.5358,1.9323,0.5288,0.4904,0.8881,127.1175,0.4257,1.3900,1.7756,2.3765,1.8744,2.1100,0.4771,1.4793,3.4649,1.2775,0.7570,1.4642,10.5579,0.7756,1.1018,0.8422,0.4862,0.8616,1.0792,0.4596,2.1689,5.0262,1.8631,3.1910,1.2410,1.5953,1.4400,3.6394,0.7124,3.5279,1.1995,1.1161,0.4973,2.6226,0.5874,0.3976,1.4314,0.7825,1.5027,0.6693,1.1555,4.0907,0.6661,0.4474,0.8622,2.1796,1.3929,2.7052,1.9255,7.8262,78.3387,1.9371,2.2525,0.4779,5.8903,0.6765,0.5580,1.3796,1.1615,0.4551,4.8277,1.7531,0.7232,1.8520,2.1049,1.7268,0.8209,1.6836,0.5870,3.0576,0.9664,0.5671,1.3849,1.0668,3.7565,1.6053,12.2877,1.6489,0.4400,2.4206,3.1802,0.6534,1.3351,2.5453,0.8233,0.4028,0.4346,1.4708,2.7556,0.4043,146.3021,0.9510,1.9042,0.3523,2.6744,0.3819,0.2970,1.1840,20.6718,2.1058,0.4167,2.1168,3.6578,1.1415,2.3900,0.4879,0.4655,0.3591,0.4788,2.9406,0.6812,0.7197,1.5254,3.6490,1.8428,3.6657,0.8851,0.6242,1.0802,0.3613,0.7315,2.0875,0.8136,0.3583,3.2107,1.1763,0.6900,0.5837,0.5234,1.3649,0.7099,4.6750,27.6058,1.5219,0.8204,1.7668,1.2741,2.0663,0.5041,0.7185,0.9363,0.4231,1.7229,1.2860,1.1391,0.8463,0.6760,0.7066,0.4738,2.1070,0.7502,6.0198,0.4735,1.3512,1.2318,1.8564,1.5024,1.7131,0.5093,75.8877,2.5132,0.4575,0.8223,0.2631,0.4695,0.3659,1.7718,6.6963,0.9228,1.7313,1.3573,1.4485,0.3237,2.8068,1.2665,1.2530,2.0708,1.0690,0.7564,0.4531,3.0409,1.1005,0.7348,0.6690,18.3706,4.1198,0.5528,0.8336,1.0523,0.5238,0.9202,1.9209,0.5427,24.3194,0.5663,2.6066,1.5656,0.4000,0.9672,0.3809,0.7174,1.4809,0.7307
39000,1.9374,1.7498,0.6255,0.3505,1.4161,0.5719,2.1364,1.3158,4.0473,0.5325,1.8797,1.9587,0.9677,2.7870,0.8168,1.7913,0.3254,1.0539,1.6814,3.3354,2.5392,0.8471,1.7929,0.4811,1.4170,2.4857,0.8710,2.4227,2.7526,0.7835,3.8078,2.8607,0.3966,2.1021,0.3137,0.4441,0.9315,8.4578,1.1347,0.5009,1.3122,1.0358,2.3069,0.5673,0.2935,1.5091,2.4453,1.6579,0.8051,0.9337,3.0263,0.6165,0.3978,0.3430,1.2531,2.0930,0.3476,2.4354,4.4727,2.0031,1.0849,0.7573,0.3476,1.5888,0.8004,0.7958,0.3783,2.4180,0.5272,1.3301,0.6632,1.1369,0.3287,2.2389,0.7213,0.8792,1.2923,0.4245,2.5624,2.9236,0.6686,5.6500,1.0804,0.5433,1.1793,0.6434,1.4273,1.0593,0.7210,0.4734,5.1617,0.8010,0.6183,0.4372,17.0532,0.5389,0.6574,1.0338,0.6652,1.9559,1.1110,2.5427,0.7342,0.6607,1.2969,1.7482,54.0929,0.4606,2.1889,1.2868,0.4752,0.4583,0.7856,1.3492,4.6346,3.8405,0.3553,0.5797,1.7888,0.8971,5.2551,0.3836,0.3726,1.9488,0.6910,1.5991,1.1551,1.0728,0.4907,2.2255,1.4309,0.4198,1.8973,1.3244,1.1199,1.0984,0.4432,1.6247,2.7044,1.3677,5.6426,0.9745,2.0584,1.0962,1.1486,1.6939,0.4124,0.4511,0.3485,3.6516,2.6463,1.7296,0.2857,1.2487,2.1727,3.7613,0.9051,2.3206,16.9218,1.9996,0.9677,0.5254,2.7975,12.7676,0.8250,1.4599,0.8399,0.3908,0.7358,0.6373,0.9807,0.6002,1.9447,0.5697,1.7053,3.2925,0.4280,0.5225,0.4065,1.8193,1.5793,1.3174,1.4476,2.0561,0.3363,0.5609,0.7346,0.7418,0.4010,2.1289,0.9708,0.4861,0.3354,2.8303,0.4977,1.4178,1.9692,0.6487,1.7795,0.5085,0.5857,1.2303,24.7337,2.6296,1.5636,4.9383,1.5164,244.0673,5.9354,1.2690,0.7846,13.1413,4.2415,1.9512,0.7676,1.9584,2.8127,1.8559,73.4814,0.4386,3.4674,22.9824,0.3041,2.1533,0.8800,3.9659,2.4009,0.8470,1.0844,0.4642,2.0910,1.4497,0.5681,1.3421,1.2404,1.0280,0.7285,0.9172,0.6049,0.9193,0.7935,2.9936,1.4435,1.6637,0.5426,0.6150,0.4542,2.4413,3.3505,0.7511,2.5989,2.3617,108.0191,0.9736,2.9144,1.8862,1.5926,0.4627,0.5523,2.2865,2.1112,0.6980,1.4495,0.5428,0.8389,0.5415,0.4054,1.9948,4.3976,0.4146,0.7911,0.5107,0.7829,1.2790,0.8545,0.9691,10.2039,0.2299,1.8238,0.7715,2.5500,2.4623,1.0026,2.6471,2.8879,0.5995,2.3911,2.1720,0.3382,1.1312,0.4778,0.9388,0.4023,2.2118,2.0817,2.3994,27.7327,4.5649,0.2903,2.2799,1.5711,0.6430,1.5818,1.6300,1.8152,0.7109,0.3975,0.9009,124.9786,0.4415,1.2747,1.9701,2.2374,1.7988,2.2071,0.5175,1.3595,3.2734,1.5176,0.6850,1.5995,10.2367,0.7534,1.1352,0.8537,0.3986,0.6104,1.3135,0.4408,2.1764,5.1886,1.9830,3.1211,1.1282,1.5965,1.5642,3.5370,0.6187,3.3866,1.0603,1.1781,0.6809,2.6243,0.6979,0.4132,1.2570,0.6967,1.3707,0.7159,1.2182,4.1215,0.5430,0.4287,0.7420,1.9439,1.3732,2.6575,1.8953,7.6996,76.9922,1.9167,2.2920,0.4681,5.6614,0.7979,0.5241,1.1087,1.2639,0.6367,4.6998,1.8359,0.6982,1.7503,2.0629,1.7082,0.9062,1.7208,0.6155,2.8832,0.9759,0.5146,1.1938,1.2458,3.7268,1.3908,12.4344,1.5811,0.3532,2.3568,3.0635,0.6997,1.2590,2.4669,0.8470,0.4639,0.4686,1.4047,2.8773,0.5553,143.9163,0.6278,1.7540,0.3309,2.8550,0.3544,0.3087,1.3368,20.3281,2.0208,0.3930,2.2344,3.8976,0.9357,2.3369,0.4978,0.4301,0.3561,0.6072,2.7325,0.7118,0.7508,1.3928,3.7116,1.8729,3.5777,0.8905,0.4323,1.0130,0.3443,0.7145,2.2918,0.5933,0.3783,3.0851,1.1964,0.5989,0.5456,0.4525,1.4420,0.7466,4.4914,27.0898,1.5841,0.6978,1.4135,1.1326,2.0086,0.5131,0.9097,1.0162,0.5033,1.6063,0.9979,1.1250,0.8219,0.6899,0.7249,0.4270,2.2665,0.9419,5.9634,0.4497,1.2446,1.0658,1.7066,1.4655,1.5823,0.5157,74.6876,2.5843,0.3825,0.8087,0.3121,0.5452,0.3902,1.7119,6.5238,0.9493,1.4382,1.5867,1.4722,0.3580,2.9758,1.2136,1.2395,2.1116,1.0843,0.5994,0.6010,2.7644,0.9427,0.6691,0.6832,18.0661,3.9491,0.5637,0.6552,1.1127,0.7679,1.1381,2.0147,0.4321,23.7266,0.5334,2.6199,1.2137,0.4158,1.0305,0.3997,0.5907,1.5636,0.9022
40000,1.9531,1.7521,0.7612,0.3626,1.2913,0.5630,1.9598,1.2474,4.0926,0.4295,1.8312,1.8923,0.9907,2.5485,0.5920,1.7426,0.3192,1.1439,1.4915,3.0962,2.1989,0.8328,1.6580,0.4080,1.3354,2.3555,0.7540,2.6180,2.8546,0.7907,3.7434,2.9706,0.3982,2.1729,0.3849,0.4957,0.7142,8.4413,1.0218,0.5565,1.3966,0.9796,2.1501,0.6148,0.3349,1.8392,2.3645,1.8100,0.6433,0.8779,2.9847,0.7838,0.3665,0.3244,1.1771,2.0011,0.3237,2.5209,4.6039,1.8693,1.4304,0.9221,0.4179,1.5568,0.6436,0.9982,0.3436,2.3652,0.5066,1.4893,0.7261,1.1325,0.2941,2.2053,0.4984,0.8885,1.2625,0.5063,2.2449,2.6234,0.8385,5.7662,0.8192,0.5743,1.2567,0.4936,1.5690,1.2857,0.7355,0.4436,5.1183,0.7024,0.5937,0.4087,17.1487,0.7761,0.8238,1.3631,0.6709,2.2398,1.2280,2.5803,0.6830,0.6181,1.4203,1.8651,53.9514,0.4163,2.1142,1.2427,0.4523,0.5256,0.9918,1.1601,4.4660,3.7241,0.5677,0.6600,1.8486,0.9793,5.0785,0.4243,0.3461,1.9240,0.8692,1.5580,1.5468,1.2603,0.5333,2.1085,1.3146,0.3911,2.2643,1.1440,1.2145,1.2559,0.4563,1.7369,2.7193,1.5747,5.5473,1.0236,1.9092,1.1396,1.1099,1.5582,0.3179,0.4596,0.3196,3.7749,2.4716,1.8408,0.2559,1.2921,2.0569,3.5890,0.7261,2.5439,16.7382,2.1035,0.9277,0.3230,2.6494,12.7648,0.7089,1.5970,0.6352,0.4260,0.4933,0.6628,1.2499,0.6006,2.0378,0.5289,1.7554,3.1918,0.4330,0.4187,0.3006,2.1259,1.5557,1.4001,1.6080,1.9498,0.2618,0.6133,0.6483,0.8310,0.3728,2.1721,1.1446,0.3671,0.2917,3.1251,0.4625,1.3540,1.9180,0.5996,1.9408,0.8592,0.7436,1.5250,24.7192,2.4663,1.7366,5.0175,1.4547,244.2901,5.9602,1.5251,0.9996,13.3503,4.1823,2.0818,0.8256,2.0820,2.7279,1.9227,73.5990,0.3837,3.4440,22.7642,0.2703,2.5244,0.8196,4.1816,2.2617,0.8970,1.0387,0.5013,2.0711,1.3466,0.4709,1.3233,1.3742,1.1737,0.7296,0.9576,0.8330,0.9456,0.7734,3.0489,1.4481,1.5848,0.4726,0.7507,0.4245,2.4258,3.3912,0.7408,2.6856,2.4007,107.9414,0.9995,3.1725,2.0035,1.7293,0.4904,0.6025,2.2016,1.9936,0.5723,1.4372,0.5338,0.8807,0.5841,0.3591,1.7808,4.5538,0.3577,1.0833,0.6034,0.8888,1.4726,0.6898,0.6883,10.2018,0.2989,1.8808,0.7357,2.9089,2.3938,0.9158,2.4150,2.8671,0.5907,2.9250,1.9902,0.3950,0.7818,0.4546,1.1114,0.3412,2.1941,2.0749,2.1332,27.5821,4.6632,0.3277,2.5608,1.6405,0.6745,1.7113,1.5770,2.0068,0.4875,0.4565,1.0575,125.2712,0.5089,1.1892,2.0706,2.2627,1.8934,2.1011,0.4181,1.2928,3.4539,1.6361,0.8727,1.3485,10.3054,0.7295,1.1903,0.9574,0.4710,0.7041,1.2928,0.4230,2.3471,4.9928,2.0541,2.9801,1.1162,1.5220,1.5255,3.6102,0.7190,3.4588,1.1942,0.9938,0.8048,2.5343,0.8064,0.3473,1.2030,0.7370,1.3124,0.8566,1.0750,3.9530,0.7661,0.4139,0.7903,2.0857,1.2875,2.5751,1.8639,7.5950,77.0503,2.0047,2.4504,0.5104,5.7330,0.6975,0.6549,1.2954,1.2670,0.4817,4.6299,1.7115,0.5952,1.8890,2.0151,1.8739,0.9631,1.8111,0.4756,2.7311,0.9672,0.4844,1.3230,1.4125,3.9527,1.4312,12.3379,1.6156,0.4838,2.1355,2.9755,0.6947,1.2310,2.5628,0.9223,0.5419,0.5563,1.2883,2.8154,0.4566,144.2592,1.1311,1.7526,0.3163,2.8580,0.4670,0.4159,1.0555,20.5097,2.1713,0.4271,2.3384,3.7401,1.0368,2.2947,0.4411,0.4238,0.3080,0.4242,2.8284,0.6718,0.6602,1.5931,3.3366,1.7573,3.6654,1.0936,0.4028,1.0706,0.2748,0.7339,1.9962,0.7595,0.3850,3.2624,1.4853,0.6782,0.5644,0.3351,1.4615,0.8996,4.8452,27.4941,1.7640,0.5339,1.8229,1.1785,1.9652,0.5511,0.9524,1.0021,0.4576,1.7144,1.0076,1.1244,0.9260,0.6798,0.7258,0.3978,2.2421,1.0638,5.8871,0.5676,1.2089,0.9978,1.7404,1.4938,1.3199,0.4543,74.4601,2.6225,0.3891,0.8329,0.3331,0.4410,0.4677,1.8333,6.4237,0.7889,1.7372,1.7284,1.1650,0.3736,2.8531,1.3928,1.3533,2.3396,0.9983,0.8021,0.5530,2.7195,1.0933,0.7591,0.6906,18.0828,3.9737,0.4794,0.6033,1.0441,0.6330,0.8231,1.8606,0.4119,24.0675,0.5958,2.8498,1.3011,0.3703,1.0395,0.3830,0.6345,1.5066,0.8743
