iter,lr,loss,ratio_L0,ratio_L1,ratio_L2,ratio_L3,ratio_L4,ratio_L5,ratio_L6,ratio_L7,birth_layer,birth_ratio,birth_channel,birth_position
0,1.9933554817275746e-06,nan,7.7131,7.7472,8.3631,8.3032,8.1019,8.0301,8.0209,7.4862,2,8.3631,449,24
50,0.00010166112956810631,7.825046539306641,10.0077,7.4753,6.5666,5.5968,5.0574,4.5277,3.8859,3.4354,0,10.0077,34,349
100,0.00020132890365448503,6.132696151733398,9.9125,7.8143,6.8376,5.9193,5.6418,5.0257,4.2855,3.6929,0,9.9125,34,131
150,0.00030099667774086375,5.600620746612549,10.3573,8.0463,6.9649,6.5449,5.9786,5.3682,4.8165,4.6066,0,10.3573,34,0
200,0.00040066445182724246,5.759556293487549,10.0691,7.5803,7.1032,6.5638,6.2567,5.8914,5.8666,5.5918,0,10.0691,34,0
250,0.0005003322259136212,6.104794025421143,9.7350,7.3746,6.8520,6.4338,5.8701,5.8722,5.8660,5.7286,0,9.7350,406,417
300,0.0006,4.719393253326416,8.7984,7.4812,7.2359,7.1060,6.8032,6.3145,6.2945,6.0473,0,8.7984,21,153
350,0.0005999978865501717,5.578025817871094,7.9559,7.3950,7.3373,7.4966,7.3110,7.2631,7.3785,7.1080,0,7.9559,487,0
400,0.0005999915462337735,5.115112781524658,8.7833,7.8932,7.5056,7.0950,7.0769,7.1959,7.2824,7.0906,0,8.7833,21,18
450,0.0005999809791500642,5.1219258308410645,8.3543,7.4010,7.5944,7.8427,7.8310,7.6296,7.1143,7.1262,0,8.3543,430,40
500,0.0005999661854644733,4.439412593841553,7.8076,7.5121,7.5322,8.3588,8.0072,8.5110,7.9022,7.5236,5,8.5110,430,224
550,0.0005999471654085987,4.921417236328125,7.9988,8.0553,8.0147,8.8890,8.3657,8.2444,7.7575,7.7451,3,8.8890,221,4
600,0.0005999239192802029,5.161032199859619,8.0257,8.1220,9.7073,10.1675,9.7923,9.7172,8.7725,8.6528,3,10.1675,221,2
650,0.0005998964474432084,4.510513782501221,8.2996,9.0873,10.2950,10.6219,10.2556,9.5398,8.5058,8.7110,3,10.6219,221,2
700,0.0005998647503276917,4.140002727508545,8.3923,9.1547,10.1077,11.3275,11.0375,9.8645,8.6515,9.4995,3,11.3275,221,0
750,0.0005998288284298771,5.135122299194336,9.7429,10.2332,11.3800,12.4451,11.9021,10.5513,8.8702,10.4280,3,12.4451,221,0
800,0.0005997886823121284,4.93989372253418,9.2481,11.4269,12.5685,13.9898,13.7953,9.6137,9.2001,10.0364,3,13.9898,221,0
850,0.0005997443126029405,4.884937286376953,10.3484,11.0271,12.1072,12.8408,12.0005,10.0159,9.7333,10.9056,3,12.8408,221,0
900,0.0005996957199969296,4.919142246246338,10.9315,12.0972,13.3689,14.7098,13.4054,10.4326,9.4939,12.7957,3,14.7098,221,0
950,0.0005996429052548216,4.792961120605469,11.8564,13.1394,14.4897,16.0598,15.2101,9.1139,9.8271,11.2234,3,16.0598,221,0
1000,0.000599585869203441,5.023582458496094,11.9803,14.4885,15.5535,17.1088,16.1141,10.3320,9.9257,13.5814,3,17.1088,221,0
1050,0.0005995246127356977,4.562036514282227,11.7096,15.2619,16.7588,18.0327,17.1504,11.7223,9.8542,12.1474,3,18.0327,221,0
1100,0.0005994591368105732,4.132907390594482,11.8907,15.9095,18.3405,20.2804,19.3340,14.7880,10.4219,14.7201,3,20.2804,221,0
1150,0.0005993894424531047,4.1176323890686035,11.9369,17.8145,19.0912,20.2487,19.3793,15.1056,11.0287,15.7339,3,20.2487,221,0
1200,0.0005993155307543707,4.227917194366455,12.2997,18.0007,20.6010,22.0399,21.3783,18.3724,11.9023,17.1794,3,22.0399,221,0
1250,0.000599237402871472,4.2984538078308105,11.6420,19.3474,21.6171,22.6844,22.2604,19.8958,11.6521,17.0377,3,22.6844,221,0
1300,0.0005991550600275153,4.110137462615967,12.2043,19.5026,22.2703,24.1913,23.1278,21.1699,11.0138,16.7691,3,24.1913,221,0
1350,0.0005990685035115928,4.328160762786865,12.1099,19.3669,21.2444,22.4135,22.2467,22.5310,11.1155,19.3572,5,22.5310,221,0
1400,0.0005989777346787627,4.244436264038086,12.4144,21.1014,23.6706,24.7517,23.9191,24.1811,11.5384,19.0242,3,24.7517,221,0
1450,0.0005988827549500277,4.621944427490234,13.1579,22.5670,25.0118,26.3881,25.5795,26.4176,11.9618,20.1604,5,26.4176,221,0
1500,0.0005987835658123131,4.313642978668213,13.6967,21.8179,24.9096,25.7073,25.0822,26.8573,12.0316,21.9387,5,26.8573,221,0
1550,0.0005986801688184429,4.65090799331665,13.6504,22.2587,24.9770,26.6647,26.0731,28.7380,12.2342,21.4671,5,28.7380,221,0
1600,0.0005985725655871162,4.6304612159729,14.6732,23.4255,25.7376,26.5613,25.4079,27.7616,12.1476,21.4613,5,27.7616,308,0
1650,0.0005984607578028813,4.806847095489502,14.5966,23.5118,25.9186,26.9190,26.4064,32.3462,13.1916,22.6951,5,32.3462,308,0
1700,0.0005983447472161096,4.1976799964904785,14.2835,23.8771,25.6577,26.7644,25.5582,30.7756,13.1267,23.3417,5,30.7756,308,0
1750,0.0005982245356429682,4.111827850341797,14.4985,23.7460,26.1912,27.3810,26.4278,33.0479,12.9795,24.5446,5,33.0479,308,0
1800,0.0005981001249653915,3.72226619720459,14.6333,25.3429,27.1600,27.4497,26.2691,34.0047,13.1678,25.0353,5,34.0047,308,0
1850,0.0005979715171310514,4.055138111114502,15.7537,27.4072,28.8009,30.0315,29.0510,36.5461,14.4970,27.0010,5,36.5461,308,0
1900,0.0005978387141533272,3.9898154735565186,15.8878,28.7216,29.7884,30.0155,28.2457,38.6419,13.3770,26.8284,5,38.6419,308,0
1950,0.0005977017181112741,4.013638019561768,15.9594,27.2395,28.1373,28.7685,27.6935,39.0652,13.8224,26.5743,5,39.0652,308,0
2000,0.0005975605311495901,4.288808345794678,16.8518,26.3596,27.9180,29.1309,28.2311,38.5804,14.1479,27.3430,5,38.5804,308,0
2050,0.0005974151554785833,3.7697582244873047,17.6972,29.5715,30.4393,31.5583,29.9996,41.6427,15.2933,29.5453,5,41.6427,308,0
2100,0.0005972655933741363,4.020330429077148,17.9517,31.2416,31.9055,31.8594,28.6385,39.3494,13.6478,27.1677,5,39.3494,308,0
2150,0.0005971118471776715,3.624335527420044,18.4819,29.4704,30.6653,30.2837,27.9300,43.2824,14.4152,30.7409,5,43.2824,308,0
2200,0.0005969539192961138,4.459109783172607,18.5935,31.1797,31.8288,30.9943,28.5615,41.7435,15.2908,29.8888,5,41.7435,308,0
2250,0.0005967918122018535,3.6320769786834717,19.9668,31.8585,32.3663,31.8898,27.6958,44.0537,15.1351,31.4027,5,44.0537,308,0
2300,0.0005966255284327066,3.671555757522583,18.3480,32.2361,33.0361,31.8746,28.6397,44.6487,15.4392,32.4035,5,44.6487,308,0
2350,0.0005964550705918763,4.021392345428467,19.5982,31.9150,31.8874,31.2569,27.8389,45.1913,16.1118,31.1063,5,45.1913,308,0
2400,0.0005962804413479114,4.215327739715576,20.1050,32.5453,33.1815,32.5547,28.2287,46.5344,16.0784,31.1462,5,46.5344,308,0
2450,0.0005961016434346648,4.094292163848877,19.5028,32.6221,33.5956,32.9324,29.1053,48.6732,16.1647,32.5792,5,48.6732,308,0
2500,0.0005959186796512508,3.931791067123413,20.0846,34.1827,35.1255,33.7287,29.5532,48.8432,16.2556,32.0214,5,48.8432,308,0
2550,0.000595731552862001,3.6891422271728516,20.9387,35.3218,35.6284,33.9020,29.3802,50.7424,16.5805,32.6728,5,50.7424,308,0
2600,0.0005955402659964199,3.2634212970733643,21.4551,34.2089,34.9723,35.2010,31.7018,53.8581,18.2390,34.7147,5,53.8581,308,0
2650,0.0005953448220491381,4.010578632354736,20.9120,35.9242,35.7992,35.0524,30.5722,52.0254,17.0031,33.7866,5,52.0254,308,0
2700,0.000595145224079867,3.915205717086792,21.9826,37.2843,36.1576,34.4725,30.0347,51.8408,16.8323,35.4032,5,51.8408,308,0
2750,0.0005949414752133493,3.709946393966675,21.8113,36.7373,36.3331,34.6779,30.2253,54.5783,16.5353,36.1987,5,54.5783,308,0
2800,0.000594733578639311,3.78070068359375,22.8259,36.6427,35.6936,34.8815,30.9824,53.8155,17.5392,36.2685,5,53.8155,308,0
2850,0.0005945215376124113,3.2023305892944336,24.1027,39.1224,38.0114,36.6780,32.2704,55.6282,19.0827,36.2784,5,55.6282,308,0
2900,0.0005943053554521914,4.149325847625732,24.6642,39.5916,38.7940,37.4663,33.1590,59.3840,18.9172,36.5228,5,59.3840,308,0
2950,0.0005940850355430228,3.773634672164917,24.7824,39.6265,38.1706,37.6900,33.3845,59.4039,19.1719,36.0104,5,59.4039,308,0
3000,0.000593860581334054,3.6803665161132812,25.1192,37.1354,36.7805,35.1965,30.9094,61.2465,18.7799,37.2636,5,61.2465,308,0
3050,0.0005936319963391573,4.691131591796875,25.2080,39.0621,37.8145,36.0641,30.1274,55.9160,17.0220,35.0896,5,55.9160,308,0
3100,0.0005933992841368725,3.6300573348999023,26.5188,39.4439,38.7964,37.4576,31.8172,59.0598,18.6298,39.3034,5,59.0598,308,0
3150,0.0005931624483703521,3.8067033290863037,26.9955,40.8712,39.8435,38.3081,32.3888,62.0077,18.5280,40.8778,5,62.0077,308,0
3200,0.0005929214927473036,3.5992844104766846,26.9900,41.3626,40.2356,38.4695,32.5385,59.8923,20.7750,41.9776,5,59.8923,308,0
3250,0.0005926764210399314,3.8925819396972656,26.4622,39.8632,39.4533,37.4355,31.5763,62.8517,19.3926,38.8752,5,62.8517,308,0
3300,0.0005924272370848784,4.146363258361816,27.5703,40.9807,39.3781,37.9244,32.5158,60.2455,21.2035,40.0328,5,60.2455,308,0
3350,0.000592173944783165,3.0669431686401367,28.9618,40.7655,39.5831,37.8220,33.4121,66.9893,21.0357,39.5027,5,66.9893,308,0
3400,0.000591916548100129,4.022057056427002,28.6063,41.0872,41.9420,39.8515,33.5183,65.3910,20.8126,40.7908,5,65.3910,308,0
3450,0.0005916550510653627,2.994614839553833,29.4116,40.5907,39.2329,37.7617,32.0321,64.2745,19.9781,38.6370,5,64.2745,308,0
3500,0.0005913894577726502,3.462643623352051,29.8033,43.0594,41.6285,39.1986,33.6056,66.9905,19.9470,40.6652,5,66.9905,308,0
3550,0.0005911197723799035,3.932419776916504,31.3589,42.2333,40.6013,39.1439,33.6574,68.3576,19.9200,40.2315,5,68.3576,308,0
3600,0.0005908459991090969,3.831486940383911,31.5042,42.4805,41.0868,38.8332,33.1799,67.0453,20.5991,38.9464,5,67.0453,308,0
3650,0.0005905681422462013,3.6889894008636475,32.3228,42.7085,40.9605,39.4163,34.5701,69.9984,22.7317,41.8159,5,69.9984,308,0
3700,0.0005902862061411172,3.775738477706909,31.4336,45.3236,43.4361,40.8706,33.5747,68.4590,20.2564,41.5735,5,68.4590,308,0
3750,0.0005900001952076059,3.5350120067596436,33.6748,43.4523,43.1027,41.0407,34.8964,71.5680,21.4368,40.3107,5,71.5680,308,0
3800,0.0005897101139232212,3.8853015899658203,31.3896,44.6383,43.6169,41.6386,35.3723,72.8160,21.6095,41.8756,5,72.8160,308,0
3850,0.0005894159668292391,3.9370250701904297,32.4779,45.0896,43.6841,41.3457,35.4941,73.3865,22.0011,40.5089,5,73.3865,308,0
3900,0.0005891177585305865,3.8865578174591064,31.5300,44.5112,43.5757,41.6199,35.1677,72.4490,21.2348,41.4458,5,72.4490,308,0
3950,0.000588815493695769,3.2685577869415283,33.7641,43.8621,42.4500,39.3951,34.8191,71.0230,21.5075,41.5541,5,71.0230,308,0
4000,0.0005885091770567981,3.636800527572632,33.8707,47.0000,45.3567,42.6539,37.0351,75.8052,22.4707,42.7778,5,75.8052,308,0
4050,0.0005881988134091174,3.4165923595428467,34.0474,45.6733,44.0423,41.6308,37.5010,79.1532,23.7652,41.1810,5,79.1532,308,0
4100,0.0005878844076115267,3.807687759399414,34.8520,46.0351,45.2515,43.2349,37.1778,78.5599,22.3994,43.3664,5,78.5599,308,0
4150,0.0005875659645861066,3.2044782638549805,35.4050,46.1405,44.4072,41.3427,36.2975,76.0224,21.4231,41.9960,5,76.0224,207,0
4200,0.0005872434893181411,4.159597873687744,34.3830,44.4621,43.4547,41.3513,35.9600,79.5845,22.1096,40.5806,5,79.5845,207,0
4250,0.0005869169868560402,3.8206164836883545,38.0857,46.9600,45.3988,42.8667,37.0511,80.2691,23.7949,43.0403,5,80.2691,308,0
4300,0.0005865864623112596,3.1166744232177734,35.2042,45.3971,44.4266,41.7395,37.8866,82.4531,23.7006,41.9189,5,82.4531,207,0
4350,0.0005862519208582221,3.8184616565704346,36.8157,48.9927,47.6564,44.6199,38.1202,84.0483,23.9467,43.3528,5,84.0483,207,0
4400,0.0005859133677342356,3.786437749862671,37.9839,48.2831,46.0900,43.6464,37.4208,84.4226,23.8417,44.2095,5,84.4226,207,0
4450,0.0005855708082394114,3.5307042598724365,37.5857,47.4806,46.2887,44.1631,39.8287,86.5795,24.8369,43.1061,5,86.5795,207,0
4500,0.0005852242477365815,3.7601306438446045,39.1261,48.2546,46.5456,44.3169,39.7396,82.0997,22.9316,44.0931,5,82.0997,207,0
4550,0.0005848736916512144,3.6047325134277344,37.8468,48.1779,46.5092,43.3640,39.1000,86.7073,25.1812,42.7004,5,86.7073,207,0
4600,0.0005845191454713298,3.207340955734253,39.0768,46.7644,44.0548,41.0444,39.7618,85.3779,26.3379,43.7430,5,85.3779,207,0
4650,0.0005841606147474136,3.430812120437622,40.0567,48.6664,46.1453,42.8415,39.3479,85.9051,25.3018,43.8508,5,85.9051,207,0
4700,0.0005837981050923302,3.687487840652466,41.3774,48.1124,46.1548,42.7877,40.1332,84.1827,23.3990,44.7578,5,84.1827,207,0
4750,0.0005834316221812348,3.4633376598358154,39.7525,47.8182,45.4361,42.2105,38.0307,86.3735,24.3518,44.7234,5,86.3735,207,0
4800,0.0005830611717514851,3.358727216720581,39.8828,48.9390,46.3880,42.6639,37.9184,84.6178,24.3101,44.9509,5,84.6178,207,0
4850,0.0005826867596025503,3.967186689376831,43.0931,49.5543,47.5909,43.7660,39.2857,88.2668,25.4453,47.5674,5,88.2668,207,0
4900,0.0005823083915959215,3.2285664081573486,44.0808,52.8823,50.2064,46.1638,41.2453,91.7993,26.3771,46.6955,5,91.7993,207,0
4950,0.0005819260736550196,3.3476479053497314,39.5407,49.0852,46.5159,43.1540,39.4277,92.1349,27.1605,49.1648,5,92.1349,207,0
5000,0.0005815398117651022,3.7503509521484375,43.0575,49.5517,47.4365,43.8813,44.1680,95.7879,28.3721,49.8464,5,95.7879,207,0
5050,0.0005811496119731704,3.502621650695801,44.0239,50.5428,47.7197,44.8298,42.2619,95.4897,27.2799,49.0314,5,95.4897,207,0
5100,0.0005807554803878733,3.5037734508514404,41.4722,50.1810,47.3487,43.7584,45.1185,97.5874,29.0470,46.5900,5,97.5874,207,0
5150,0.0005803574231794138,3.6885387897491455,43.8864,51.3646,49.2576,45.7945,43.3878,98.5989,29.0629,48.7554,5,98.5989,207,0
5200,0.0005799554465794504,4.108022689819336,43.1176,49.5848,46.3343,43.4980,41.7681,93.4661,25.4780,48.8401,5,93.4661,207,0
5250,0.0005795495568810009,3.2806522846221924,44.2516,51.2786,48.5637,45.2598,43.6478,96.9767,27.8884,50.9139,5,96.9767,207,0
5300,0.0005791397604383432,3.9637842178344727,43.8398,50.1403,47.9212,43.9224,43.3817,100.9964,30.4733,49.9535,5,100.9964,207,0
5350,0.0005787260636669156,3.898820638656616,45.1568,51.8593,49.3763,46.3967,43.6245,100.5547,29.1761,51.2147,5,100.5547,207,0
5400,0.0005783084730432175,3.559154510498047,43.8170,50.5267,48.6450,45.4234,43.2960,99.5214,29.3408,50.3476,5,99.5214,207,0
5450,0.0005778869951047069,3.4981143474578857,45.1931,50.9345,48.4238,45.3408,42.9280,100.8458,28.8708,49.7463,5,100.8458,207,0
5500,0.0005774616364496982,4.221787452697754,45.8326,52.8778,49.4028,45.5030,41.9105,100.3455,28.8573,50.2818,5,100.3455,207,0
5550,0.0005770324037372597,3.646122694015503,45.1783,52.9006,50.3306,46.6335,43.5570,104.3221,31.8115,54.1611,5,104.3221,207,0
5600,0.0005765993036871082,3.8681697845458984,46.3164,54.8795,51.5451,48.0434,41.7114,104.2158,29.4843,49.9276,5,104.2158,207,0
5650,0.0005761623430795048,2.868807554244995,46.6614,52.9581,49.9463,45.9737,43.8907,102.6153,28.7324,52.6079,5,102.6153,207,0
5700,0.0005757215287551479,3.738812208175659,47.6885,55.1999,51.1812,47.7448,44.5838,104.7806,29.8426,54.3350,5,104.7806,207,0
5750,0.0005752768676150672,3.0290520191192627,46.7402,52.1947,49.3936,45.3316,44.2838,107.1138,31.0739,52.5270,5,107.1138,207,0
5800,0.0005748283666205144,3.530888557434082,46.7137,51.3801,48.9943,45.0433,42.6784,108.2989,30.9506,53.8892,5,108.2989,207,0
5850,0.0005743760327928552,3.7312681674957275,44.2250,53.2962,50.9490,47.7081,45.2476,109.8706,31.5517,53.9247,5,109.8706,207,0
5900,0.0005739198732134587,3.69279408454895,46.9984,49.7818,47.7439,45.4681,46.7417,108.3851,30.6899,55.1866,5,108.3851,207,0
5950,0.000573459895023587,3.5979182720184326,47.2373,51.9778,50.8294,46.5645,44.3389,109.7072,31.7693,56.2141,5,109.7072,207,0
6000,0.0005729961054242834,3.1717464923858643,50.1110,51.6721,49.9331,46.3819,45.4948,113.3337,35.0748,56.1625,5,113.3337,207,0
6050,0.0005725285116762593,3.7781333923339844,49.0036,56.5601,53.3317,49.3054,50.0776,116.7325,36.0543,56.6059,5,116.7325,207,0
6100,0.0005720571210997808,4.015806674957275,47.8854,55.2617,51.9279,48.1895,45.7305,114.7650,35.2543,56.2186,5,114.7650,207,0
6150,0.0005715819410745542,3.958364486694336,48.0773,53.8446,50.4355,46.4326,44.3797,114.3244,34.2050,56.3890,5,114.3244,207,0
6200,0.00057110297903961,3.4787349700927734,50.2238,55.4010,51.7103,47.5966,46.6614,119.9637,39.0776,55.0715,5,119.9637,207,0
6250,0.000570620242493187,3.542769432067871,49.4840,55.6696,52.4779,48.6165,47.5900,118.6602,37.5504,57.0810,5,118.6602,207,0
6300,0.0005701337389926146,3.907008171081543,49.3080,55.4842,53.2490,50.1619,51.4820,125.6961,40.3629,57.5517,5,125.6961,207,0
6350,0.0005696434761541947,3.8561267852783203,47.5061,53.7772,51.7280,49.6653,50.2342,122.0993,39.2396,60.3489,5,122.0993,207,0
6400,0.0005691494616530821,3.356940507888794,48.4132,54.2681,51.5474,47.5545,47.2555,121.0603,38.0273,57.8628,5,121.0603,207,0
6450,0.0005686517032231648,3.9783670902252197,49.2370,56.7899,53.1514,48.9072,48.3354,120.1222,35.6036,55.4128,5,120.1222,207,0
6500,0.0005681502086569422,3.224266767501831,47.8023,53.0429,51.9362,47.2513,46.5996,118.2439,36.0841,57.5748,5,118.2439,207,0
6550,0.0005676449858054044,4.059471607208252,49.3902,52.7176,49.9979,46.0526,47.3245,115.6260,32.6491,60.9153,5,115.6260,207,0
6600,0.000567136042577908,3.9173660278320312,49.0393,53.2505,51.1687,47.6481,49.0221,124.8273,39.1204,62.1947,5,124.8273,207,0
6650,0.0005666233869420525,3.834750175476074,50.2149,56.3350,54.2435,48.9258,49.2828,120.8221,34.6470,59.4478,5,120.8221,207,0
6700,0.0005661070269235564,3.9502336978912354,49.1810,53.5004,52.2591,48.5307,49.9574,127.0758,40.0049,61.0258,5,127.0758,207,0
6750,0.0005655869706061308,3.32476544380188,51.0667,55.8624,52.5233,47.8315,47.8221,126.2761,40.8069,59.4926,5,126.2761,207,0
6800,0.0005650632261313529,4.220651149749756,52.3761,56.2959,53.9287,51.0371,52.1088,126.4092,36.7776,56.8385,5,126.4092,207,0
6850,0.0005645358016985387,4.083741664886475,52.1570,53.8994,53.6912,51.6590,53.4310,129.7114,40.1046,58.0101,5,129.7114,207,0
6900,0.0005640047055646149,4.184343338012695,52.0444,55.5158,53.9589,49.4362,48.0280,123.8708,36.0678,58.7081,5,123.8708,207,0
6950,0.000563469946043989,3.1545603275299072,51.2814,54.9300,51.9793,47.8873,48.5888,127.3102,38.3962,55.8714,5,127.3102,207,0
7000,0.0005629315315084197,3.6564671993255615,54.4588,56.0786,52.6416,48.3795,49.8481,131.9048,41.2151,57.1422,5,131.9048,207,0
7050,0.0005623894703868854,3.2322285175323486,52.7466,57.0628,53.0439,48.2913,47.7382,128.8903,39.3446,59.1442,5,128.8903,207,0
7100,0.000561843771165453,3.7971580028533936,52.8040,55.1906,52.9944,49.3916,50.1522,133.4234,42.3717,60.5181,5,133.4234,207,0
7150,0.000561294442387144,3.8309764862060547,55.3187,56.5814,53.5273,51.5194,52.7345,136.1536,43.9043,57.2731,5,136.1536,207,0
7200,0.0005607414926518013,3.1920278072357178,52.0334,56.6431,52.6290,49.3838,51.8715,133.2708,41.4473,61.6759,5,133.2708,207,0
7250,0.000560184930615955,3.2332475185394287,55.3515,58.2354,54.5977,50.6527,52.7561,138.2456,44.5059,61.4216,5,138.2456,207,0
7300,0.0005596247649926858,3.6413562297821045,55.4034,57.3391,54.3957,52.0239,54.0694,133.8589,41.8350,60.4846,5,133.8589,207,0
7350,0.0005590610045514898,3.4569098949432373,53.6550,58.4112,55.4909,51.3293,51.7937,138.3884,43.4119,61.8794,5,138.3884,207,0
7400,0.0005584936581181402,3.708239793777466,54.9731,56.5929,55.7559,52.4832,53.4944,137.5945,43.5823,60.1158,5,137.5945,207,0
7450,0.00055792273457455,3.476017951965332,54.5342,57.5639,54.8515,51.7117,52.9908,139.1880,44.7230,61.4650,5,139.1880,207,0
7500,0.0005573482428586322,3.0900259017944336,55.3037,58.7958,57.1255,53.3894,54.6389,142.1029,45.7767,58.2329,5,142.1029,207,0
7550,0.0005567701919641601,3.5825583934783936,54.3548,57.6854,55.5476,52.6302,54.5143,141.5238,45.6392,58.3685,5,141.5238,207,0
7600,0.0005561885909406269,3.893664598464966,54.3624,59.2354,57.2807,51.7538,51.9735,135.5442,42.0151,61.1026,5,135.5442,207,0
7650,0.0005556034488931036,3.5124950408935547,53.3926,57.9353,55.3169,52.0119,53.7624,139.2150,42.7581,62.2381,5,139.2150,207,0
7700,0.0005550147749820966,3.55774188041687,56.7131,58.5921,54.8202,50.7592,52.6870,141.8493,45.5650,59.7428,5,141.8493,207,0
7750,0.0005544225784234041,3.7296149730682373,54.0763,57.1890,55.8003,51.3849,51.8513,144.6226,47.9551,60.9958,5,144.6226,207,0
7800,0.0005538268684879721,3.679912805557251,55.2098,59.9136,56.6399,54.2749,53.8426,146.0131,47.3952,59.4493,5,146.0131,207,0
7850,0.0005532276545017493,3.6336889266967773,57.2520,59.0158,55.6010,52.9329,53.9251,145.4222,46.6908,60.3064,5,145.4222,207,0
7900,0.0005526249458455411,3.374387741088867,57.3399,58.1042,57.0387,53.8314,53.1750,144.2293,45.9669,61.6686,5,144.2293,207,0
7950,0.000552018751954862,3.9191761016845703,57.7484,59.8717,57.6800,53.8143,53.8460,148.9276,49.5977,61.1796,5,148.9276,207,0
8000,0.0005514090823197889,4.182234764099121,56.8387,59.6261,57.0253,53.6262,55.3643,145.6986,46.0038,60.0141,5,145.6986,207,0
8050,0.0005507959464848123,3.363632917404175,57.3053,59.0420,57.4359,53.6231,53.7153,148.4056,47.5179,58.5192,5,148.4056,207,0
8100,0.0005501793540486861,3.201169967651367,54.6450,60.1073,56.8188,53.9952,55.1309,150.9949,48.3527,59.1683,5,150.9949,207,0
8150,0.0005495593146642786,3.4640629291534424,55.5861,61.3541,60.0086,56.7153,58.9501,153.9353,51.6701,60.7470,5,153.9353,207,0
8200,0.0005489358380384203,3.8345415592193604,56.7792,61.2093,57.4478,53.6061,54.4460,146.7829,48.4643,61.1055,5,146.7829,207,0
8250,0.0005483089339317523,3.633465528488159,56.9613,61.8968,59.6712,56.5974,57.6104,153.3964,51.2301,60.9659,5,153.3964,207,0
8300,0.0005476786121585738,3.679875135421753,58.8366,60.7392,58.5581,55.1997,56.8815,154.6168,52.4945,61.1560,5,154.6168,207,0
8350,0.0005470448825866883,3.243734359741211,59.1463,63.6556,61.1112,57.2597,58.9567,156.3916,51.0684,59.1161,5,156.3916,207,0
8400,0.0005464077551372485,3.459519624710083,59.8682,63.4748,62.4520,59.2288,58.9433,154.8788,50.7209,61.2915,5,154.8788,207,0
8450,0.0005457672397846017,2.9182770252227783,60.6128,62.6535,59.9298,56.4540,56.2939,156.5558,52.0999,57.9060,5,156.5558,207,0
8500,0.000545123346556134,3.5849854946136475,57.9769,61.9343,59.0978,55.9692,55.3348,151.1797,47.5449,58.2993,5,151.1797,207,0
8550,0.0005444760855321119,3.2193777561187744,58.9060,63.8628,61.3276,57.2409,57.0558,157.3283,53.6889,56.2569,5,157.3283,207,0
8600,0.0005438254668455258,3.6722259521484375,57.7525,63.3572,61.6945,57.6269,57.7255,161.0534,53.9657,56.6542,5,161.0534,207,0
8650,0.0005431715006819312,3.258681058883667,57.4169,64.4670,61.1122,58.2185,59.0092,156.4288,50.2817,58.7068,5,156.4288,207,0
8700,0.0005425141972792884,3.507631540298462,57.3781,60.4614,57.1313,53.6811,53.6674,160.7462,54.0089,59.2147,5,160.7462,207,0
8750,0.0005418535669278032,2.9638779163360596,58.1239,63.6953,60.1579,56.5980,57.0008,160.0536,52.5634,59.5932,5,160.0536,207,0
8800,0.0005411896199697651,3.612788200378418,57.9897,62.4478,61.2190,57.5536,58.2651,159.7476,51.8455,58.7617,5,159.7476,207,0
8850,0.0005405223667993859,3.5553951263427734,58.4636,61.4035,58.0448,54.8573,55.8276,156.2462,50.2459,60.6322,5,156.2462,207,0
8900,0.0005398518178626367,2.8589439392089844,59.3305,63.7991,61.7522,57.8349,59.2703,163.6615,54.8989,57.5194,5,163.6615,207,0
8950,0.0005391779836570844,3.577185869216919,60.8036,64.4707,63.4205,59.1114,58.6258,163.5413,55.0779,56.9976,5,163.5413,207,0
9000,0.0005385008747317276,3.123990297317505,62.8678,63.2925,61.7732,58.0591,58.8454,161.4501,53.6916,54.4328,5,161.4501,207,0
9050,0.0005378205016868308,2.6721267700195312,62.3131,63.9324,59.5877,55.9655,56.8063,160.3507,52.0517,57.0930,5,160.3507,207,0
9100,0.0005371368751737593,3.077320098876953,59.9666,63.5702,61.5371,57.6146,59.0413,166.7922,55.9881,58.4760,5,166.7922,207,0
9150,0.0005364500058948119,3.4193179607391357,58.3932,62.6836,61.8549,57.8155,58.1798,162.8357,55.8205,57.9887,5,162.8357,207,0
9200,0.0005357599046030534,3.7253990173339844,60.2250,65.1916,63.2272,59.2289,59.1505,170.7049,59.5774,55.9681,5,170.7049,207,0
9250,0.0005350665821021465,3.5954067707061768,60.2822,64.6365,62.2427,59.0659,61.1148,173.0319,60.6919,56.8106,5,173.0319,207,0
9300,0.0005343700492461824,3.6561367511749268,61.3782,64.7649,63.9269,59.3406,60.2254,166.0825,55.0327,58.5746,5,166.0825,207,0
9350,0.000533670316939511,4.119900226593018,62.7951,65.0948,63.9797,60.0733,60.6555,170.4488,59.7340,54.4629,5,170.4488,207,0
9400,0.0005329673961365705,3.4183719158172607,59.2204,63.4029,61.9289,58.1747,59.3953,167.0340,57.1980,57.2320,5,167.0340,207,0
9450,0.0005322612978417151,3.6067984104156494,60.2617,65.6976,66.3881,62.3252,61.7810,170.1650,57.1149,55.1115,5,170.1650,207,0
9500,0.0005315520331090434,2.9420368671417236,58.0389,65.6091,65.7602,61.4965,62.8142,174.7456,61.3299,54.1071,5,174.7456,207,0
9550,0.0005308396130422257,3.2930729389190674,60.3404,65.3036,64.7083,60.9045,62.4869,172.9837,57.3548,54.7031,5,172.9837,207,0
9600,0.0005301240487943287,3.6196906566619873,60.9745,67.1625,65.0235,61.0577,61.6032,175.0111,59.3702,54.5941,5,175.0111,207,0
9650,0.0005294053515676426,3.7113544940948486,60.0977,65.1090,64.3183,60.0888,60.0047,171.4070,58.6758,53.3500,5,171.4070,207,0
9700,0.0005286835326135044,3.756671190261841,56.8961,65.6967,62.1456,60.6009,62.4652,168.0607,58.1007,53.3925,5,168.0607,207,0
9750,0.0005279586032321227,3.648669481277466,60.7545,65.2329,63.7623,59.9005,60.5724,173.8134,60.2833,51.2442,5,173.8134,207,0
9800,0.0005272305747724003,3.9872286319732666,60.9997,68.8600,66.2661,61.2016,62.6580,175.9418,60.6122,52.0551,5,175.9418,207,0
9850,0.0005264994586317566,3.5025413036346436,57.4868,67.5389,65.1871,61.9607,64.4218,177.3230,61.6091,53.3813,5,177.3230,207,0
9900,0.0005257652662559493,2.8967247009277344,59.7188,67.1820,64.8007,62.2675,64.2189,176.8407,62.7649,55.0863,5,176.8407,207,0
9950,0.0005250280091388951,3.681382417678833,61.7261,66.6652,63.7216,58.7626,58.6020,177.3815,62.2962,52.1958,5,177.3815,207,0
10000,0.0005242876988224897,2.919027328491211,62.9249,67.8587,66.1060,61.7979,61.1901,181.3163,63.3304,50.8921,5,181.3163,207,0
10050,0.0005235443468964272,3.474116086959839,64.1408,68.5482,67.0445,62.9047,63.5004,183.5381,65.4083,53.1894,5,183.5381,207,0
10100,0.0005227979649980188,3.634782075881958,59.5123,67.7395,64.9752,61.1963,62.6841,177.1450,60.1510,53.8644,5,177.1450,207,0
10150,0.0005220485648120103,4.003945350646973,63.9138,70.8669,68.1388,64.8168,65.9857,183.9468,64.7266,56.8629,5,183.9468,207,0
10200,0.0005212961580703995,4.016236305236816,60.2727,68.0553,66.1026,61.6040,60.3209,173.9779,58.6388,55.2039,5,173.9779,207,0
10250,0.0005205407565522523,3.223294496536255,59.1440,65.6365,64.5688,59.8524,61.2201,175.6343,58.3777,57.0108,5,175.6343,207,0
10300,0.0005197823720835184,3.9362270832061768,60.7838,66.5308,63.5466,60.8287,62.4873,182.6433,63.5716,55.7538,5,182.6433,207,0
10350,0.0005190210165368463,3.9019546508789062,62.1725,67.6400,66.1212,61.4886,62.3324,183.5276,65.1957,53.8801,5,183.5276,207,0
10400,0.0005182567018313967,3.452373743057251,61.0714,66.3718,64.1338,61.4403,62.8744,182.5298,63.6071,54.6721,5,182.5298,207,0
10450,0.0005174894399326574,3.1138856410980225,60.5093,66.3387,64.2857,59.9674,60.8286,182.9719,63.5193,52.8894,5,182.9719,207,0
10500,0.0005167192428522539,3.6551382541656494,62.7642,70.7964,68.4510,64.1153,64.6144,189.3990,65.7262,53.7661,5,189.3990,207,0
10550,0.0005159461226477638,3.744699239730835,59.9757,69.7919,67.1322,62.9635,63.4339,192.5005,69.4988,56.2334,5,192.5005,207,0
10600,0.0005151700914225256,3.4218807220458984,62.1938,69.0995,66.8319,61.4581,62.5839,182.1231,63.6890,56.7757,5,182.1231,207,0
10650,0.0005143911613254513,3.6873700618743896,60.7165,68.9588,66.5409,62.7342,63.7365,184.3608,65.3562,57.4101,5,184.3608,207,0
10700,0.0005136093445508343,3.587292432785034,62.2261,69.3618,66.0728,63.9730,65.2432,185.1967,65.2272,58.3455,5,185.1967,207,0
10750,0.0005128246533381603,3.464064359664917,63.3880,70.1345,67.7810,63.0493,63.2177,192.6304,69.1836,56.3137,5,192.6304,207,0
10800,0.0005120370999719147,3.382901191711426,62.0568,69.1497,67.1113,62.7646,63.0890,190.9634,68.5714,60.8000,5,190.9634,207,0
10850,0.0005112466967813899,3.682048797607422,63.7618,70.8294,69.4987,65.6476,65.7940,192.5129,70.7206,59.0126,5,192.5129,207,0
10900,0.0005104534561404934,2.940214157104492,61.9489,69.8981,67.6552,64.1013,66.0899,195.3502,68.9649,61.6381,5,195.3502,207,0
10950,0.0005096573904675535,4.008180141448975,59.0674,68.6082,67.3564,62.3620,63.2705,192.1748,72.4769,61.5085,5,192.1748,207,0
11000,0.0005088585122251245,3.2399685382843018,61.6001,71.0201,68.6857,63.7321,63.7513,189.7131,68.8257,62.7733,5,189.7131,207,0
11050,0.0005080568339197922,3.4998152256011963,62.0515,69.3940,66.5820,62.4162,63.2249,189.8329,68.2066,64.0794,5,189.8329,207,0
11100,0.000507252368101978,3.273341417312622,60.6022,70.5566,67.8360,63.6436,65.7544,191.8685,66.9372,67.0932,5,191.8685,207,0
11150,0.0005064451273657422,4.0135722160339355,63.6227,68.5086,67.2016,63.2130,64.8728,194.9739,70.7270,70.2927,5,194.9739,207,0
11200,0.000505635124348587,3.4525163173675537,65.1231,71.4677,68.4375,65.1741,66.2908,196.3538,70.2730,70.0646,5,196.3538,207,0
11250,0.0005048223717312584,3.378401517868042,62.7832,67.6563,65.9170,62.0266,62.9909,193.4663,69.8008,73.3053,5,193.4663,207,0
11300,0.0005040068822375485,2.906259536743164,64.3869,70.9639,70.1167,66.4947,68.1381,197.1586,72.1709,72.8035,5,197.1586,207,0
11350,0.0005031886686340951,3.5488853454589844,62.3109,70.3363,67.1758,64.3601,66.4219,191.3150,67.6662,69.3408,5,191.3150,207,0
11400,0.0005023677437301826,3.343904495239258,64.4011,71.4503,68.9976,64.7845,66.2090,196.0991,69.7397,71.4411,5,196.0991,207,0
11450,0.0005015441203775413,3.7394607067108154,62.9470,71.5660,68.1076,65.0871,67.1618,206.0433,76.5568,74.0443,5,206.0433,207,0
11500,0.0005007178114701464,3.585280179977417,63.0237,71.0611,67.8929,63.8972,65.5935,199.4138,73.2583,74.2717,5,199.4138,207,0
11550,0.0004998888299440157,3.8358685970306396,61.9208,70.7083,67.6985,63.7760,65.9476,197.6139,71.7856,72.8289,5,197.6139,207,0
11600,0.0004990571887770076,3.7392547130584717,63.7785,71.3613,69.0642,65.3301,68.6625,203.8121,74.3638,75.5989,5,203.8121,207,0
11650,0.0004982229009886174,3.513246536254883,62.0467,72.0621,69.1364,66.1639,68.8202,204.6201,76.6218,77.6476,5,204.6201,207,0
11700,0.0004973859796397739,3.3783721923828125,61.7395,71.6794,69.0865,65.0348,65.6987,203.5449,73.4809,78.0468,5,203.5449,207,0
11750,0.0004965464378326347,3.4932327270507812,61.2844,72.2948,68.9656,65.6356,65.9582,201.8614,72.5246,78.1873,5,201.8614,207,0
11800,0.0004957042887103811,3.0320491790771484,63.6751,72.5932,68.8991,65.1784,66.2736,201.2296,72.1194,77.3687,5,201.2296,207,0
11850,0.0004948595454570128,3.6617345809936523,61.9921,75.3238,72.9007,68.7958,69.1471,207.9905,76.0096,78.8421,5,207.9905,207,0
11900,0.0004940122212971406,3.4653797149658203,64.1798,73.4635,70.9080,66.8371,67.7576,202.8271,72.5912,77.9796,5,202.8271,207,0
11950,0.00049316232949578,3.2367687225341797,62.1908,74.5163,70.3618,65.7269,66.7774,207.7264,78.3535,80.3779,5,207.7264,207,0
12000,0.0004923098833581434,3.662493944168091,61.0714,71.9439,68.6541,64.0470,65.2448,205.3286,78.9290,79.8169,5,205.3286,207,0
12050,0.0004914548962294321,3.587175130844116,61.3192,73.4724,70.3474,66.1477,66.7278,211.2764,81.7075,81.2803,5,211.2764,207,0
12100,0.0004905973814946267,3.80853533744812,61.4565,73.9387,70.5285,65.5148,67.2410,202.7103,76.6680,81.2843,5,202.7103,207,0
12150,0.0004897373525782781,3.762394905090332,64.0096,72.4039,69.7940,65.5156,67.4880,204.5005,74.5777,81.8730,5,204.5005,207,0
12200,0.000488874822944297,3.7091190814971924,62.5773,74.4415,71.2006,66.7873,68.0974,203.4781,75.4806,83.1886,5,203.4781,207,0
12250,0.00048800980609574383,3.550389051437378,63.9768,76.3079,73.6397,68.8384,69.6419,210.3482,76.6328,82.5364,5,210.3482,207,0
12300,0.00048714231557461617,3.587519884109497,65.0942,74.0432,71.2833,66.4446,66.2394,202.8762,71.1539,87.6705,5,202.8762,207,0
12350,0.0004862723649616377,3.811702013015747,64.7595,75.1416,73.7408,68.8121,68.6803,209.0111,76.8622,84.1868,5,209.0111,207,0
12400,0.0004853999678760452,2.794971466064453,61.8600,72.6441,70.1757,65.0914,66.3718,208.0875,76.8046,82.8117,5,208.0875,207,0
12450,0.00048452513797537567,2.9916832447052,64.1623,74.4816,71.8411,67.2143,67.7607,214.7008,79.4840,85.6517,5,214.7008,207,0
12500,0.00048364788895525194,3.7366085052490234,64.4188,75.3450,72.9783,69.0890,70.2604,212.9133,80.1199,86.1480,5,212.9133,207,0
12550,0.00048276823454916883,3.642012357711792,63.0472,71.6099,70.1151,65.9505,67.0626,213.8249,80.6180,82.9118,5,213.8249,207,0
12600,0.00048188618852827784,3.1850268840789795,60.1568,73.0999,70.5196,65.9565,66.8884,208.6667,78.1031,83.9521,5,208.6667,207,0
12650,0.00048100176470117163,3.3551931381225586,62.0286,74.4503,72.7967,68.7526,70.2198,210.1237,79.9498,85.2751,5,210.1237,207,0
12700,0.00048011497691366787,3.663273572921753,60.1335,71.3007,71.1903,66.8923,67.4014,210.7776,78.2791,86.7508,5,210.7776,207,0
12750,0.0004792258390485925,3.2853145599365234,60.7607,73.9504,72.2873,68.5223,69.6936,206.3632,76.3940,86.6032,5,206.3632,207,0
12800,0.00047833436502556226,4.066995143890381,61.6679,73.3819,71.2649,66.7180,68.6618,211.4693,78.3445,85.7950,5,211.4693,207,0
12850,0.00047744056880076694,2.904555082321167,62.4211,71.4387,69.6937,66.6540,68.7051,211.7761,79.2180,83.3202,5,211.7761,207,0
12900,0.0004765444643667509,3.2765159606933594,62.3266,74.8992,72.3902,67.9159,69.0663,210.7514,79.8463,89.6631,5,210.7514,207,0
12950,0.00047564606575219376,3.3367741107940674,61.5775,74.1195,72.2150,67.9752,68.7101,215.6654,81.1296,89.2821,5,215.6654,207,0
13000,0.0004747453870216911,3.651423692703247,58.5280,73.1608,70.7116,67.3398,68.7473,219.2229,83.0484,88.9334,5,219.2229,207,0
13050,0.0004738424422755341,3.5451507568359375,60.7375,74.0746,72.4302,68.9273,69.7276,217.7209,82.8758,83.9871,5,217.7209,207,0
13100,0.0004729372456494889,3.4786949157714844,65.4076,76.8597,74.5381,70.8848,72.5104,224.5291,86.8401,90.5407,5,224.5291,207,0
13150,0.00047202981131457504,3.8756282329559326,63.4261,74.8904,72.7702,69.4338,70.6713,223.2119,84.7330,83.9980,5,223.2119,207,0
13200,0.0004711201534768439,3.5388801097869873,62.2935,74.4365,71.4418,67.6128,69.2983,223.8279,85.3974,91.0850,5,223.8279,207,0
13250,0.0004702082863771563,4.037271976470947,64.3456,77.2759,75.6602,71.0236,72.3908,220.1784,83.5852,91.7475,5,220.1784,207,0
13300,0.00046929422429095943,3.7809388637542725,62.2571,75.2435,72.5576,68.6514,69.3110,215.2037,82.0083,88.6193,5,215.2037,207,0
13350,0.00046837798152806327,3.5931785106658936,62.1144,75.1490,72.8630,68.8598,69.2511,218.8024,83.3247,88.8852,5,218.8024,207,0
13400,0.00046745957243241683,3.3536643981933594,61.2245,74.2423,71.9337,67.6682,69.2674,222.6463,86.1351,89.2722,5,222.6463,207,0
13450,0.00046653901138188336,3.283665895462036,63.6011,77.2935,75.5637,71.3116,71.9172,225.7611,89.4356,86.4545,5,225.7611,207,0
13500,0.0004656163127880155,3.5583667755126953,63.9917,76.0876,74.1080,70.7785,73.6664,228.8268,89.5953,89.6951,5,228.8268,207,0
13550,0.00046469149109582935,3.2612321376800537,62.4735,76.8718,73.6715,69.6078,71.1407,223.5339,85.4751,86.8244,5,223.5339,207,0
13600,0.0004637645607835786,3.5211360454559326,63.1053,75.0400,73.1245,68.9434,70.4540,223.7080,86.1547,85.9675,5,223.7080,207,0
13650,0.00046283553636252783,3.4119246006011963,62.9570,74.2732,71.6963,67.5215,68.4039,219.9154,84.3572,90.6081,5,219.9154,207,0
13700,0.00046190443237672504,3.6165082454681396,61.7088,75.9703,72.4944,68.2976,69.5705,223.0829,86.9791,85.3341,5,223.0829,207,0
13750,0.00046097126340277465,3.6594839096069336,63.3459,75.1227,72.8652,68.2397,68.6792,220.2407,82.5463,87.5702,5,220.2407,207,0
13800,0.00046003604404960835,3.2701034545898438,62.5278,74.8880,73.3485,69.3411,70.7610,221.1560,84.7367,84.2519,5,221.1560,207,0
13850,0.0004590987889582571,3.7135021686553955,61.8222,74.3997,72.5633,68.8627,70.5491,229.5184,89.4569,88.9988,5,229.5184,207,0
13900,0.00045815951280162183,3.300776243209839,66.2957,78.1675,76.8556,72.7678,73.8886,227.4386,87.3791,86.4850,5,227.4386,207,0
13950,0.0004572182302842435,3.577634572982788,65.2814,75.1140,72.8470,69.9477,72.2101,229.2617,89.6808,84.7474,5,229.2617,207,0
14000,0.00045627495614207307,3.377234697341919,64.7276,76.0558,74.0284,69.7752,71.7098,227.4683,89.9233,83.5234,5,227.4683,207,0
14050,0.0004553297051422406,3.2282111644744873,61.4167,75.3648,72.3468,68.6444,70.5493,223.2939,86.7393,87.8618,5,223.2939,207,0
14100,0.0004543824920828244,3.690230131149292,63.5025,75.7843,72.8750,68.5145,70.1300,227.5262,88.9564,84.1610,5,227.5262,207,0
14150,0.0004534333317926191,3.388731002807617,63.6113,77.4015,74.5472,70.3370,72.3703,229.9363,90.4405,81.7079,5,229.9363,207,0
14200,0.00045248223913090365,3.1656181812286377,64.8369,73.5997,71.0454,66.9879,69.0333,226.9003,90.4129,79.9805,5,226.9003,207,0
14250,0.00045152922898720853,3.0906789302825928,64.8487,76.4203,73.4051,72.0431,74.2513,236.8905,93.5738,76.2354,5,236.8905,207,0
14300,0.0004505743162810829,3.195477247238159,64.4299,75.9981,73.2128,71.2530,73.5456,232.0456,91.5043,83.7108,5,232.0456,207,0
14350,0.0004496175159618607,3.249316453933716,64.8940,75.8095,72.6981,69.7616,72.3733,238.5731,95.2949,81.8546,5,238.5731,207,0
14400,0.000448658843008427,3.509814977645874,66.2821,78.3444,74.6113,70.2359,72.0865,236.5769,93.6647,79.4349,5,236.5769,207,0
14450,0.00044769831242898303,3.4481899738311768,64.9833,76.6333,73.4091,69.2330,71.9917,232.5104,88.0298,75.1932,5,232.5104,207,0
14500,0.0004467359392608119,3.966087579727173,65.9755,76.4005,73.6050,69.9366,71.6133,228.4256,87.6027,75.3114,5,228.4256,207,0
14550,0.0004457717385700422,3.3557589054107666,63.3480,76.1933,74.2590,70.7235,72.8866,238.1744,93.8384,78.1095,5,238.1744,207,0
14600,0.0004448057254514135,3.4226696491241455,65.5184,76.3037,75.2556,70.6610,72.1530,237.0173,94.3952,78.2966,5,237.0173,207,0
14650,0.00044383791502803857,3.436304807662964,61.9309,75.1275,71.7339,67.2174,69.3864,234.7472,91.7925,77.7953,5,234.7472,207,0
14700,0.00044286832245116756,3.4581356048583984,63.1082,74.7914,73.4942,69.4001,71.1884,240.0538,94.5383,74.0633,5,240.0538,207,0
14750,0.0004418969628999507,3.340416669845581,64.2581,77.8076,74.0991,70.0180,72.9270,244.4615,97.6474,76.4813,5,244.4615,207,0
14800,0.0004409238515812004,3.2840754985809326,64.2006,77.6757,74.9033,71.4734,73.5697,236.1597,90.4292,74.1047,5,236.1597,207,0
14850,0.00043994900372915324,3.633417844772339,64.5698,78.4675,76.0081,72.1456,73.9269,238.3781,92.2972,68.7548,5,238.3781,207,0
14900,0.00043897243460523167,3.686370849609375,63.8159,77.0679,75.7191,72.3092,74.5544,244.1202,97.1567,72.9600,5,244.1202,207,0
14950,0.000437994159497805,3.864575147628784,64.0410,76.1730,73.8832,69.8447,71.4443,239.1476,94.3104,70.8109,5,239.1476,207,0
15000,0.0004370141937219499,3.363961935043335,64.0101,75.4482,72.3222,68.3380,70.5434,239.9233,96.2113,69.5497,5,239.9233,207,0
15050,0.0004360325526192108,3.672677993774414,64.6070,78.6839,75.2533,71.5635,73.9193,239.3444,94.8340,64.6152,5,239.3444,207,0
15100,0.0004350492515573596,3.559699773788452,64.3387,76.8503,73.5970,69.8661,72.7478,245.7159,98.7788,65.3335,5,245.7159,207,0
15150,0.00043406430593015546,2.887921094894409,65.4062,76.8320,73.6736,69.9006,72.0943,233.1272,90.2269,61.4651,5,233.1272,207,0
15200,0.0004330777311571032,3.037099838256836,66.3006,79.5211,76.3529,73.0635,75.1820,238.2067,91.9565,62.6706,5,238.2067,207,0
15250,0.0004320895426832124,3.2605178356170654,65.0893,77.3569,73.8181,70.2156,72.6291,244.0317,96.8717,57.3819,5,244.0317,207,0
15300,0.0004310997559787553,3.6529102325439453,65.5869,77.1184,74.2544,70.3083,72.3596,238.4160,93.4973,59.7806,5,238.4160,207,0
15350,0.00043010838653902486,3.074493169784546,63.7157,77.0147,73.0377,68.5415,70.1373,236.7068,92.8673,60.1664,5,236.7068,207,0
15400,0.000429115449884092,3.720489263534546,65.4486,76.2020,73.9244,69.9448,72.3299,244.2233,99.8593,60.0972,5,244.2233,207,0
15450,0.00042812096155856247,3.3799283504486084,64.0703,76.3912,73.6898,70.1883,72.0769,239.9001,93.3659,60.3215,5,239.9001,207,0
15500,0.00042712493713133415,3.8895864486694336,64.1868,76.0608,73.1416,69.4307,72.0274,239.4254,92.9181,58.2630,5,239.4254,207,0
15550,0.0004261273921953524,3.557068109512329,63.5232,77.2587,74.2658,70.6536,72.9440,241.6328,96.5568,52.4162,5,241.6328,207,0
15600,0.0004251283423673669,3.450160264968872,64.7438,77.9735,75.3489,71.5218,74.0574,249.7658,102.6434,52.0100,5,249.7658,207,0
15650,0.00042412780328768626,3.4008595943450928,66.5988,77.9392,75.4386,72.0743,74.7102,244.1504,96.9506,53.9191,5,244.1504,207,0
15700,0.00042312579061993394,3.3411033153533936,65.8727,78.0519,75.1924,71.3587,73.3368,246.5372,99.4035,54.5322,5,246.5372,207,0
15750,0.00042212232005080236,3.4425575733184814,63.8131,77.1855,74.6512,71.1805,72.6428,239.6569,92.6157,56.6044,5,239.6569,207,0
15800,0.000421117407289808,3.3303234577178955,64.7728,79.0388,76.3972,72.4121,74.1040,244.1843,99.0746,60.4359,5,244.1843,207,0
15850,0.0004201110680690448,3.6769351959228516,65.1090,76.9325,74.4697,70.7899,73.0947,252.0484,101.3256,57.7065,5,252.0484,207,0
15900,0.00041910331814293847,3.1903247833251953,66.8889,78.1955,76.1840,72.2605,73.9662,252.7436,101.2804,56.5954,5,252.7436,207,0
15950,0.0004180941732879992,3.491866111755371,64.6340,79.8187,76.5157,72.2983,74.2046,246.1181,99.1517,57.0671,5,246.1181,207,0
16000,0.0004170836493025757,3.534364938735962,62.6804,77.7993,75.6737,71.9650,73.8708,248.0947,101.3572,53.9063,5,248.0947,207,0
16050,0.0004160717620066065,3.4142792224884033,63.5313,79.3529,77.8101,74.7046,76.2651,249.2603,101.9967,54.3096,5,249.2603,207,0
16100,0.00041505852724137333,3.2370073795318604,65.4915,76.7438,74.9428,71.9962,74.5257,248.2666,98.9348,55.3732,5,248.2666,207,0
16150,0.0004140439608692529,2.8162033557891846,66.2403,80.8710,79.4663,75.9137,77.6476,257.5257,104.7449,52.1538,5,257.5257,207,0
16200,0.00041302807877346823,3.5714690685272217,66.3595,80.0644,77.2272,73.3965,74.6367,250.6001,100.7165,52.3567,5,250.6001,207,0
16250,0.0004120108968578405,3.5516269207000732,66.0402,78.6922,76.9346,73.2351,74.9562,253.7138,104.1656,54.6274,5,253.7138,207,0
16300,0.0004109924310465396,3.3695781230926514,66.6271,79.3963,77.8075,74.0225,76.1100,253.1985,102.2496,54.0399,5,253.1985,207,0
16350,0.0004099726972838352,3.3410396575927734,64.9924,81.3407,78.5337,74.7117,76.7789,254.0625,102.3496,54.4229,5,254.0625,207,0
16400,0.00040895171153384677,3.728698968887329,64.7831,78.7612,76.9184,73.3404,75.2304,255.0987,105.0048,53.6411,5,255.0987,207,0
16450,0.00040792948978029403,3.500905752182007,66.3560,80.2620,77.9801,74.1533,76.0562,254.4317,102.1205,52.1502,5,254.4317,207,0
16500,0.00040690604802624656,2.9815635681152344,64.1791,75.9320,73.0268,69.7000,72.3125,252.4403,101.8411,56.5148,5,252.4403,207,0
16550,0.0004058814022938733,3.607511520385742,65.8528,78.9474,76.9111,72.8974,75.1273,251.5537,100.4460,54.3538,5,251.5537,207,0
16600,0.0004048555686241915,2.867525815963745,66.9751,79.7064,77.6013,73.0238,74.5178,252.3521,103.4517,60.3117,5,252.3521,207,0
16650,0.00040382856307681603,3.2845370769500732,68.6491,77.5150,75.7445,72.3894,75.8080,261.1805,107.0076,57.7240,5,261.1805,207,0
16700,0.0004028004017297076,3.5903689861297607,65.4203,76.1415,74.2249,71.3254,73.5821,256.9664,104.0362,60.3360,5,256.9664,207,0
16750,0.00040177110067892113,3.3179309368133545,64.1390,77.5487,75.5406,71.5622,73.8706,252.4315,101.3028,57.4241,5,252.4315,207,0
16800,0.0004007406760383539,3.4616997241973877,65.4300,78.2686,76.9383,73.2467,75.9052,256.7350,105.0606,59.2658,5,256.7350,207,0
16850,0.00039970914393949324,3.4723501205444336,66.5429,78.2808,77.1285,73.5713,75.5688,252.6624,102.9198,57.3872,5,252.6624,207,0
16900,0.0003986765205311638,3.4705772399902344,65.9774,77.5508,75.0881,71.5809,74.0591,259.4488,105.9483,53.9042,5,259.4488,207,0
16950,0.0003976428219792749,3.521930694580078,66.0065,78.5019,76.4337,73.4117,75.7658,258.1272,107.2216,56.9902,5,258.1272,207,0
17000,0.0003966080644665675,3.2509708404541016,67.3493,76.9885,75.2069,71.6882,73.6735,255.2901,102.9027,63.6013,5,255.2901,207,0
17050,0.00039557226419236087,3.5358150005340576,66.7037,77.6339,75.4065,71.8642,73.3076,253.8699,102.7500,58.9932,5,253.8699,207,0
17100,0.0003945354373722988,3.642676591873169,63.9724,76.9818,74.1011,71.1462,74.3868,255.2295,102.2102,60.6843,5,255.2295,207,0
17150,0.0003934976002380957,3.3399925231933594,65.6407,78.7733,76.6976,73.9393,76.0078,253.5489,102.0597,61.4961,5,253.5489,207,0
17200,0.00039245876903728285,2.6455020904541016,66.0535,79.7798,78.2768,74.7419,76.7024,259.6915,105.3398,60.7645,5,259.6915,207,0
17250,0.0003914189600329538,3.4636926651000977,62.4226,79.0475,76.4598,72.9272,75.1153,258.4295,105.9604,58.0116,5,258.4295,207,0
17300,0.00039037818950350965,3.470813751220703,63.7948,80.1813,78.6242,75.0559,77.0581,256.2502,102.9924,57.7771,5,256.2502,207,0
17350,0.00038933647374240457,3.596907377243042,65.0810,79.5394,76.7518,73.7726,75.8900,259.2827,106.0494,54.3990,5,259.2827,207,0
17400,0.00038829382905789027,3.685439109802246,66.4984,79.4003,77.4026,73.6649,76.0083,258.8596,106.3569,53.9981,5,258.8596,207,0
17450,0.00038725027177276115,3.8444149494171143,65.9055,79.6962,77.2561,74.2924,76.3481,260.7382,106.9118,57.0850,5,260.7382,207,0
17500,0.0003862058182240983,3.325119733810425,61.9435,78.3081,76.3081,72.6828,74.8670,260.9659,107.7459,58.8430,5,260.9659,207,0
17550,0.00038516048476301424,3.566521406173706,62.9330,76.8492,74.1352,70.5230,72.5537,258.5897,106.7730,59.4132,5,258.5897,207,0
17600,0.0003841142877543965,3.755941390991211,64.8916,79.0290,76.5519,73.5787,75.7734,270.3430,113.1067,60.1094,5,270.3430,207,0
17650,0.0003830672435766516,3.3266658782958984,65.4598,78.0819,75.6650,71.5794,74.2819,257.3499,103.7115,55.9572,5,257.3499,207,0
17700,0.0003820193686214488,3.739840269088745,65.7488,78.5974,75.7303,72.8157,75.7190,264.6997,110.5281,63.4106,5,264.6997,207,0
17750,0.0003809706792934633,3.4538300037384033,63.6702,78.4626,75.7422,72.4708,75.0163,261.7967,107.2247,53.8546,5,261.7967,207,0
17800,0.0003799211920101192,3.1199798583984375,65.2261,80.3178,76.6180,73.1151,75.9211,258.9816,105.4831,60.5383,5,258.9816,207,0
17850,0.00037887092320133304,3.6242892742156982,64.5220,78.8744,76.9061,74.5406,77.4669,266.4351,112.0287,56.9454,5,266.4351,207,0
17900,0.00037781988930925617,3.8501148223876953,65.3991,80.4566,78.1898,75.5322,77.7988,267.2152,109.5093,61.3571,5,267.2152,207,0
17950,0.00037676810678801754,3.570228338241577,64.6376,79.6611,77.1624,73.5109,75.3276,265.7385,111.7142,63.1218,5,265.7385,207,0
18000,0.0003757155921034658,3.4249022006988525,68.7135,80.7329,77.9005,73.9800,75.4911,259.6677,105.9562,63.1210,5,259.6677,207,0
18050,0.00037466236173291207,3.1488513946533203,66.1945,80.2396,76.4502,72.8754,74.8203,266.8802,111.2879,63.6869,5,266.8802,207,0
18100,0.0003736084321648714,3.5028934478759766,66.2757,79.9040,76.9751,73.4244,75.1354,262.6841,108.6855,57.6599,5,262.6841,207,0
18150,0.00037255381989880507,3.485478639602661,66.0848,78.5866,76.5759,72.7230,74.6307,267.9557,110.9227,60.0041,5,267.9557,207,0
18200,0.00037149854144486204,3.680079221725464,66.5567,77.9384,75.3992,72.0480,74.2037,267.4014,111.6540,59.7927,5,267.4014,207,0
18250,0.00037044261332362053,2.9512722492218018,67.3075,79.2312,75.9267,72.4164,74.7558,265.4253,110.0266,59.9099,5,265.4253,207,0
18300,0.00036938605206582965,3.617079973220825,66.6510,78.6033,75.6142,72.1770,74.3301,264.8518,109.5452,57.0704,5,264.8518,207,0
18350,0.0003683288742121499,3.342024564743042,68.8174,79.5540,77.2604,74.2011,76.2372,270.9139,113.2411,61.7429,5,270.9139,207,0
18400,0.00036727109631289534,3.5254204273223877,64.9913,78.1817,76.5843,73.8857,76.4041,266.6002,111.4538,58.3732,5,266.6002,207,0
18450,0.0003662127349277733,3.5898220539093018,68.0394,78.8474,76.6522,73.8074,76.7156,271.0465,111.8807,62.5629,5,271.0465,207,0
18500,0.00036515380662562605,2.7221438884735107,67.5026,80.0648,78.3471,75.7222,77.7858,273.9699,112.6580,63.8245,5,273.9699,207,0
18550,0.0003640943279841708,3.6112430095672607,65.5060,79.0079,76.8878,74.2255,76.5566,272.5563,114.5458,59.1155,5,272.5563,207,0
18600,0.0003630343155897405,3.2824020385742188,65.3691,80.2227,77.2103,75.0773,77.8034,271.9970,112.0907,64.0536,5,271.9970,207,0
18650,0.00036197378603702434,3.522806406021118,65.7783,80.6782,78.9958,76.3459,78.4783,272.1840,112.2508,62.7663,5,272.1840,207,0
18700,0.0003609127559288073,3.6083977222442627,66.2866,80.1650,78.0310,75.1698,77.4389,271.7253,112.1368,59.6102,5,271.7253,207,0
18750,0.00035985124187571093,3.1062450408935547,63.8331,81.0410,79.6043,77.0570,79.4694,275.1565,115.2550,68.1643,5,275.1565,207,0
18800,0.0003587892604959331,3.2392756938934326,66.6944,79.2494,77.6460,74.1524,75.9851,268.0146,110.4091,65.5768,5,268.0146,207,0
18850,0.00035772682841498743,3.3365132808685303,64.6925,79.3791,77.6135,74.4852,76.1674,271.1258,111.0800,59.1082,5,271.1258,207,0
18900,0.0003566639622654435,3.3735086917877197,66.0947,79.1022,78.2221,75.1762,77.5599,275.4642,114.8779,61.9285,5,275.4642,207,0
18950,0.0003556006786866666,3.6978588104248047,65.4690,79.3149,78.5434,76.3479,79.0357,279.0032,117.3011,64.5211,5,279.0032,207,0
19000,0.0003545369943245565,3.10469651222229,66.3240,80.7764,79.7324,76.3795,78.0377,269.0239,111.5646,62.4323,5,269.0239,207,0
19050,0.00035347292583128763,3.276390790939331,66.5671,79.1270,78.5547,75.9297,77.6674,275.3598,116.7106,69.1720,5,275.3598,207,0
19100,0.0003524084898650478,3.5471553802490234,66.7786,79.5451,77.9489,76.1325,78.7301,279.4900,117.1683,60.6123,5,279.4900,207,0
19150,0.0003513437030897781,3.547649383544922,68.3681,81.2629,79.2451,76.8778,79.3198,279.2853,116.6009,66.4429,5,279.2853,207,0
19200,0.00035027858217491107,3.468737840652466,66.4694,79.0420,76.1905,73.1311,75.2482,275.7491,116.0099,62.2754,5,275.7491,207,0
19250,0.00034921314379511055,3.2246828079223633,68.2951,80.0404,78.9721,76.6927,77.9301,273.6183,115.6790,62.5359,5,273.6183,207,0
19300,0.0003481474046300104,3.4336204528808594,67.9985,79.3930,77.6597,74.8404,77.2764,279.0502,117.3901,57.9846,5,279.0502,207,0
19350,0.0003470813813639533,3.4325485229492188,66.4118,79.7566,77.1434,74.8548,77.1182,274.6546,113.7102,63.8801,5,274.6546,207,0
19400,0.00034601509068572935,3.6181395053863525,65.1988,79.8700,77.4661,75.0350,77.0947,279.4533,116.5422,62.5986,5,279.4533,207,0
19450,0.0003449485492883154,3.4131710529327393,65.8954,82.1682,80.2613,77.6573,79.5947,283.5148,119.8675,64.7778,5,283.5148,207,0
19500,0.00034388177386861305,3.4898974895477295,62.7744,79.8497,77.9147,76.2674,79.3677,279.6531,117.1507,62.7601,5,279.6531,207,0
19550,0.0003428147811271878,3.451155424118042,66.1119,79.5788,78.1150,75.6213,78.5605,281.8084,117.2055,63.0413,5,281.8084,207,0
19600,0.00034174758776800727,3.2078781127929688,65.5101,80.0028,79.3560,76.7400,79.8104,277.5499,116.2798,65.3686,5,277.5499,207,0
19650,0.0003406802104981796,3.0851688385009766,67.2025,80.7627,78.7433,76.3587,79.2397,282.2035,118.0385,65.0084,5,282.2035,207,0
19700,0.0003396126660276924,3.922588586807251,67.0765,77.6470,74.7562,71.8905,75.6935,280.9192,118.1897,63.6033,5,280.9192,207,0
19750,0.0003385449710691506,3.484961748123169,65.3357,78.4735,76.7172,74.5188,76.9938,278.7420,117.1465,62.9018,5,278.7420,207,0
19800,0.00033747714233751524,2.417146682739258,68.1489,78.8141,77.6425,75.9104,78.6437,283.0054,119.5904,65.7636,5,283.0054,207,0
19850,0.0003364091965498414,3.2049789428710938,66.2288,78.9719,77.6785,75.2738,78.1769,280.9964,118.6936,65.7193,5,280.9964,207,0
19900,0.00033534115042501686,3.105445146560669,66.7678,78.5707,77.5822,75.6733,77.6676,283.7367,121.2113,63.4789,5,283.7367,207,0
19950,0.0003342730206835001,3.249011993408203,66.2283,79.5312,77.6132,75.0385,77.7887,281.5356,117.5278,65.4634,5,281.5356,207,0
20000,0.00033320482404705876,3.3728725910186768,68.2465,80.1437,78.4362,75.6972,77.7691,282.8746,121.4949,68.6260,5,282.8746,207,0
20050,0.0003321365772385075,3.4272873401641846,67.4681,78.5583,76.2723,73.6305,76.4785,279.9162,119.1743,67.2876,5,279.9162,207,0
20100,0.00033106829698144655,3.837062120437622,67.8590,82.4158,79.5793,76.6246,79.9386,287.1210,121.7145,64.9624,5,287.1210,207,0
20150,0.00032999999999999994,3.1774494647979736,68.2673,81.4733,78.7405,76.0008,79.5675,282.5098,118.3067,61.8434,5,282.5098,207,0
20200,0.00032893170301855334,3.563295364379883,66.9541,76.4416,75.0587,73.5166,76.6518,281.1468,119.4060,62.8806,5,281.1468,207,0
20250,0.0003278634227614925,3.616140365600586,67.7325,80.5878,78.7459,77.5372,80.1387,281.6768,117.9474,60.5854,5,281.6768,207,0
20300,0.0003267951759529412,3.2961361408233643,69.2683,79.6744,78.8034,76.6233,79.2346,281.8485,117.2644,69.8345,5,281.8485,207,0
20350,0.0003257269793164997,3.1304378509521484,66.6113,79.1137,77.2181,75.6198,78.4470,282.0002,118.3936,64.1880,5,282.0002,207,0
20400,0.00032465884957498303,3.75618577003479,66.0615,79.9832,78.0805,76.1784,79.1871,286.3773,122.0101,65.0656,5,286.3773,207,0
20450,0.00032359080345015847,3.0285093784332275,67.7822,79.7570,78.6618,76.8736,79.5328,285.4961,120.5455,63.6021,5,285.4961,207,0
20500,0.0003225228576624846,3.372957229614258,66.2915,79.0189,77.0116,75.4727,78.5766,288.9875,121.8271,61.0984,5,288.9875,207,0
20550,0.0003214550289308493,3.600783348083496,66.3698,78.8628,77.2200,75.5477,78.1431,289.1552,121.9532,63.4873,5,289.1552,207,0
20600,0.0003203873339723075,3.042163133621216,66.4395,79.8355,78.1524,75.4803,78.0373,290.3158,123.3516,65.4744,5,290.3158,207,0
20650,0.00031931978950182035,3.2609479427337646,65.9666,76.1852,73.9547,71.8490,75.1598,282.2024,118.2748,67.7749,5,282.2024,207,0
20700,0.0003182524122319927,3.298604965209961,66.9819,78.2294,76.1596,73.3985,77.6838,288.0523,120.4545,65.8628,5,288.0523,207,0
20750,0.0003171852188728121,3.461601972579956,65.5683,79.6698,77.4957,75.7475,78.5698,286.4263,121.8377,66.8571,5,286.4263,207,0
20800,0.0003161182261313869,3.325044631958008,66.9583,79.4985,76.7108,74.6741,78.1785,289.0688,122.2753,63.4428,5,289.0688,207,0
20850,0.00031505145071168456,2.996885299682617,67.3150,80.6060,78.0891,77.5390,81.0063,291.7144,123.4596,69.1533,5,291.7144,207,0
20900,0.00031398490931427054,3.534966230392456,65.4839,79.3253,77.4821,75.2753,79.5188,288.6463,123.2140,64.6758,5,288.6463,207,0
20950,0.0003129186186360467,3.5822994709014893,67.2083,78.8434,76.7833,74.1986,78.9450,290.8827,124.4251,63.6279,5,290.8827,207,0
21000,0.0003118525953699895,2.8410377502441406,64.9331,80.8100,78.2105,75.6173,79.1735,287.2498,122.6996,63.7814,5,287.2498,207,0
21050,0.0003107868562048894,3.2945826053619385,64.9978,78.9304,76.7500,75.6949,78.8883,292.2984,124.2280,63.7216,5,292.2984,207,0
21100,0.000309721417825089,3.6283791065216064,66.4851,79.0958,76.6581,73.8236,78.0199,291.7668,122.4479,64.4570,5,291.7668,207,0
21150,0.0003086562969102218,3.8209664821624756,66.9964,79.1007,77.8212,76.7134,79.4280,289.9867,123.4237,64.3808,5,289.9867,207,0
21200,0.000307591510134952,3.053025484085083,67.8028,77.3767,75.4558,73.7691,77.3949,296.8274,129.1160,65.2490,5,296.8274,207,0
21250,0.0003065270741687123,3.6064059734344482,66.8899,78.4699,75.5624,72.8094,76.1293,295.9268,128.1202,69.5754,5,295.9268,207,0
21300,0.00030546300567544336,3.5441653728485107,69.3579,78.2362,77.0416,74.6642,78.2423,297.4084,126.6015,68.5520,5,297.4084,207,0
21350,0.00030439932131333337,3.3140132427215576,68.6142,80.0484,77.6296,75.2088,79.6820,299.0533,129.7186,64.2931,5,299.0533,207,0
21400,0.00030333603773455644,3.62984561920166,68.1248,79.2113,76.3856,74.8911,78.6937,297.9305,129.0723,66.7862,5,297.9305,207,0
21450,0.0003022731715850125,3.4406681060791016,69.0772,77.8016,76.1206,73.6321,77.5335,293.5458,126.5059,63.3218,5,293.5458,207,0
21500,0.00030121073950406687,3.7081191539764404,68.4594,80.3765,77.7864,77.2440,80.6972,299.3667,130.4792,61.0729,5,299.3667,207,0
21550,0.00030014875812428896,3.295269727706909,67.8262,78.6865,76.5216,76.6260,79.9901,295.1923,127.3851,63.3913,5,295.1923,207,0
21600,0.00029908724407119264,3.233888626098633,68.2455,79.2905,77.8173,76.1117,80.2325,296.4630,127.5411,63.8374,5,296.4630,207,0
21650,0.00029802621396297566,3.102710485458374,67.2005,78.4397,75.9886,73.8126,77.6982,294.2614,125.4769,61.8709,5,294.2614,207,0
21700,0.00029696568441025937,3.103300094604492,67.2043,79.3842,77.0600,75.9173,79.3044,301.4678,129.7163,62.2180,5,301.4678,207,0
21750,0.00029590567201582917,3.44191837310791,66.9669,80.5124,77.1195,75.4575,79.2187,298.5504,128.7628,68.6372,5,298.5504,207,0
21800,0.0002948461933743739,3.1014444828033447,66.4636,79.4060,77.0982,76.3774,79.6156,297.2714,126.1390,65.4718,5,297.2714,207,0
21850,0.00029378726507222664,3.0818302631378174,67.1668,79.0615,76.1495,73.7662,79.0253,297.4736,127.5293,66.9106,5,297.4736,207,0
21900,0.00029272890368710455,2.949547052383423,68.8351,80.1957,78.1021,75.1328,78.7879,295.5025,126.0397,65.3580,5,295.5025,207,0
21950,0.00029167112578785005,3.3177146911621094,67.9147,78.4865,76.9561,74.0273,78.4968,300.6075,130.1530,66.9842,5,300.6075,207,0
22000,0.0002906139479341703,3.7388839721679688,68.8226,80.0663,77.6459,75.8871,79.6990,301.3855,130.0713,65.6126,5,301.3855,207,0
22050,0.0002895573866763793,3.8545687198638916,67.5398,79.2368,77.1954,75.8357,79.7138,298.4926,128.9807,62.7252,5,298.4926,207,0
22100,0.0002885014585551379,3.694131851196289,66.9174,77.3936,77.1597,74.1774,79.6845,303.4382,131.3597,64.7310,5,303.4382,207,0
22150,0.0002874461801011948,3.496093988418579,68.1792,79.8756,77.7624,74.9799,78.9105,296.7936,127.1091,64.0585,5,296.7936,207,0
22200,0.00028639156783512857,2.981693983078003,69.1255,79.9539,76.9450,75.1676,78.7966,295.5390,127.6295,66.4963,5,295.5390,207,0
22250,0.0002853376382670879,3.4158267974853516,68.2128,79.9654,76.8408,74.4090,79.3265,306.7412,133.9907,64.7917,5,306.7412,207,0
22300,0.0002842844078965341,3.3264076709747314,66.3712,78.3858,75.1678,72.5996,76.8998,299.4158,129.2743,65.9756,5,299.4158,207,0
22350,0.00028323189321198246,3.6160762310028076,66.7583,79.7677,77.6514,75.2950,79.9852,303.2503,130.6355,65.6663,5,303.2503,207,0
22400,0.0002821801106907438,2.9521267414093018,67.8242,80.6278,76.9815,74.2539,78.5168,300.0632,128.2759,63.7529,5,300.0632,207,0
22450,0.00028112907679866684,2.943861722946167,67.1417,79.1655,76.0909,75.4986,80.3668,300.9489,128.0860,62.8566,5,300.9489,207,0
22500,0.00028007880798988085,3.2808077335357666,67.2584,79.2952,77.0241,75.5651,79.8835,302.3338,130.6529,66.2469,5,302.3338,207,0
22550,0.00027902932070653666,3.1916067600250244,67.2795,80.0990,77.0954,75.3657,80.2546,304.5119,132.2102,65.0058,5,304.5119,207,0
22600,0.00027798063137855105,2.9373319149017334,66.3927,80.7539,77.9067,76.0484,81.0830,305.3147,131.8866,66.5266,5,305.3147,207,0
22650,0.0002769327564233483,3.0928218364715576,66.9217,79.8079,77.0195,74.8526,78.9901,304.2850,132.5816,70.8320,5,304.2850,207,0
22700,0.00027588571224560344,3.812288522720337,67.8892,79.3958,76.1082,74.2384,78.0239,302.8319,131.7315,66.7127,5,302.8319,207,0
22750,0.00027483951523698565,3.7823657989501953,67.3008,78.8906,76.1681,74.3405,77.4329,302.4951,130.4480,66.5414,5,302.4951,207,0
22800,0.00027379418177590157,3.2766048908233643,68.1494,78.7788,76.1118,74.4386,78.9563,306.2502,132.3824,67.4298,5,306.2502,207,0
22850,0.00027274972822723874,3.520845413208008,67.4926,76.3960,72.9054,71.4422,76.2449,299.9768,131.4991,65.5769,5,299.9768,207,0
22900,0.0002717061709421097,3.042149305343628,67.2534,79.0864,77.3133,76.2533,80.0641,306.6721,134.8642,66.1393,5,306.6721,207,0
22950,0.00027066352625759537,3.1798365116119385,67.0468,78.6970,76.0310,75.0815,78.9108,302.6342,129.9730,67.3851,5,302.6342,207,0
23000,0.00026962181049649023,3.3012161254882812,65.9965,78.3949,75.9251,74.8552,79.2357,306.9385,133.5273,67.4665,5,306.9385,207,0
23050,0.00026858103996704616,3.5565338134765625,67.3338,77.3385,75.1635,74.1356,78.5993,312.5035,138.0663,67.2023,5,312.5035,207,0
23100,0.00026754123096271704,3.27258038520813,67.7178,78.2614,77.0213,76.1916,79.3211,310.7932,137.5177,65.1541,5,310.7932,207,0
23150,0.0002665023997619042,3.4477081298828125,66.5119,77.7192,75.0046,74.3105,78.2187,303.1359,132.0003,67.4254,5,303.1359,207,0
23200,0.0002654645626277012,3.4564692974090576,66.6549,76.4575,74.4888,73.1444,78.0163,304.4797,131.3584,68.1855,5,304.4797,207,0
23250,0.000264427735807639,2.9142990112304688,66.0319,78.3245,76.2506,74.4515,79.2317,308.7762,133.4416,71.5405,5,308.7762,207,0
23300,0.0002633919355334323,3.4855661392211914,67.9407,79.3280,77.3317,75.5721,79.5816,311.6567,136.9593,69.8590,5,311.6567,207,0
23350,0.00026235717802072507,3.4826507568359375,67.9305,77.3319,75.2098,73.8312,77.8491,309.6135,134.7589,69.7343,5,309.6135,207,0
23400,0.0002613234794688362,3.118211030960083,67.6415,78.3235,75.4646,73.9138,77.7703,311.4832,135.7918,70.7826,5,311.4832,207,0
23450,0.0002602908560605067,3.221419095993042,67.9746,78.1623,74.5611,73.4988,76.9519,303.3818,130.3572,65.0969,5,303.3818,207,0
23500,0.00025925932396164605,2.771066427230835,66.4408,77.9123,75.4386,74.0441,78.1471,311.2791,136.3866,74.4480,5,311.2791,207,0
23550,0.0002582288993210788,3.7078335285186768,68.1581,77.5507,74.8614,72.9980,78.5426,309.2381,135.6416,67.0364,5,309.2381,207,0
23600,0.00025719959827029247,3.0862209796905518,67.4624,78.6549,76.0981,75.0460,79.8056,311.9647,135.3517,63.3950,5,311.9647,207,0
23650,0.0002561714369231839,3.791719436645508,68.2809,77.8761,75.2767,73.8886,79.3728,313.0698,136.2849,63.1990,5,313.0698,207,0
23700,0.0002551444313758084,3.3490750789642334,67.7113,78.2930,75.4794,74.5657,78.7341,311.3975,135.0941,65.2983,5,311.3975,207,0
23750,0.0002541185977061267,3.3624181747436523,67.2997,78.7301,75.8910,74.4648,79.2415,312.8741,137.7259,62.9918,5,312.8741,207,0
23800,0.0002530939519737534,3.6330721378326416,68.3109,78.5855,76.6631,75.5119,80.2985,312.6596,137.7333,66.5528,5,312.6596,207,0
23850,0.00025207051021970586,3.216313600540161,68.5699,77.5363,75.5596,74.2608,78.7042,313.0957,137.8112,71.7929,5,313.0957,207,0
23900,0.0002510482884661532,3.1949474811553955,67.3720,78.9456,77.0349,75.4516,80.6950,308.5656,134.6189,65.6006,5,308.5656,207,0
23950,0.0002500273027161647,2.7551848888397217,66.6346,77.8256,74.6352,73.2946,77.6964,306.4560,135.0192,63.4095,5,306.4560,207,0
24000,0.0002490075689534603,3.888986587524414,67.9739,78.8794,76.5095,75.2033,79.6164,308.5010,133.3238,66.4725,5,308.5010,207,0
24050,0.0002479891031421594,3.493169069290161,68.5465,79.3908,75.7885,74.1571,78.8919,310.7933,136.2479,73.3032,5,310.7933,207,0
24100,0.0002469719212265317,3.403919219970703,68.2424,78.3393,74.9913,74.5563,78.8543,310.0569,135.4728,63.6494,5,310.0569,207,0
24150,0.000245956039130747,3.268763542175293,67.1298,77.8588,74.5742,75.2435,81.1800,315.0786,136.6866,64.9155,5,315.0786,207,0
24200,0.0002449414727586266,3.4707019329071045,67.8856,78.2097,76.2305,74.8525,81.0262,317.2080,139.5449,67.2776,5,317.2080,207,0
24250,0.0002439282379933935,3.4387147426605225,67.3891,78.1630,75.8124,74.1812,79.8809,318.2583,141.0502,66.4414,5,318.2583,207,0
24300,0.00024291635069742423,3.4709713459014893,66.2204,77.1029,75.1820,73.9062,77.8913,312.5562,136.6983,63.4651,5,312.5562,207,0
24350,0.00024190582671200064,3.387274742126465,66.2299,78.8166,76.9358,75.7335,80.7763,315.0865,138.4218,67.0899,5,315.0865,207,0
24400,0.00024089668185706145,3.2478885650634766,67.3061,78.5500,77.0535,75.5050,79.8519,319.3236,139.8788,61.9794,5,319.3236,207,0
24450,0.00023988893193095518,3.20843768119812,68.2088,80.4032,77.4952,76.3041,81.0465,316.2395,137.9388,61.0472,5,316.2395,207,0
24500,0.00023888259271019193,2.869136095046997,66.7382,79.5144,77.9218,76.5736,81.2314,313.2357,137.6425,65.5912,5,313.2357,207,0
24550,0.00023787767994919753,3.6690833568573,66.1681,77.1273,75.8336,74.7780,78.8455,314.0712,137.9461,63.4334,5,314.0712,207,0
24600,0.000236874209380066,3.3905553817749023,67.3739,77.7048,75.0206,73.7021,77.7488,313.3598,138.2934,65.8713,5,313.3598,207,0
24650,0.00023587219671231363,3.619616746902466,66.3281,78.2665,76.0197,74.6020,79.4885,315.5124,136.9221,64.9726,5,315.5124,207,0
24700,0.00023487165763263297,3.115002393722534,67.4201,77.6152,75.1992,74.4383,79.7267,314.7731,138.7253,65.0466,5,314.7731,207,0
24750,0.00023387260780464753,3.6025373935699463,68.0052,80.0186,76.6836,75.6377,80.1735,315.9765,139.3708,67.5782,5,315.9765,207,0
24800,0.00023287506286866582,3.742894172668457,67.5278,78.7615,76.2774,74.8222,80.8119,316.4784,139.1820,66.5066,5,316.4784,207,0
24850,0.00023187903844143742,3.35266375541687,66.8602,79.2982,77.5361,76.8303,82.1856,322.6790,142.8038,64.5865,5,322.6790,207,0
24900,0.00023088455011590803,3.3580760955810547,66.1943,76.2288,73.6610,73.2679,79.6454,316.8577,139.4909,63.2122,5,316.8577,207,0
24950,0.00022989161346097508,3.4101693630218506,68.7386,77.1086,74.8783,73.8652,79.5042,316.2449,137.7621,60.0598,5,316.2449,207,0
25000,0.00022890024402124454,3.579298734664917,64.7713,74.9071,73.4351,72.4233,77.9216,313.1237,137.1562,65.9954,5,313.1237,207,0
25050,0.00022791045731678753,3.4710280895233154,67.2911,78.1452,76.0832,75.0445,80.4777,323.7660,143.3241,66.7809,5,323.7660,207,0
25100,0.00022692226884289668,3.4204752445220947,69.7298,79.4321,76.6331,74.8197,79.7522,321.1484,141.8907,60.6672,5,321.1484,207,0
25150,0.00022593569406984448,3.349306106567383,66.5439,78.4102,77.7377,76.4670,82.7624,323.3912,141.4482,61.4766,5,323.3912,207,0
25200,0.00022495074844264035,3.572094678878784,68.0969,78.7132,76.4366,74.2871,80.0290,321.6175,142.8496,65.0699,5,321.6175,207,0
25250,0.00022396744738078917,3.4526593685150146,66.9238,79.6124,77.9608,77.1348,80.7595,324.7468,142.9684,63.3710,5,324.7468,207,0
25300,0.00022298580627805014,3.5552990436553955,67.7970,77.3373,75.9533,74.1351,78.5782,316.9122,139.0884,61.6419,5,316.9122,207,0
25350,0.00022200584050219492,3.373903512954712,67.1186,75.8491,75.7636,74.1975,79.9107,320.6205,141.1201,61.0170,5,320.6205,207,0
25400,0.00022102756539476822,3.046907424926758,68.2468,78.2665,76.7991,74.7110,79.8416,318.0769,139.4646,64.0073,5,318.0769,207,0
25450,0.00022005099627084667,3.117696523666382,68.6793,79.0624,77.1082,75.4037,80.0432,323.5680,143.1694,61.6963,5,323.5680,207,0
25500,0.00021907614841879954,3.8636722564697266,67.6569,77.0015,77.2194,75.5449,79.8389,319.7724,139.5354,62.3296,5,319.7724,207,0
25550,0.00021810303710004917,3.3154475688934326,67.1299,78.2320,76.3581,75.2941,79.9638,321.1246,141.0771,65.9873,5,321.1246,207,0
25600,0.00021713167754883233,3.207840919494629,67.1542,77.5833,76.5224,75.0325,80.2359,323.1161,141.4344,63.3651,5,323.1161,207,0
25650,0.00021616208497196143,3.196147918701172,67.4360,79.0848,77.3657,76.1588,81.4911,326.6785,145.3811,63.9615,5,326.6785,207,0
25700,0.00021519427454858638,3.0951249599456787,68.8836,78.9223,77.0774,75.5813,80.4290,325.0844,143.1571,66.1236,5,325.0844,207,0
25750,0.0002142282614299577,3.786216974258423,67.0413,76.2598,74.2103,73.4493,79.4547,325.0385,143.2512,64.4332,5,325.0385,207,0
25800,0.00021326406073918805,3.3391237258911133,68.2648,78.0790,76.3790,75.3238,80.5903,323.9195,143.1905,66.1186,5,323.9195,207,0
25850,0.00021230168757101686,3.851106882095337,68.1039,77.9772,76.3107,75.3599,80.2713,327.5963,146.0637,65.8955,5,327.5963,207,0
25900,0.00021134115699157302,3.532266616821289,68.7331,78.3369,77.1171,76.5774,81.7659,327.8995,146.1633,68.0586,5,327.8995,207,0
25950,0.00021038248403813917,3.4516279697418213,68.1327,78.4184,75.1934,74.2166,79.5690,322.5533,142.3437,64.8422,5,322.5533,207,0
26000,0.00020942568371891705,3.634632110595703,68.5093,78.4694,76.4912,76.0191,80.1791,325.2830,144.9016,64.2075,5,325.2830,207,0
26050,0.00020847077101279133,3.6256237030029297,68.0085,77.7929,75.8657,74.8792,79.5042,321.8985,142.2850,67.9560,5,321.8985,207,0
26100,0.0002075177608690963,3.153273344039917,67.2495,79.5927,77.7235,76.1653,80.9651,321.2640,140.2600,68.7068,5,321.2640,207,0
26150,0.0002065666682073809,2.912999153137207,67.2247,78.1356,76.1898,75.2563,80.1110,325.8086,143.9429,61.6427,5,325.8086,207,0
26200,0.00020561750791717556,3.2717082500457764,66.9224,77.9839,75.4747,75.1106,79.6307,325.4718,143.5632,66.6697,5,325.4718,207,0
26250,0.0002046702948577593,3.2595508098602295,68.5996,77.0541,75.0561,74.0212,79.4725,332.1952,149.8412,68.3070,5,332.1952,207,0
26300,0.00020372504385792687,3.168755292892456,67.9959,77.6133,75.5710,76.1183,80.6408,332.6033,147.7691,62.8364,5,332.6033,207,0
26350,0.0002027817697157564,3.0837936401367188,68.5139,79.2183,77.4741,76.2469,81.4542,332.6594,146.1038,65.7132,5,332.6594,207,0
26400,0.00020184048719837805,3.4485061168670654,67.1224,78.6716,76.1101,75.3986,80.0162,328.0048,145.0773,63.2661,5,328.0048,207,0
26450,0.00020090121104174283,3.1817657947540283,66.6008,78.7890,76.0254,75.4375,80.1054,326.7981,144.6434,62.8421,5,326.7981,207,0
26500,0.00019996395595039154,3.7890796661376953,66.3934,78.6549,76.6501,75.8248,80.2871,326.7127,144.1377,63.4885,5,326.7127,207,0
26550,0.0001990287365972253,3.52311110496521,68.4742,79.7269,76.9793,76.3183,81.8721,333.6226,148.1676,64.9602,5,333.6226,207,0
26600,0.00019809556762327485,3.1088743209838867,67.4458,77.9399,75.3222,74.7485,80.2765,331.4101,146.9699,62.0109,5,331.4101,207,0
26650,0.00019716446363747208,2.9527103900909424,67.6747,77.1970,74.8996,74.0054,78.8766,328.5616,145.8402,63.1359,5,328.5616,207,0
26700,0.00019623543921642132,2.7013022899627686,68.7034,79.6787,76.8984,76.2159,81.2356,329.7485,144.5225,59.5798,5,329.7485,207,0
26750,0.00019530850890417062,2.8572261333465576,67.1607,76.7422,74.7003,73.7859,79.1487,330.7539,147.8430,61.0475,5,330.7539,207,0
26800,0.0001943836872119844,3.4897117614746094,68.0656,78.3087,75.1006,74.4106,78.9574,326.0027,144.5752,61.8447,5,326.0027,207,0
26850,0.00019346098861811655,3.3923499584198,68.4437,76.4983,73.8530,73.2762,78.3718,329.1821,146.0458,61.8512,5,329.1821,207,0
26900,0.00019254042756758306,3.5212161540985107,69.5156,77.7038,74.8987,74.3971,79.4588,329.8408,145.7244,59.1119,5,329.8408,207,0
26950,0.00019162201847193664,3.641920804977417,68.6067,76.6573,74.5855,74.1730,78.9505,332.9225,147.2411,61.2110,5,332.9225,207,0
27000,0.00019070577570904054,3.4981234073638916,68.2130,76.9863,75.8828,75.7264,80.7088,333.2066,149.5154,61.4500,5,333.2066,207,0
27050,0.0001897917136228436,2.852126121520996,68.1697,77.2766,75.3183,75.2838,80.7328,330.1468,146.8406,60.3557,5,330.1468,207,0
27100,0.00018887984652315597,3.29107403755188,67.4574,77.3869,75.5127,75.3349,79.7179,326.4260,143.4088,61.4839,5,326.4260,207,0
27150,0.0001879701886854249,3.2742042541503906,66.9046,78.0553,75.6019,75.2563,79.2648,324.4123,142.6776,59.6794,5,324.4123,207,0
27200,0.00018706275435051108,2.967853307723999,67.2510,75.7966,73.2897,73.1391,78.0570,332.7977,147.1430,63.4046,5,332.7977,207,0
27250,0.00018615755772446573,3.108851432800293,68.1772,77.4977,74.6635,74.3329,78.6157,327.3083,144.3088,56.8495,5,327.3083,207,0
27300,0.0001852546129783088,2.8425846099853516,68.8154,77.0037,74.5900,74.1323,78.9115,336.3132,149.7291,63.6255,5,336.3132,207,0
27350,0.0001843539342478061,3.1295411586761475,66.7628,76.6705,74.8607,74.7342,79.1159,335.7205,149.8654,63.8887,5,335.7205,207,0
27400,0.00018345553563324903,2.9969747066497803,67.9446,76.6237,74.1297,74.2542,78.8827,334.4760,148.8601,62.1499,5,334.4760,207,0
27450,0.000182559431199233,3.71394419670105,67.8907,76.3222,73.7984,73.1046,77.6614,332.1066,146.9149,61.2418,5,332.1066,207,0
27500,0.00018166563497443766,3.49322772026062,69.3347,78.4817,76.2571,75.8886,81.0500,341.1290,152.0936,59.9456,5,341.1290,207,0
27550,0.00018077416095140748,3.281719207763672,69.1347,78.2851,75.3380,75.2761,80.3108,342.3130,153.7176,60.6781,5,342.3130,207,0
27600,0.00017988502308633212,3.4531681537628174,68.1037,77.4842,74.3666,73.4214,77.7209,332.0758,147.1385,61.4294,5,332.0758,207,0
27650,0.00017899823529882828,3.2706451416015625,68.6290,77.2352,75.8720,75.0984,79.4652,334.8747,149.9926,57.9171,5,334.8747,207,0
27700,0.00017811381147172213,3.350759506225586,68.8990,77.8825,76.0814,75.7041,80.0811,335.1009,148.6412,62.5593,5,335.1009,207,0
27750,0.00017723176545083108,2.8801422119140625,68.2845,76.5915,74.7713,74.3230,79.5055,336.2244,150.4563,60.5002,5,336.2244,207,0
27800,0.000176352111044748,3.2172164916992188,67.5364,75.2535,72.8034,72.4461,78.9301,335.7698,148.1959,62.9930,5,335.7698,207,0
27850,0.00017547486202462432,3.6020078659057617,68.7708,76.0215,73.4635,73.3536,79.3534,336.6677,150.5336,60.4872,5,336.6677,207,0
27900,0.0001746000321239547,2.981773614883423,67.8574,76.1524,73.7722,73.3864,78.7320,333.8482,146.1418,61.9067,5,333.8482,207,0
27950,0.0001737276350383622,3.5875015258789062,67.1102,75.5464,73.3591,72.9028,78.3775,340.0183,149.7013,58.6945,5,340.0183,207,0
28000,0.00017285768442538375,3.4179394245147705,68.4398,76.3048,74.4258,73.9012,78.5728,338.3161,150.6985,60.4981,5,338.3161,207,0
28050,0.0001719901939042561,3.8049709796905518,67.8561,78.2137,75.8391,76.1605,80.6457,337.6312,149.8486,59.7022,5,337.6312,207,0
28100,0.0001711251770557028,3.8181650638580322,69.2907,77.9585,75.2002,74.6854,80.5269,340.6744,152.3039,59.5328,5,340.6744,207,0
28150,0.00017026264742172188,3.879342794418335,69.7345,79.4430,77.4504,76.7583,81.4953,340.2103,151.1673,59.8707,5,340.2103,207,0
28200,0.0001694026185053732,3.3319733142852783,68.2145,77.4467,74.0790,73.1823,78.7950,337.9446,150.2920,59.4370,5,337.9446,207,0
28250,0.00016854510377056783,3.3800771236419678,69.0625,77.5724,75.4981,75.2640,81.4835,350.3099,156.6783,56.9367,5,350.3099,207,0
28300,0.00016769011664185656,3.416627883911133,69.7471,77.0385,75.7612,74.8231,80.3456,340.6698,153.6406,59.8859,5,340.6698,207,0
28350,0.00016683767050422,3.575317621231079,69.0244,77.2241,75.3533,74.2959,80.0495,341.2459,153.0851,56.7218,5,341.2459,207,0
28400,0.00016598777870285945,2.929827928543091,70.3078,76.2652,75.2679,74.0354,80.5597,345.2968,155.2587,58.5234,5,345.2968,207,0
28450,0.0001651404545429871,3.4644689559936523,69.9897,77.8316,76.1644,74.5590,80.1624,335.0639,148.2614,56.1000,5,335.0639,207,0
28500,0.00016429571128961877,3.3570544719696045,69.1419,76.5391,74.6327,74.4112,79.4321,338.9997,149.9271,55.4187,5,338.9997,207,0
28550,0.00016345356216736535,3.272014617919922,68.9718,77.1905,75.6720,74.7795,81.1656,343.6089,152.9666,59.5390,5,343.6089,207,0
28600,0.00016261402036022606,3.7212631702423096,68.9393,76.9266,74.6314,74.6399,79.8494,339.0427,150.4892,60.6321,5,339.0427,207,0
28650,0.0001617770990113825,3.259160041809082,68.2660,75.1300,73.4851,72.7727,79.5691,344.8448,155.1247,58.0709,5,344.8448,207,0
28700,0.0001609428112229924,3.769063949584961,67.8985,77.6346,75.8334,76.0997,80.8700,343.4520,154.0301,56.6180,5,343.4520,207,0
28750,0.00016011117005598419,3.757037878036499,67.6654,76.2425,74.6555,74.9472,81.3057,343.6071,152.9269,58.2248,5,343.6071,207,0
28800,0.0001592821885298535,2.8481857776641846,67.7711,78.7486,75.5184,75.6562,80.3725,345.0856,153.7396,58.3084,5,345.0856,207,0
28850,0.0001584558796224586,3.15423321723938,67.3476,77.3110,75.0599,74.3857,79.2260,340.8616,152.2433,58.7894,5,340.8616,207,0
28900,0.00015763225626981743,3.2422091960906982,66.7136,77.1504,74.7659,75.0774,82.2223,347.0546,155.9342,61.6216,5,347.0546,207,0
28950,0.0001568113313659049,3.0404303073883057,67.6726,76.2167,74.0709,73.9969,79.8940,342.3783,152.3445,57.3925,5,342.3783,207,0
29000,0.0001559931177624514,3.7509758472442627,68.7248,77.7653,74.5920,74.3896,80.8080,342.8545,153.2761,63.0106,5,342.8545,207,0
29050,0.00015517762826874142,3.023195266723633,69.0431,76.6548,74.5500,74.8815,79.2995,339.4153,150.3217,58.3396,5,339.4153,207,0
29100,0.000154364875651413,3.2427799701690674,68.7669,75.9072,73.0556,73.2072,78.3870,341.8855,151.7528,58.4230,5,341.8855,207,0
29150,0.0001535548726342578,3.436098098754883,67.8399,74.8905,72.8234,73.0584,79.4448,344.4853,153.8945,61.1377,5,344.4853,207,0
29200,0.00015274763189802195,3.237531900405884,68.5683,76.2060,74.3640,73.9688,79.7675,344.3265,152.5264,59.9236,5,344.3265,207,0
29250,0.00015194316608020775,3.5903255939483643,68.0620,75.8965,73.8323,73.2641,79.1799,344.7658,154.6925,56.9545,5,344.7658,207,0
29300,0.00015114148777487543,3.092803955078125,69.1619,76.2338,74.0393,73.3630,80.1107,347.9225,155.6650,61.1493,5,347.9225,207,0
29350,0.00015034260953244644,3.1768100261688232,69.1315,76.4693,73.9800,73.6360,80.4640,350.7402,157.9986,58.5339,5,350.7402,207,0
29400,0.0001495465438595065,3.1010901927948,68.6887,76.7488,74.2378,73.6769,79.9221,347.3241,155.9873,60.7195,5,347.3241,207,0
29450,0.00014875330321861003,3.2860915660858154,68.4097,76.3373,74.7570,74.3228,80.9134,351.0604,156.8205,57.7485,5,351.0604,207,0
29500,0.00014796290002808525,3.228681802749634,68.9876,75.4973,73.7610,73.6788,79.9890,349.2529,156.4043,58.8853,5,349.2529,207,0
29550,0.00014717534666183963,3.3844356536865234,69.8004,75.9368,74.3746,73.8511,80.6753,351.3242,156.8865,59.2665,5,351.3242,207,0
29600,0.00014639065544916566,3.220738649368286,69.3612,76.6985,74.3607,73.9380,79.6079,350.3296,157.2324,58.8181,5,350.3296,207,0
29650,0.0001456088386745487,3.2497148513793945,70.9719,77.6706,75.0050,74.2661,80.1463,349.3250,157.0755,58.1426,5,349.3250,207,0
29700,0.00014482990857747426,3.933197021484375,70.4269,76.1780,74.3828,73.6191,78.7801,345.2950,152.9174,58.8497,5,345.2950,207,0
29750,0.00014405387735223622,3.5384809970855713,68.8705,76.2305,74.1575,74.1312,79.1849,346.3019,154.8587,58.5626,5,346.3019,207,0
29800,0.00014328075714774605,3.401453971862793,69.0513,75.4400,73.8752,73.4974,79.3152,344.7741,154.6932,59.0405,5,344.7741,207,0
29850,0.00014251056006734267,3.9223849773406982,69.1698,76.6056,74.6995,74.7083,80.5643,348.8058,155.7470,58.2081,5,348.8058,207,0
29900,0.00014174329816860314,3.692176103591919,69.5160,76.3213,74.3139,74.7217,80.1160,349.6855,153.9594,58.6429,5,349.6855,207,0
29950,0.0001409789834631537,3.595656394958496,70.9402,75.6630,73.6186,73.6011,79.4841,347.7088,154.7080,58.1477,5,347.7088,207,0
30000,0.00014021762791648152,3.5106093883514404,71.1840,77.6817,74.9404,74.3363,79.7994,350.8354,156.4467,59.6619,5,350.8354,207,0
30050,0.00013945924344774762,3.5337612628936768,69.8159,76.7392,75.1968,75.5187,80.5708,348.6536,156.1424,58.6011,5,348.6536,207,0
30100,0.00013870384192960048,2.749204397201538,69.9634,76.9685,74.7551,74.1965,79.6343,353.7091,159.5634,58.5661,5,353.7091,207,0
30150,0.00013795143518798966,3.283818006515503,67.9972,76.0309,73.6936,74.1647,79.1568,350.9681,157.0361,56.3123,5,350.9681,207,0
30200,0.0001372020350019812,3.0914981365203857,69.6717,76.1466,74.0541,74.5674,79.5482,350.7125,156.2481,59.0432,5,350.7125,207,0
30250,0.0001364556531035728,3.0748796463012695,69.3434,77.2235,75.8459,76.4492,80.7513,349.8343,156.0918,57.2536,5,349.8343,207,0
30300,0.00013571230117751028,3.223756790161133,69.8987,76.4940,74.1656,74.1706,79.4654,346.7217,155.4445,58.6674,5,346.7217,207,0
30350,0.0001349719908611048,3.2924718856811523,67.8712,74.7271,73.1419,73.3256,78.3779,347.2815,155.4725,59.6285,5,347.2815,207,0
30400,0.00013423473374405055,3.524897336959839,68.5447,77.1268,74.9000,75.0702,79.9053,349.2119,156.5898,59.2077,5,349.2119,207,0
30450,0.00013350054136824333,3.272573471069336,69.0450,76.2385,74.5080,74.4395,79.9756,351.6076,157.2686,58.9434,5,351.6076,207,0
30500,0.0001327694252275997,3.5542004108428955,69.0644,77.3253,75.1429,75.8352,80.4960,349.0184,155.7833,60.2592,5,349.0184,207,0
30550,0.00013204139676787727,3.4495608806610107,69.2067,76.2013,73.2684,74.0987,79.3142,352.3738,157.7321,59.0779,5,352.3738,207,0
30600,0.00013131646738649556,2.9719693660736084,68.9782,75.9796,73.3879,73.6906,78.3711,350.8307,157.6561,60.2508,5,350.8307,207,0
30650,0.0001305946484323575,3.242638349533081,69.4668,76.1418,73.7207,74.5289,79.0056,353.8186,159.0380,59.7920,5,353.8186,207,0
30700,0.00012987595120567122,3.5384418964385986,69.7540,75.2767,72.2345,72.2325,77.5488,350.0639,155.6929,58.5749,5,350.0639,207,0
30750,0.00012916038695777424,3.2471768856048584,69.0815,76.0065,73.5748,73.7116,79.8237,354.9648,160.3302,60.0415,5,354.9648,207,0
30800,0.00012844796689095642,3.3693301677703857,69.4909,75.9211,73.3748,73.1243,78.9334,347.2075,156.2097,60.1105,5,347.2075,207,0
30850,0.00012773870215828495,3.2115209102630615,70.9139,76.9307,73.7230,74.4402,79.8221,355.3838,159.5349,60.4698,5,355.3838,207,0
30900,0.00012703260386342954,3.3784875869750977,70.1959,74.9329,73.1796,73.9098,79.6914,352.4404,157.2794,60.3128,5,352.4404,207,0
30950,0.00012632968306048898,2.9074299335479736,70.2935,76.0840,73.9797,73.9116,79.8800,358.6914,161.6813,59.8945,5,358.6914,207,0
31000,0.00012562995075381762,3.1578075885772705,70.9838,75.3421,73.5156,74.9376,79.7265,353.1838,157.5209,60.5731,5,353.1838,207,0
31050,0.00012493341789785353,2.4847190380096436,69.9210,74.6064,72.7918,74.3869,79.8859,357.8436,159.8614,60.6388,5,357.8436,207,0
31100,0.0001242400953969466,3.260152816772461,70.4398,75.4929,73.3204,73.3036,79.1498,355.5445,159.4269,60.3570,5,355.5445,207,0
31150,0.00012354999410518804,3.338933229446411,70.4484,74.6650,72.9783,73.0762,78.7083,354.5908,160.8032,60.5734,5,354.5908,207,0
31200,0.0001228631248262405,2.9603183269500732,69.0377,75.7861,72.8310,73.4504,79.1681,358.9170,161.2427,59.2510,5,358.9170,207,0
31250,0.00012217949831316906,3.4881248474121094,69.4068,73.7376,71.4978,72.6456,78.2029,356.6559,160.9542,60.8410,5,356.6559,207,0
31300,0.00012149912526827233,3.6974494457244873,69.9879,75.1291,72.6294,73.0048,78.7001,353.9266,158.1965,62.3311,5,353.9266,207,0
31350,0.00012082201634291551,3.2510082721710205,69.6054,75.4277,73.2195,73.7984,79.4059,359.2979,161.1144,61.1019,5,359.2979,207,0
31400,0.0001201481821373632,3.1883699893951416,71.3126,77.5381,74.1540,73.9870,80.2084,356.8343,159.3836,60.9617,5,356.8343,207,0
31450,0.00011947763320061401,3.3749582767486572,71.7054,75.9098,73.8723,73.6939,79.8781,361.5161,161.9189,60.7824,5,361.5161,207,0
31500,0.00011881038003023494,3.7813243865966797,70.8548,75.6456,72.9056,73.1032,79.5525,359.7029,161.6177,60.7535,5,359.7029,207,0
31550,0.00011814643307219681,3.88142466545105,70.3436,76.6365,74.5091,73.9207,79.8804,357.7278,160.0415,60.8515,5,357.7278,207,0
31600,0.0001174858027207115,3.1402597427368164,71.0956,76.7742,74.5836,74.3849,79.6931,356.9596,159.2346,62.8931,5,356.9596,207,0
31650,0.00011682849931806872,2.90679931640625,71.2376,76.3831,74.5292,74.7244,79.8354,358.7706,160.0459,61.1923,5,358.7706,207,0
31700,0.0001161745331544741,2.8285319805145264,70.6460,76.3834,74.1837,74.0443,80.0312,361.4040,162.4319,59.4278,5,361.4040,207,0
31750,0.00011552391446788808,2.5369832515716553,70.7861,75.8406,73.9663,73.6054,79.1451,356.4620,158.7773,61.5729,5,356.4620,207,0
31800,0.00011487665344386602,2.884507417678833,71.1494,77.2379,74.9010,74.7309,80.2734,358.7125,160.7720,61.6192,5,358.7125,207,0
31850,0.00011423276021539815,3.4557745456695557,70.3842,74.3730,72.4253,72.9929,79.7511,359.1870,161.3228,61.4596,5,359.1870,207,0
31900,0.00011359224486275153,3.248441696166992,70.0704,73.9328,71.2609,71.1341,78.1406,362.1722,162.7492,62.1038,5,362.1722,207,0
31950,0.00011295511741331172,2.996189832687378,70.4945,74.9221,73.3531,73.5607,80.5864,364.0131,164.6348,61.6823,5,364.0131,207,0
32000,0.00011232138784142605,3.346919298171997,71.2582,75.4691,73.9002,74.3965,81.2787,360.2757,161.4579,62.1348,5,360.2757,207,0
32050,0.00011169106606824766,3.41282057762146,70.8408,74.3502,73.5130,73.9303,80.8026,365.9691,164.0374,61.5764,5,365.9691,207,0
32100,0.00011106416196157969,2.8590753078460693,70.9628,75.1558,73.1316,73.5013,80.3894,359.6346,160.1935,62.4251,5,359.6346,207,0
32150,0.00011044068533572137,3.3369486331939697,69.5079,75.6160,73.9213,74.7463,81.5582,362.5929,163.2569,62.9829,5,362.5929,207,0
32200,0.00010982064595131387,3.4694316387176514,70.4553,74.6541,73.3136,73.8752,80.6825,363.9185,162.8323,64.5081,5,363.9185,207,0
32250,0.00010920405351518773,3.2924060821533203,69.8382,74.5632,71.9441,72.4667,79.1635,360.7195,161.5078,62.2282,5,360.7195,207,0
32300,0.000108590917680211,2.916175603866577,71.0467,74.7705,72.9933,73.8301,80.7384,365.6646,164.6981,62.7987,5,365.6646,207,0
32350,0.000107981248045138,3.1921167373657227,70.8623,75.6097,74.2010,74.9177,80.8494,365.8851,164.2268,60.7359,5,365.8851,207,0
32400,0.0001073750541544589,3.430211305618286,71.3998,75.9550,73.6462,74.3629,80.3298,359.3129,160.0751,61.3080,5,359.3129,207,0
32450,0.00010677234549825055,3.183558225631714,71.8534,77.0288,73.9089,74.4140,80.6940,368.0002,165.9118,63.8134,5,368.0002,207,0
32500,0.00010617313151202787,3.73551869392395,72.0111,75.0008,73.2792,74.2510,79.5535,364.5183,163.0398,63.9880,5,364.5183,207,0
32550,0.00010557742157659593,2.8719418048858643,72.0801,76.4096,73.7918,75.0364,81.3637,368.3527,167.3704,63.9387,5,368.3527,207,0
32600,0.00010498522501790342,3.3860814571380615,71.5247,74.3536,73.2388,73.7016,80.3605,364.8139,164.1814,63.0120,5,364.8139,207,0
32650,0.00010439655110689636,3.7274749279022217,70.1911,72.7469,71.2807,71.7662,78.4223,364.5936,164.7731,63.0673,5,364.5936,207,0
32700,0.00010381140905937298,2.9776980876922607,71.3237,74.6577,73.2089,73.2195,79.8588,363.7993,164.4681,63.3633,5,363.7993,207,0
32750,0.00010322980803583983,2.8351542949676514,71.4479,74.8386,73.0333,73.5981,80.4590,366.3876,164.7944,63.3307,5,366.3876,207,0
32800,0.00010265175714136777,3.278877019882202,70.4684,73.6665,71.6375,72.4794,79.4352,368.5498,165.9884,63.2252,5,368.5498,207,0
32850,0.00010207726542544985,3.8019027709960938,69.8019,75.9708,73.8032,74.7094,81.4942,366.4676,163.5951,63.8342,5,366.4676,207,0
32900,0.00010150634188185967,3.441282272338867,70.3624,74.5758,72.7755,72.9519,79.9563,365.7409,164.2508,64.0903,5,365.7409,207,0
32950,0.00010093899544851015,2.3131377696990967,70.6553,75.0810,73.1794,73.7443,80.4082,366.8421,164.5549,64.3889,5,366.8421,207,0
33000,0.00010037523500731419,3.4811441898345947,70.9645,74.3653,72.6257,73.0921,80.1652,369.5478,165.5546,64.3421,5,369.5478,207,0
33050,9.981506938404508e-05,3.4194259643554688,71.1889,74.7058,73.7506,74.3537,81.3269,368.6357,166.5382,63.7267,5,368.6357,207,0
33100,9.925850734819865e-05,3.3007571697235107,70.6057,74.5742,72.7763,73.3037,80.4174,364.2726,164.8530,64.0748,5,364.2726,207,0
33150,9.870555761285599e-05,2.9952518939971924,70.8342,74.2188,72.7157,73.2923,80.4218,366.7029,164.1697,62.9266,5,366.7029,207,0
33200,9.815622883454695e-05,3.3066837787628174,71.1138,75.7221,73.3575,73.8314,80.7374,369.1300,166.6600,64.7779,5,369.1300,207,0
33250,9.761052961311452e-05,3.1531217098236084,72.5151,75.4892,74.1897,75.2208,82.4063,372.8288,167.3518,61.6658,5,372.8288,207,0
33300,9.706846849158034e-05,3.151249647140503,70.9670,73.6059,72.0022,72.5570,79.5759,369.3948,167.7359,63.6181,5,369.3948,207,0
33350,9.653005395601104e-05,3.2399635314941406,71.6272,74.5626,72.5452,72.8485,79.6005,368.4242,166.4383,64.7751,5,368.4242,207,0
33400,9.599529443538511e-05,3.331129789352417,70.8411,74.7582,73.2587,74.5709,80.6931,370.5776,166.6328,64.3932,5,370.5776,207,0
33450,9.546419830146126e-05,3.6650466918945312,71.4812,74.1309,72.4118,73.9540,79.7876,376.5191,170.0758,63.5413,5,376.5191,207,0
33500,9.493677386864716e-05,3.489173173904419,72.1375,74.1449,72.7942,73.6254,79.8995,369.7819,164.9490,64.4806,5,369.7819,207,0
33550,9.441302939386918e-05,3.3328654766082764,71.7241,75.1990,73.5684,74.3781,80.1756,371.2247,166.5171,64.2717,5,371.2247,207,0
33600,9.389297307644357e-05,3.254596710205078,71.5206,75.3735,73.3197,73.8894,80.1615,372.8611,166.2280,63.4087,5,372.8611,207,0
33650,9.337661305794753e-05,3.260960817337036,70.8708,75.6222,73.8879,74.4143,80.2203,372.7133,168.5129,64.6272,5,372.7133,207,0
33700,9.286395742209204e-05,3.8267204761505127,70.9025,74.2215,71.9421,72.1340,78.9377,370.4275,166.6010,64.2733,5,370.4275,207,0
33750,9.235501419459551e-05,3.6404600143432617,70.6957,73.9236,72.8839,73.1256,79.8824,370.5066,166.5832,63.3453,5,370.5066,207,0
33800,9.184979134305767e-05,3.618964433670044,71.7278,74.6822,72.2688,73.5666,79.3008,373.5167,168.6762,64.0240,5,373.5167,207,0
33850,9.134829677683525e-05,3.5294206142425537,72.0247,74.8482,73.5739,73.6375,79.9139,371.6914,166.6132,64.9293,5,371.6914,207,0
33900,9.085053834691787e-05,3.335235595703125,71.2381,74.3419,72.1589,73.0693,78.9953,374.1451,168.5076,64.4115,5,374.1451,207,0
33950,9.035652384580525e-05,3.31457781791687,72.2155,75.0185,72.9616,73.6353,79.6075,373.8952,167.4634,64.6229,5,373.8952,207,0
34000,8.98662610073853e-05,3.0346803665161133,71.7495,73.7291,72.3147,72.1962,79.2986,374.0159,168.8494,65.1923,5,374.0159,207,0
34050,8.9379757506813e-05,2.8835995197296143,72.1241,74.7407,73.5004,74.0957,80.4438,377.5441,171.6022,65.0616,5,377.5441,207,0
34100,8.889702096039005e-05,3.579986333847046,72.5741,74.4332,73.0828,74.1306,80.3514,374.7416,170.3303,66.1774,5,374.7416,207,0
34150,8.841805892544581e-05,3.1713943481445312,72.3192,74.3051,73.0378,73.9291,80.6137,375.5284,169.5278,65.1557,5,375.5284,207,0
34200,8.794287890021914e-05,3.1553032398223877,72.1129,74.7642,72.8110,74.2536,80.2502,372.0451,166.3402,65.5297,5,372.0451,207,0
34250,8.747148832374063e-05,2.5480527877807617,72.2775,75.2681,72.9730,73.5352,79.6871,371.0976,165.9265,66.1409,5,371.0976,207,0
34300,8.700389457571656e-05,2.524026870727539,71.6196,74.0689,72.2322,72.9918,78.8241,372.7581,167.8720,65.8657,5,372.7581,207,0
34350,8.654010497641295e-05,3.3904647827148438,72.3309,74.9706,73.8614,74.6533,79.9863,372.1567,166.1983,63.9809,5,372.1567,207,0
34400,8.60801267865413e-05,3.276315450668335,71.9735,74.4342,72.6039,73.7232,79.3203,379.2861,169.6213,64.7427,5,379.2861,207,0
34450,8.56239672071448e-05,3.383790969848633,71.3332,73.5594,72.4587,72.1967,79.6334,377.3868,169.0084,66.9408,5,377.3868,207,0
34500,8.517163337948547e-05,2.7371151447296143,71.7061,72.8023,71.5260,72.2529,79.4700,379.7409,169.7567,66.1875,5,379.7409,207,0
34550,8.472313238493272e-05,3.485867738723755,71.4202,73.7904,72.4983,72.5131,79.2478,377.7824,169.1535,65.6963,5,377.7824,207,0
34600,8.4278471244852e-05,3.5861902236938477,71.3538,74.2385,72.5535,73.2748,79.6370,376.6205,168.7049,65.0243,5,376.6205,207,0
34650,8.383765692049523e-05,2.790724515914917,72.0426,73.9954,72.5661,72.9984,80.7064,376.8984,168.8202,66.5128,5,376.8984,207,0
34700,8.340069631289178e-05,3.0365333557128906,71.3535,74.2498,71.8087,72.3193,79.0688,377.1401,170.2082,65.2683,5,377.1401,207,0
34750,8.296759626274032e-05,3.3772268295288086,72.7269,74.5306,72.2237,73.0536,79.0208,375.8184,167.3878,65.9466,5,375.8184,207,0
34800,8.253836355030174e-05,2.7453556060791016,71.9503,73.6792,71.5125,72.3063,79.3868,378.4353,170.2686,66.0679,5,378.4353,207,0
34850,8.21130048952931e-05,3.772629976272583,72.0479,74.9677,72.3921,73.0822,79.7981,377.8579,170.6519,65.4443,5,377.8579,207,0
34900,8.169152695678246e-05,2.941023588180542,71.7491,73.0347,71.7698,72.2872,79.6750,376.4560,168.8339,65.5294,5,376.4560,207,0
34950,8.12739363330844e-05,3.8404486179351807,72.6580,74.5560,73.0685,73.1189,80.8395,380.2974,171.1340,65.7003,5,380.2974,207,0
35000,8.086023956165687e-05,2.9995486736297607,71.9809,73.7078,71.4255,72.7220,78.8595,377.7511,171.3313,67.6442,5,377.7511,207,0
35050,8.045044311899904e-05,3.537684679031372,72.3988,73.6036,72.0647,72.6718,79.5006,375.2020,169.3033,67.2150,5,375.2020,207,0
35100,8.004455342054947e-05,3.0842959880828857,72.2572,72.5423,71.2243,70.9314,78.1971,378.6490,170.8236,67.3816,5,378.6490,207,0
35150,7.964257682058615e-05,3.5309669971466064,72.6828,72.9059,71.2116,71.9185,78.8689,377.2070,169.9148,67.0466,5,377.2070,207,0
35200,7.924451961212662e-05,3.705409288406372,73.2106,73.2291,71.5979,72.1087,78.8213,382.4247,172.6765,67.6306,5,382.4247,207,0
35250,7.88503880268296e-05,3.3631227016448975,72.0625,73.9342,71.8557,72.2033,77.8954,378.3424,169.9843,66.6230,5,378.3424,207,0
35300,7.846018823489773e-05,3.3575212955474854,72.7206,73.7727,72.4254,73.3031,79.3983,380.4957,171.4595,66.9089,5,380.4957,207,0
35350,7.807392634498036e-05,2.9722602367401123,71.4165,74.4952,72.8118,73.5972,79.3327,378.9616,171.2647,66.5271,5,378.9616,207,0
35400,7.76916084040785e-05,3.4141790866851807,71.8631,73.6696,71.8703,72.2118,78.7314,375.6821,168.0809,64.9094,5,375.6821,207,0
35450,7.73132403974498e-05,3.741706132888794,72.0910,73.1965,71.6865,72.3353,80.1299,381.4106,171.7288,66.0074,5,381.4106,207,0
35500,7.693882824851495e-05,3.2405834197998047,71.2311,73.7324,71.1997,72.2773,78.4160,382.9578,171.0135,67.2240,5,382.9578,207,0
35550,7.656837781876505e-05,3.642441749572754,71.8578,73.7872,71.6457,72.6134,79.1670,380.2350,170.9545,66.6457,5,380.2350,207,0
35600,7.620189490766978e-05,3.7173774242401123,71.5658,73.2157,70.8122,71.6074,78.4101,383.4052,172.7325,66.9665,5,383.4052,207,0
35650,7.583938525258633e-05,2.9276721477508545,72.4597,74.3839,72.1388,72.9556,79.4312,380.9757,171.1604,66.9891,5,380.9757,207,0
35700,7.548085452867013e-05,3.5909368991851807,72.2160,74.2301,71.8204,72.3225,78.8457,382.6734,171.5404,66.7378,5,382.6734,207,0
35750,7.512630834878567e-05,3.28486704826355,72.4462,73.8044,71.9405,72.6618,78.8832,380.8092,171.1485,66.0839,5,380.8092,207,0
35800,7.477575226341848e-05,3.590421676635742,71.9212,73.6417,71.0814,72.3363,78.4636,383.4006,172.7293,66.7640,5,383.4006,207,0
35850,7.442919176058862e-05,3.4107964038848877,71.7636,74.3736,72.1249,73.3239,80.2723,384.9895,172.2331,67.2952,5,384.9895,207,0
35900,7.408663226576444e-05,3.4862594604492188,71.9842,73.2025,71.8187,71.9531,79.7454,380.5641,169.7632,65.7848,5,380.5641,207,0
35950,7.374807914177785e-05,3.1354968547821045,72.1122,73.9167,71.7690,73.2823,79.7807,385.1586,172.7656,67.8503,5,385.1586,207,0
36000,7.341353768874033e-05,2.9487311840057373,71.1404,73.7377,71.8390,72.9791,80.0340,383.9108,172.0797,66.3129,5,383.9108,207,0
36050,7.308301314395982e-05,3.23624587059021,72.3488,73.4842,72.5713,73.2677,80.3196,385.6152,174.0768,67.5626,5,385.6152,207,0
36100,7.27565106818588e-05,2.80548357963562,72.2019,72.9542,71.4277,72.3270,79.4091,385.7034,174.0457,67.0963,5,385.7034,207,0
36150,7.243403541389343e-05,3.2955291271209717,72.8161,73.1001,71.4026,72.3740,79.7142,384.0316,170.9666,67.2400,5,384.0316,207,0
36200,7.211559238847329e-05,3.4171619415283203,71.9494,74.7803,71.7730,72.9010,79.5438,389.1291,176.5571,67.7115,5,389.1291,207,0
36250,7.180118659088258e-05,3.1349270343780518,72.4332,73.0419,70.9193,71.9840,78.4978,384.5330,172.7055,67.3469,5,384.5330,207,0
36300,7.149082294320182e-05,3.801358461380005,72.4581,73.1353,71.3981,72.2785,78.2845,386.1149,174.0427,66.9240,5,386.1149,207,0
36350,7.118450630423099e-05,3.9394350051879883,72.0480,72.4752,70.5115,71.3685,78.1624,382.6023,171.3139,67.4805,5,382.6023,207,0
36400,7.088224146941345e-05,3.112852096557617,71.9192,73.1594,71.5077,71.9092,79.1861,387.1349,174.8220,67.3366,5,387.1349,207,0
36450,7.058403317076082e-05,2.3159921169281006,72.6181,72.8259,70.2810,71.4583,78.2715,385.2286,173.8114,68.4939,5,385.2286,207,0
36500,7.02898860767787e-05,3.10516619682312,72.6220,72.2064,69.9423,71.2968,78.0495,385.5103,173.3831,69.2433,5,385.5103,207,0
36550,6.999980479239408e-05,3.6733591556549072,72.4989,73.3284,70.9863,71.8666,78.2081,386.3512,174.0735,68.1348,5,386.3512,207,0
36600,6.97137938588828e-05,3.3583157062530518,72.0119,72.4218,70.1172,71.4650,78.1213,385.6210,173.6132,69.2545,5,385.6210,207,0
36650,6.94318577537986e-05,3.243544340133667,71.7117,73.1570,70.6198,72.5361,78.9285,384.0334,172.2676,69.4232,5,384.0334,207,0
36700,6.915400089090308e-05,3.4330806732177734,71.8618,72.3747,70.6870,71.9144,78.4728,384.0703,172.1754,66.5086,5,384.0703,207,0
36750,6.888022762009647e-05,3.4016568660736084,71.2903,73.4913,70.7990,72.4478,78.6866,389.8751,174.7106,68.3271,5,389.8751,207,0
36800,6.861054222734971e-05,3.451054811477661,71.9015,71.9967,69.6663,71.2132,78.7603,387.8055,173.0526,69.1348,5,387.8055,207,0
36850,6.834494893463728e-05,3.1698484420776367,71.8913,73.8235,72.2338,73.3378,80.1717,387.0262,173.5364,69.4134,5,387.0262,207,0
36900,6.808345189987098e-05,3.3602688312530518,72.0600,72.9839,70.6878,71.5621,77.9750,387.9853,173.8264,68.0064,5,387.9853,207,0
36950,6.782605521683491e-05,3.081563949584961,71.8707,73.4122,70.6516,71.6371,78.1992,388.3391,174.3594,68.8597,5,388.3391,207,0
37000,6.75727629151216e-05,3.295424461364746,71.1420,73.5299,70.8907,72.2913,78.7628,385.7857,173.1570,69.2056,5,385.7857,207,0
37050,6.732357896006855e-05,3.3247737884521484,71.8809,73.8057,71.4491,72.7032,78.7876,390.8940,175.0201,69.5249,5,390.8940,207,0
37100,6.70785072526964e-05,3.910416841506958,71.8418,73.1994,71.0038,72.2614,79.2008,389.2279,174.2997,69.3724,5,389.2279,207,0
37150,6.683755162964787e-05,3.4605846405029297,71.6869,73.7742,71.2529,72.4712,79.3330,388.2439,174.2728,69.2745,5,388.2439,207,0
37200,6.660071586312744e-05,3.0347707271575928,71.8572,71.9690,70.0196,71.4096,78.8760,389.5940,175.8684,69.3420,5,389.5940,207,0
37250,6.636800366084268e-05,3.617506980895996,71.9224,72.5336,70.3689,71.5735,78.5193,390.3585,175.9355,68.6341,5,390.3585,207,0
37300,6.61394186659459e-05,3.9905178546905518,72.6837,73.2269,70.3932,71.6295,78.7572,387.0872,174.6392,68.4739,5,387.0872,207,0
37350,6.59149644569772e-05,3.443000078201294,73.2247,73.0639,70.7120,71.6395,78.8041,384.2546,172.9731,69.1640,5,384.2546,207,0
37400,6.569464454780856e-05,3.2409045696258545,73.1264,72.3186,70.3500,71.9602,79.4671,389.0054,174.3632,69.9173,5,389.0054,207,0
37450,6.547846238758863e-05,3.437422513961792,72.1294,71.7859,69.5896,71.0904,78.0896,387.7626,175.0593,69.7224,5,387.7626,207,0
37500,6.526642136068888e-05,3.4417800903320312,73.3384,72.3736,70.7976,72.2319,79.7353,391.4614,176.5813,70.0350,5,391.4614,207,0
37550,6.505852478665066e-05,3.2029945850372314,73.1682,72.1308,70.6839,72.0805,79.1141,392.0381,176.5513,70.2512,5,392.0381,207,0
37600,6.485477592013295e-05,3.1477954387664795,73.3249,73.2401,71.3823,72.8949,80.4210,391.9952,177.0215,70.1167,5,391.9952,207,0
37650,6.465517795086183e-05,3.5901801586151123,72.7992,72.3389,69.6708,70.7027,78.0785,390.5525,176.6034,70.4336,5,390.5525,207,0
37700,6.445973400358017e-05,3.7042605876922607,73.3930,73.4400,71.0573,72.5042,79.2910,394.8837,176.6735,69.3305,5,394.8837,207,0
37750,6.426844713799892e-05,3.4543540477752686,72.9685,73.5186,71.5561,72.6045,78.8163,392.0338,176.0052,69.3136,5,392.0338,207,0
37800,6.408132034874914e-05,2.915560483932495,73.2918,72.4607,70.4946,71.8671,79.1738,392.5688,176.1199,69.6925,5,392.5688,207,0
37850,6.389835656533514e-05,2.9082515239715576,73.3324,72.5272,70.1550,71.7541,78.8721,394.2785,177.4153,69.7638,5,394.2785,207,0
37900,6.371955865208854e-05,3.4055335521698,72.9878,72.6251,70.4954,71.6403,79.0022,390.5565,174.8583,69.5782,5,390.5565,207,0
37950,6.354492940812368e-05,2.948336362838745,72.3426,73.1362,71.3461,72.0041,79.8078,390.9182,175.9522,70.5866,5,390.9182,207,0
38000,6.337447156729337e-05,3.365776300430298,73.0407,72.8936,71.3334,72.5363,79.6394,395.1816,178.5737,69.2065,5,395.1816,207,0
38050,6.320818779814651e-05,3.1698226928710938,72.9368,73.4115,72.0989,72.9593,78.9026,390.4744,175.0260,68.6219,5,390.4744,207,0
38100,6.304608070388607e-05,3.280695676803589,73.1316,74.2462,71.9369,73.0582,80.0546,392.2917,175.2451,67.9789,5,392.2917,207,0
38150,6.288815282232845e-05,3.088719129562378,72.6297,73.6115,71.4281,72.5279,79.7295,396.8916,178.0942,69.9814,5,396.8916,207,0
38200,6.27344066258637e-05,3.5407400131225586,72.5709,72.3427,70.4886,71.8257,79.5194,397.1753,178.1167,70.9250,5,397.1753,207,0
38250,6.258484452141672e-05,3.239670515060425,72.6411,72.6731,70.4651,71.6613,78.9697,396.6032,176.9929,70.5462,5,396.6032,207,0
38300,6.24394688504098e-05,2.977396011352539,72.9313,72.7397,70.8461,71.9892,78.7541,392.5865,177.1048,71.3088,5,392.5865,207,0
38350,6.229828188872585e-05,3.4548466205596924,71.8526,73.7434,70.8129,71.9973,78.8587,394.4725,177.6653,70.6792,5,394.4725,207,0
38400,6.216128584667267e-05,3.0752382278442383,72.1409,72.7289,70.4182,71.1379,78.1561,390.7822,175.8894,70.9367,5,390.7822,207,0
38450,6.20284828689485e-05,3.2253856658935547,72.5091,73.6908,71.0804,72.1695,79.4495,391.7583,175.4210,69.2098,5,391.7583,207,0
38500,6.189987503460841e-05,3.5335114002227783,72.1906,73.0447,70.9783,72.2845,79.9642,396.1447,177.6650,70.5234,5,396.1447,207,0
38550,6.177546435703168e-05,2.9637959003448486,72.1708,72.5570,70.1743,71.5938,79.0938,394.8865,176.9714,70.2626,5,394.8865,207,0
38600,6.165525278389033e-05,3.2860238552093506,71.9720,72.6529,70.7882,72.1219,79.9421,395.6597,177.2536,71.4898,5,395.6597,207,0
38650,6.153924219711868e-05,3.3815081119537354,72.1603,72.7770,70.6559,71.6025,78.6552,392.8006,174.9264,71.3889,5,392.8006,207,0
38700,6.142743441288378e-05,3.459853410720825,72.5236,73.4986,71.8231,72.9398,79.2976,396.6012,178.5003,70.7431,5,396.6012,207,0
38750,6.131983118155707e-05,3.26381516456604,72.4080,72.4111,70.3970,72.0026,78.4882,395.1646,177.8430,71.0263,5,395.1646,207,0
38800,6.121643418768691e-05,3.363091230392456,71.7232,71.5433,69.8384,71.4600,78.2106,397.1916,178.8427,70.1329,5,397.1916,207,0
38850,6.111724504997226e-05,3.116321563720703,71.8694,71.8025,69.7331,71.2037,78.2917,393.0021,177.6963,71.5841,5,393.0021,207,0
38900,6.1022265321237284e-05,3.4272491931915283,71.6936,71.7695,69.4973,70.9567,77.5683,392.2586,176.3271,69.6326,5,392.2586,207,0
38950,6.093149648840716e-05,3.4810798168182373,72.0798,71.8447,69.5040,71.1401,78.9336,396.6980,179.0866,71.1384,5,396.6980,207,0
39000,6.084493997248465e-05,3.13372540473938,72.9988,72.0021,70.1833,71.7994,78.5578,393.9394,176.6378,71.2381,5,393.9394,207,0
39050,6.0762597128527904e-05,2.7596142292022705,72.8153,72.2167,69.9470,71.2169,78.1128,392.4734,176.9412,71.4266,5,392.4734,207,0
39100,6.068446924562928e-05,3.563279390335083,72.3138,72.0900,69.9610,71.4959,78.8147,394.9572,177.0749,70.5487,5,394.9572,207,0
39150,6.0610557546895185e-05,3.5591704845428467,72.5420,72.9959,70.3241,71.7636,78.4790,396.8291,179.0316,70.9170,5,396.8291,207,0
39200,6.054086318942682e-05,3.648452043533325,72.3043,72.2157,70.2368,71.6694,78.1509,393.8508,177.2914,71.9981,5,393.8508,207,0
39250,6.047538726430221e-05,3.102046251296997,72.6203,72.4203,70.9468,72.5250,79.4405,399.3803,181.1842,71.6194,5,399.3803,207,0
39300,6.041413079655898e-05,3.011110544204712,71.2894,72.8084,70.4053,72.3040,79.2337,394.7738,177.6087,72.6959,5,394.7738,207,0
39350,6.03570947451784e-05,3.0149986743927,71.4230,71.4668,70.4372,72.4821,79.3871,394.7351,177.5894,70.9169,5,394.7351,207,0
39400,6.030428000307036e-05,3.3683509826660156,71.8691,71.5785,69.4752,71.2720,79.0725,398.5338,179.7142,72.4402,5,398.5338,207,0
39450,6.0255687397059356e-05,2.8953182697296143,72.3697,71.5061,69.3019,71.1553,78.9845,397.0404,177.2985,71.7524,5,397.0404,207,0
39500,6.021131768787156e-05,3.110006332397461,72.6724,73.4677,70.8625,72.3531,79.3744,395.9869,178.4531,70.9682,5,395.9869,207,0
39550,6.01711715701229e-05,2.858795166015625,73.8655,72.6577,70.5286,72.4184,79.9245,399.4828,179.8305,71.7060,5,399.4828,207,0
39600,6.013524967230829e-05,2.877887010574341,73.6387,71.7951,69.9326,71.6483,79.2116,398.3643,179.2453,72.9550,5,398.3643,207,0
39650,6.0103552556791626e-05,2.7990856170654297,72.9119,72.7758,70.6015,72.8884,79.7981,401.3918,180.2922,72.1181,5,401.3918,207,0
39700,6.0076080719797077e-05,3.343647003173828,73.3298,72.9277,70.2424,72.0228,79.6485,398.5772,179.7974,73.1300,5,398.5772,207,0
39750,6.005283459140132e-05,3.249544858932495,73.8373,72.1159,69.8919,71.2844,79.1920,397.5010,179.2798,73.1695,5,397.5010,207,0
39800,6.003381453552673e-05,3.1285336017608643,72.2004,72.1676,70.4877,72.1022,79.1323,396.6928,179.1507,73.3749,5,396.6928,207,0
39850,6.0019020849935814e-05,2.6291351318359375,71.9042,71.8026,69.9460,71.4074,79.0132,398.9051,181.5827,71.8336,5,398.9051,207,0
39900,6.0008453766226415e-05,2.8504250049591064,72.5158,72.1905,70.2853,71.8430,79.6825,402.0067,181.6269,72.2977,5,402.0067,207,0
39950,6.0002113449828226e-05,2.8587944507598877,71.9961,72.5341,69.8658,71.3614,78.3737,399.0291,180.3625,72.1495,5,399.0291,207,0
40000,6e-05,3.0532467365264893,71.4673,72.1696,69.6199,70.9608,77.3975,397.8722,179.7780,71.8776,5,397.8722,207,0
