layer,ch,mag,gain,is_ma
0,0,0.028091758489608765,0.17915168404579163,0
0,1,0.022222312167286873,0.24155567586421967,0
0,2,0.10971105843782425,0.1558828204870224,0
0,3,0.02208021469414234,0.1937517672777176,0
0,4,0.01643316075205803,0.20662236213684082,0
0,5,0.15993273258209229,0.23853911459445953,0
0,6,0.1161019504070282,0.21091726422309875,0
0,7,0.04695389047265053,0.24409958720207214,0
0,8,0.03330620005726814,0.24608738720417023,0
0,9,0.035336632281541824,0.20377525687217712,0
0,10,0.00901814829558134,0.2152753472328186,0
0,11,0.022384779527783394,0.26461079716682434,0
0,12,0.02865804359316826,0.20184320211410522,0
0,13,0.02002253383398056,0.24084512889385223,0
0,14,0.034494634717702866,0.23483777046203613,0
0,15,0.013878501020371914,0.2140631526708603,0
0,16,0.020942598581314087,0.208725243806839,0
0,17,0.03417421877384186,0.2156798392534256,0
0,18,0.03252383694052696,0.2552129626274109,0
0,19,0.06394743919372559,0.15297888219356537,0
0,20,0.014709174633026123,0.26252061128616333,0
0,21,0.03484044224023819,0.23757995665073395,0
0,22,0.046287599951028824,0.17062853276729584,0
0,23,0.021569769829511642,0.18835300207138062,0
0,24,0.022604595869779587,0.25859734416007996,0
0,25,0.03596363589167595,0.2230689376592636,0
0,26,0.015501606278121471,0.19845668971538544,0
0,27,0.01805707812309265,0.21640919148921967,0
0,28,0.0595245286822319,0.23029844462871552,0
0,29,0.030142121016979218,0.20453423261642456,0
0,30,0.05199022591114044,0.24004727602005005,0
0,31,0.3023868799209595,0.13557985424995422,0
0,32,0.06011902913451195,0.21616768836975098,0
0,33,0.043033599853515625,0.2816832363605499,0
0,34,0.027626261115074158,0.19093218445777893,0
0,35,0.02250485122203827,0.18282823264598846,0
0,36,0.027634982019662857,0.19049100577831268,0
0,37,0.01685405522584915,0.22821801900863647,0
0,38,0.01832031086087227,0.22810229659080505,0
0,39,0.025917481631040573,0.17427940666675568,0
0,40,0.018778938800096512,0.22467125952243805,0
0,41,0.02025546506047249,0.1691284030675888,0
0,42,0.1752496063709259,0.17157824337482452,0
0,43,0.02502560429275036,0.2331824153661728,0
0,44,0.087089404463768,0.19524149596691132,0
0,45,0.1525973677635193,0.13968615233898163,0
0,46,0.02460819110274315,0.24694481492042542,0
0,47,0.15534667670726776,0.19287098944187164,0
0,48,0.05610792338848114,0.3430248498916626,0
0,49,0.03708130866289139,0.19061610102653503,0
0,50,0.08182362467050552,0.1926850825548172,0
0,51,0.03755363076925278,0.21075206995010376,0
0,52,0.04322212189435959,0.17370052635669708,0
0,53,0.044715527445077896,0.21863822638988495,0
0,54,0.2553766369819641,0.12300678342580795,0
0,55,0.010139724239706993,0.2061443328857422,0
0,56,0.021469183266162872,0.17502930760383606,0
0,57,0.1783892810344696,0.1304800808429718,0
0,58,0.01798153482377529,0.21983174979686737,0
0,59,0.08747556060552597,0.23352311551570892,0
0,60,0.011435113847255707,0.18495072424411774,0
0,61,0.024279309436678886,0.21956588327884674,0
0,62,0.034116242080926895,0.23865002393722534,0
0,63,0.10857583582401276,0.19381031394004822,0
0,64,0.012548435479402542,0.25841042399406433,0
0,65,0.03067919984459877,0.24941851198673248,0
0,66,0.033706165850162506,0.19390065968036652,0
0,67,0.27889108657836914,0.2386065572500229,0
0,68,0.014177501201629639,0.23332460224628448,0
0,69,0.02288619428873062,0.21579715609550476,0
0,70,0.031019426882267,0.238583043217659,0
0,71,0.01579541712999344,0.20108655095100403,0
0,72,0.02426782250404358,0.2050154209136963,0
0,73,0.026804670691490173,0.24918131530284882,0
0,74,0.013655100017786026,0.21088993549346924,0
0,75,0.297756165266037,0.1118660643696785,0
0,76,0.05046216771006584,0.1986241638660431,0
0,77,0.023409023880958557,0.1682531237602234,0
0,78,0.06902318447828293,0.20651653409004211,0
0,79,0.08243071287870407,0.2754646837711334,0
0,80,0.018443526700139046,0.2741655111312866,0
0,81,0.15767960250377655,0.17872071266174316,0
0,82,0.019519368186593056,0.2918379604816437,0
0,83,0.02861945331096649,0.20689654350280762,0
0,84,0.024280522018671036,0.21325156092643738,0
0,85,0.03260843828320503,0.32983261346817017,0
0,86,0.02096218802034855,0.29957738518714905,0
0,87,0.12248308956623077,0.22676348686218262,0
0,88,0.032567888498306274,0.3047093451023102,0
0,89,0.018587877973914146,0.24867579340934753,0
0,90,0.01114373654127121,0.29945528507232666,0
0,91,0.020532164722681046,0.21113382279872894,0
0,92,0.01707812026143074,0.21898303925991058,0
0,93,0.04293344169855118,0.18994346261024475,0
0,94,0.07405474036931992,0.35797643661499023,0
0,95,0.01886754482984543,0.24275031685829163,0
0,96,0.02310079336166382,0.22982323169708252,0
0,97,0.01632833480834961,0.1708550751209259,0
0,98,0.04566960409283638,0.2104688584804535,0
0,99,0.01343836821615696,0.22252996265888214,0
0,100,0.023607099428772926,0.16776281595230103,0
0,101,0.08088216185569763,0.1813933551311493,0
0,102,0.018613971769809723,0.2557525336742401,0
0,103,0.019757632166147232,0.25553616881370544,0
0,104,0.03724521026015282,0.1894378960132599,0
0,105,0.017067929729819298,0.24445997178554535,0
0,106,0.07463350147008896,0.27157139778137207,0
0,107,0.01724380813539028,0.24925731122493744,0
0,108,0.036311786621809006,0.1898346245288849,0
0,109,0.019732920452952385,0.19626128673553467,0
0,110,0.030435822904109955,0.26379141211509705,0
0,111,0.023627664893865585,0.24228690564632416,0
0,112,0.059004031121730804,0.1724179983139038,0
0,113,0.04179877042770386,0.19759422540664673,0
0,114,0.04331778362393379,0.16368448734283447,0
0,115,0.03652850165963173,0.2907787561416626,0
0,116,0.2887073755264282,0.12292342633008957,0
0,117,0.014664236456155777,0.25082218647003174,0
0,118,0.01921829767525196,0.20855370163917542,0
0,119,0.01548771746456623,0.22657057642936707,0
0,120,0.020731331780552864,0.3048708140850067,0
0,121,0.035767145454883575,0.22244659066200256,0
0,122,0.09504449367523193,0.15959933400154114,0
0,123,0.03913436457514763,0.2739937901496887,0
0,124,0.011140508577227592,0.19291961193084717,0
0,125,0.014509877189993858,0.20528793334960938,0
0,126,0.018616028130054474,0.2485637366771698,0
0,127,0.04221726953983307,0.20675420761108398,0
0,128,0.019488494843244553,0.18738417327404022,0
0,129,0.020262865349650383,0.23162570595741272,0
0,130,0.029541561380028725,0.2636434733867645,0
0,131,0.0577409565448761,0.24545003473758698,0
0,132,0.31073570251464844,0.10607367753982544,1
0,133,0.0189170241355896,0.21258525550365448,0
0,134,0.0851089209318161,0.4188726544380188,0
0,135,0.030223732814192772,0.2008606344461441,0
0,136,0.05174194276332855,0.1958673745393753,0
0,137,0.08688954263925552,0.171045184135437,0
0,138,0.03615241125226021,0.25996553897857666,0
0,139,0.044468335807323456,0.20083849132061005,0
0,140,0.05501038581132889,0.2349739968776703,0
0,141,0.04809019714593887,0.20846018195152283,0
0,142,0.02734810672700405,0.17046846449375153,0
0,143,0.017444033175706863,0.2437674105167389,0
0,144,0.008947507478296757,0.23843353986740112,0
0,145,0.0794597715139389,0.16717399656772614,0
0,146,0.057670578360557556,0.16854149103164673,0
0,147,0.02273157425224781,0.20859523117542267,0
0,148,0.0251057930290699,0.18568003177642822,0
0,149,0.013369448482990265,0.2578370273113251,0
0,150,0.10504113137722015,0.1903039664030075,0
0,151,0.013355672359466553,0.2211073637008667,0
0,152,0.03631120175123215,0.20545955002307892,0
0,153,0.020078927278518677,0.264692097902298,0
0,154,0.0328536331653595,0.1868337094783783,0
0,155,0.023846175521612167,0.23534804582595825,0
0,156,0.09758742153644562,0.2420969009399414,0
0,157,0.024600442498922348,0.3023820221424103,0
0,158,0.013319293037056923,0.2445681393146515,0
0,159,0.016965024173259735,0.24333800375461578,0
0,160,0.028863325715065002,0.24100534617900848,0
0,161,0.07012400776147842,0.1580815613269806,0
0,162,0.018942570313811302,0.2400439977645874,0
0,163,0.0480320043861866,0.1858118176460266,0
0,164,0.02598721534013748,0.2636924088001251,0
0,165,0.059919655323028564,0.19436678290367126,0
0,166,0.04021928831934929,0.21413415670394897,0
0,167,0.02633918635547161,0.27100759744644165,0
0,168,0.14543019235134125,0.19629013538360596,0
0,169,0.01589781418442726,0.18212486803531647,0
0,170,0.01899033598601818,0.2032434046268463,0
0,171,0.06130913645029068,0.46167686581611633,0
0,172,0.021756647154688835,0.23194487392902374,0
0,173,0.02149418741464615,0.20492444932460785,0
0,174,0.023415733128786087,0.23375986516475677,0
0,175,0.04894671589136124,0.23064970970153809,0
0,176,0.029866043478250504,0.25403279066085815,0
0,177,0.02313518524169922,0.1896296888589859,0
0,178,0.045574456453323364,0.2007811814546585,0
0,179,0.08875912427902222,0.22111089527606964,0
0,180,0.02198820374906063,0.2588379979133606,0
0,181,0.05325937271118164,0.17405115067958832,0
0,182,0.02602989599108696,0.2185787558555603,0
0,183,0.02051449567079544,0.19556835293769836,0
0,184,0.02254781499505043,0.23195278644561768,0
0,185,0.021784832701086998,0.25727543234825134,0
0,186,0.04325951635837555,0.21887879073619843,0
0,187,0.01775696501135826,0.22824211418628693,0
0,188,0.08712280541658401,0.18983706831932068,0
0,189,0.01588825136423111,0.24250762164592743,0
0,190,0.061353422701358795,0.18748252093791962,0
0,191,0.01776973530650139,0.2207658886909485,0
0,192,0.02171112410724163,0.2036997526884079,0
0,193,0.034136150032281876,0.22651836276054382,0
0,194,0.020168116316199303,0.17746609449386597,0
0,195,0.24995622038841248,0.17518149316310883,0
0,196,0.05139641836285591,0.1858040988445282,0
0,197,0.06134653836488724,0.18808786571025848,0
0,198,0.0317872017621994,0.19297203421592712,0
0,199,0.0230733510106802,0.2649558186531067,0
0,200,0.0327082984149456,0.25930657982826233,0
0,201,0.02513297274708748,0.2899470329284668,0
0,202,0.07225915789604187,0.46752169728279114,0
0,203,0.018512390553951263,0.2799294590950012,0
0,204,0.0896499902009964,0.1919092983007431,0
0,205,0.0450374111533165,0.3324580490589142,0
0,206,0.10063332319259644,0.4306897819042206,0
0,207,0.02311910316348076,0.2180112600326538,0
0,208,0.07106928527355194,0.2007981836795807,0
0,209,0.0336606428027153,0.2396336942911148,0
0,210,0.016606081277132034,0.21334221959114075,0
0,211,0.01680697873234749,0.23849579691886902,0
0,212,0.025396358221769333,0.21040880680084229,0
0,213,0.03641405329108238,0.24595002830028534,0
0,214,0.02047680877149105,0.23354347050189972,0
0,215,0.017298337072134018,0.36400845646858215,0
0,216,0.02465911954641342,0.23781345784664154,0
0,217,0.02158367447555065,0.2354404777288437,0
0,218,0.01738530397415161,0.22725199162960052,0
0,219,0.11455176770687103,0.18514372408390045,0
0,220,0.037988610565662384,0.2143411785364151,0
0,221,0.09007769078016281,0.19776643812656403,0
0,222,0.02426520735025406,0.23083463311195374,0
0,223,0.2697388827800751,0.10735403001308441,0
0,224,0.05741770192980766,0.2115555852651596,0
0,225,0.014231820590794086,0.2758316993713379,0
0,226,0.019885683432221413,0.24029816687107086,0
0,227,0.025823626667261124,0.20556452870368958,0
0,228,0.013657492585480213,0.26007094979286194,0
0,229,0.019287193194031715,0.1883077174425125,0
0,230,0.016405994072556496,0.20462146401405334,0
0,231,0.017270974814891815,0.1994277685880661,0
0,232,0.08195038884878159,0.20023669302463531,0
0,233,0.012590482831001282,0.2425263226032257,0
0,234,0.03140038624405861,0.21328137814998627,0
0,235,0.042137693613767624,0.19334746897220612,0
0,236,0.017862677574157715,0.19862940907478333,0
0,237,0.012365184724330902,0.21325989067554474,0
0,238,0.045907482504844666,0.21314813196659088,0
0,239,0.0883072093129158,0.1925468146800995,0
0,240,0.016159342601895332,0.32882675528526306,0
0,241,0.07350606471300125,0.16653598845005035,0
0,242,0.059033650904893875,0.18325352668762207,0
0,243,0.0346594974398613,0.3514929413795471,0
0,244,0.1752786636352539,0.1701933592557907,0
0,245,0.0878063291311264,0.23345892131328583,0
0,246,0.009123818017542362,0.2385692000389099,0
0,247,0.012877508997917175,0.22106485068798065,0
0,248,0.10307184606790543,0.1940292865037918,0
0,249,0.030739760026335716,0.20738337934017181,0
0,250,0.1022203117609024,0.1308334320783615,0
0,251,0.1333179771900177,0.11675669997930527,0
0,252,0.038264188915491104,0.1872059404850006,0
0,253,0.04968264698982239,0.20682185888290405,0
0,254,0.03728838264942169,0.2563604712486267,0
0,255,0.024315956979990005,0.25110355019569397,0
0,256,0.026007279753684998,0.22605885565280914,0
0,257,0.09660212695598602,0.191513791680336,0
0,258,0.01666037179529667,0.22467650473117828,0
0,259,0.11853642761707306,0.23275040090084076,0
0,260,0.016443660482764244,0.5117915272712708,0
0,261,0.014387049712240696,0.2486119568347931,0
0,262,0.025104578584432602,0.20469148457050323,0
0,263,0.0465787798166275,0.19601953029632568,0
0,264,0.03170071542263031,0.3026266098022461,0
0,265,0.060156576335430145,0.21850962936878204,0
0,266,0.02509479969739914,0.17086030542850494,0
0,267,0.08246833086013794,0.30309590697288513,0
0,268,0.024837426841259003,0.24964426457881927,0
0,269,0.013942605815827847,0.2230302393436432,0
0,270,0.021519901230931282,0.22706550359725952,0
0,271,0.03384550288319588,0.23754778504371643,0
0,272,0.0220169797539711,0.2726562023162842,0
0,273,0.017860211431980133,0.2750714421272278,0
0,274,0.027129914611577988,0.213902086019516,0
0,275,0.09655879437923431,0.1989617794752121,0
0,276,0.011023731902241707,0.23537097871303558,0
0,277,0.17566688358783722,0.18210838735103607,0
0,278,0.021566342562437057,0.2846289873123169,0
0,279,0.017987897619605064,0.25311794877052307,0
0,280,0.11840540170669556,0.17116917669773102,0
0,281,0.04877803474664688,0.22763843834400177,0
0,282,0.053307175636291504,0.24137306213378906,0
0,283,0.07794796675443649,0.38245487213134766,0
0,284,0.02293173223733902,0.249855175614357,0
0,285,0.08896239101886749,0.19659218192100525,0
0,286,0.02788686379790306,0.18917955458164215,0
0,287,0.19695527851581573,0.2842871844768524,0
0,288,0.01724335364997387,0.29109492897987366,0
0,289,0.03290106728672981,0.20098790526390076,0
0,290,0.06620679050683975,0.21074603497982025,0
0,291,0.014609185978770256,0.22144950926303864,0
0,292,0.05233575031161308,0.18514104187488556,0
0,293,0.019306298345327377,0.20329861342906952,0
0,294,0.03101419471204281,0.24310414493083954,0
0,295,0.03094594180583954,0.21870575845241547,0
0,296,0.04226819425821304,0.18319684267044067,0
0,297,0.09012949466705322,0.18276891112327576,0
0,298,0.03181142359972,0.1973758041858673,0
0,299,0.054445378482341766,0.1861466020345688,0
0,300,0.027920836582779884,0.1906113624572754,0
0,301,0.05221777409315109,0.1863102912902832,0
0,302,0.028218865394592285,0.2527320384979248,0
0,303,0.042765405029058456,0.19463683664798737,0
0,304,0.019806699827313423,0.21059755980968475,0
0,305,0.014773406088352203,0.16747614741325378,0
0,306,0.0148638766258955,0.22314588725566864,0
0,307,0.015964325517416,0.21727120876312256,0
0,308,0.012396804057061672,0.28479644656181335,0
0,309,0.016359174624085426,0.25037387013435364,0
0,310,0.03095090761780739,0.18217413127422333,0
0,311,0.024878770112991333,0.3147096633911133,0
0,312,0.018328988924622536,0.2968297302722931,0
0,313,0.050163090229034424,0.1794426292181015,0
0,314,0.017793718725442886,0.22687135636806488,0
0,315,0.02294497936964035,0.28165900707244873,0
0,316,0.020553598180413246,0.22405435144901276,0
0,317,0.029122348874807358,0.2216493934392929,0
0,318,0.019723117351531982,0.22090984880924225,0
0,319,0.03027353435754776,0.22322170436382294,0
0,320,0.05578033998608589,0.19022388756275177,0
0,321,0.012254905886948109,0.38317161798477173,0
0,322,0.03490152209997177,0.17154324054718018,0
0,323,0.03667648136615753,0.19045963883399963,0
0,324,0.031114833429455757,0.1790759414434433,0
0,325,0.0246259905397892,0.16520723700523376,0
0,326,0.13105463981628418,0.16027505695819855,0
0,327,0.022066427394747734,0.21553340554237366,0
0,328,0.020797841250896454,0.23576875030994415,0
0,329,0.034379925578832626,0.2755032777786255,0
0,330,0.024536008015275,0.18626677989959717,0
0,331,0.13091696798801422,0.4322202205657959,0
0,332,0.022996224462985992,0.2265339344739914,0
0,333,0.01689116284251213,0.3130510449409485,0
0,334,0.01647200807929039,0.25931593775749207,0
0,335,0.057634130120277405,0.14369584619998932,0
0,336,0.26179808378219604,0.12456527352333069,0
0,337,0.03599690645933151,0.2526679039001465,0
0,338,0.01462298259139061,0.33359530568122864,0
0,339,0.015451919287443161,0.1960962414741516,0
0,340,0.017140217125415802,0.17154444754123688,0
0,341,0.16522663831710815,0.11355391889810562,0
0,342,0.01677863299846649,0.2454504519701004,0
0,343,0.020991381257772446,0.25483882427215576,0
0,344,0.27036479115486145,0.17378847301006317,0
0,345,0.05608436092734337,0.17359071969985962,0
0,346,0.010845959186553955,0.2433287352323532,0
0,347,0.01625525765120983,0.22391726076602936,0
0,348,0.0596262626349926,0.2488594800233841,0
0,349,0.013627825304865837,0.395506352186203,0
0,350,0.0297574270516634,0.13766342401504517,0
0,351,0.017441386356949806,0.22993104159832,0
0,352,0.0626242458820343,0.21257303655147552,0
0,353,0.04953572154045105,0.3417976200580597,0
0,354,0.02399887517094612,0.19094853103160858,0
0,355,0.05680977553129196,0.19006511569023132,0
0,356,0.018789418041706085,0.22193893790245056,0
0,357,0.02710024081170559,0.2273791879415512,0
0,358,0.016804825514554977,0.25249743461608887,0
0,359,0.14632681012153625,0.19696946442127228,0
0,360,0.19154182076454163,0.1553260087966919,0
0,361,0.067796990275383,0.28863292932510376,0
0,362,0.12389060109853745,0.18920327723026276,0
0,363,0.03410281240940094,0.23318549990653992,0
0,364,0.017250051721930504,0.22373005747795105,0
0,365,0.027478471398353577,0.23610258102416992,0
0,366,0.048869598656892776,0.23854078352451324,0
0,367,0.02995365485548973,0.2485916018486023,0
0,368,0.01719796657562256,0.2422650009393692,0
0,369,0.01681043952703476,0.24464121460914612,0
0,370,0.023178426548838615,0.17148850858211517,0
0,371,0.026798902079463005,0.2687210738658905,0
0,372,0.03181343525648117,0.22480645775794983,0
0,373,0.04581490904092789,0.24275095760822296,0
0,374,0.018955569714307785,0.4388810098171234,0
0,375,0.03223433718085289,0.2127683311700821,0
0,376,0.04244840517640114,0.22906941175460815,0
0,377,0.0385194756090641,0.13955092430114746,0
0,378,0.012337269261479378,0.24936114251613617,0
0,379,0.045621857047080994,0.22216351330280304,0
0,380,0.01770028844475746,0.17914780974388123,0
0,381,0.032068200409412384,0.2267908900976181,0
0,382,0.03026011399924755,0.37109121680259705,0
0,383,0.01833328604698181,0.2857309579849243,0
0,384,0.040262509137392044,0.20571227371692657,0
0,385,0.12500585615634918,0.22511260211467743,0
0,386,0.05454285442829132,0.18449178338050842,0
0,387,0.02009540982544422,0.2250819057226181,0
0,388,0.01284792274236679,0.22902335226535797,0
0,389,0.14237143099308014,0.18690218031406403,0
0,390,0.01186983659863472,0.22830291092395782,0
0,391,0.020729081705212593,0.6094815135002136,0
0,392,0.14813978970050812,0.1266746073961258,0
0,393,0.030989699065685272,0.3591092526912689,0
0,394,0.009591524489223957,0.2194223254919052,0
0,395,0.015105672180652618,0.21056917309761047,0
0,396,0.0689181312918663,0.14859986305236816,0
0,397,0.11917389929294586,0.2400822788476944,0
0,398,0.03593050315976143,0.216653510928154,0
0,399,0.026757249608635902,0.45469963550567627,0
0,400,0.07647117972373962,0.2443961650133133,0
0,401,0.14831529557704926,0.1691311150789261,0
0,402,0.037510085850954056,0.23910316824913025,0
0,403,0.026430610567331314,0.21214927732944489,0
0,404,0.05048200860619545,0.2100975215435028,0
0,405,0.06413108855485916,0.12862209975719452,0
0,406,0.05527181178331375,0.273076593875885,0
0,407,0.0460081472992897,0.21119092404842377,0
0,408,0.16150379180908203,0.165917307138443,0
0,409,0.021851185709238052,0.245832622051239,0
0,410,0.0397338829934597,0.32387489080429077,0
0,411,0.020506413653492928,0.20872235298156738,0
0,412,0.010180311277508736,0.21468888223171234,0
0,413,0.05220180004835129,0.20346491038799286,0
0,414,0.028259925544261932,0.2214602380990982,0
0,415,0.04692639410495758,0.21450157463550568,0
0,416,0.020929373800754547,0.2102244347333908,0
0,417,0.03713586926460266,0.22455480694770813,0
0,418,0.01938783749938011,0.22315388917922974,0
0,419,0.024843862280249596,0.24337922036647797,0
0,420,0.023975826799869537,0.2595610022544861,0
0,421,0.12078611552715302,0.14340412616729736,0
0,422,0.04756287485361099,0.17754074931144714,0
0,423,0.023345917463302612,0.23344571888446808,0
0,424,0.021023912355303764,0.25042131543159485,0
0,425,0.02072201296687126,0.2370377480983734,0
0,426,0.022608870640397072,0.27438637614250183,0
0,427,0.037267401814460754,0.20151568949222565,0
0,428,0.022814609110355377,0.22157767415046692,0
0,429,0.017126571387052536,0.22945809364318848,0
0,430,0.009091218002140522,0.1801007241010666,0
0,431,0.01669926941394806,0.24343548715114594,0
0,432,0.015819866210222244,0.18891501426696777,0
0,433,0.02833101525902748,0.4929766356945038,0
0,434,0.02452298253774643,0.18187962472438812,0
0,435,0.02493768371641636,0.2389727681875229,0
0,436,0.010696365498006344,0.21903082728385925,0
0,437,0.06902563571929932,0.2294030487537384,0
0,438,0.014442152343690395,0.23743031919002533,0
0,439,0.03213832154870033,0.1853465437889099,0
0,440,0.12484101951122284,0.20786523818969727,0
0,441,0.04426275193691254,0.23333822190761566,0
0,442,0.011488801799714565,0.2243875414133072,0
0,443,0.027858665212988853,0.4295963644981384,0
0,444,0.010169068351387978,0.35834166407585144,0
0,445,0.05474836751818657,0.18895691633224487,0
0,446,0.03350607678294182,0.23884695768356323,0
0,447,0.03311217576265335,0.22292360663414001,0
0,448,0.015421262010931969,0.21349124610424042,0
0,449,0.030148250982165337,0.2206062376499176,0
0,450,0.07494311034679413,0.20883329212665558,0
0,451,0.0363069549202919,0.15643250942230225,0
0,452,0.016691241413354874,0.19446828961372375,0
0,453,0.07353729009628296,0.20929372310638428,0
0,454,0.055775079876184464,0.19520272314548492,0
0,455,0.0720062106847763,0.19517526030540466,0
0,456,0.03882604464888573,0.25246480107307434,0
0,457,0.015453130938112736,0.21530641615390778,0
0,458,0.019692454487085342,0.18943554162979126,0
0,459,0.10031682997941971,0.21400994062423706,0
0,460,0.05610615015029907,0.20579016208648682,0
0,461,0.021647505462169647,0.28381413221359253,0
0,462,0.02445674128830433,0.2527136504650116,0
0,463,0.04287933558225632,0.14147812128067017,0
0,464,0.01486705057322979,0.3304651081562042,0
0,465,0.023112129420042038,0.21749912202358246,0
0,466,0.01901881769299507,0.22904841601848602,0
0,467,0.05417227745056152,0.21262258291244507,0
0,468,0.014712135307490826,0.26156505942344666,0
0,469,0.016628090292215347,0.21349014341831207,0
0,470,0.015413016080856323,0.3299412727355957,0
0,471,0.05894121900200844,0.18870963156223297,0
0,472,0.0355159267783165,0.1845647096633911,0
0,473,0.015231294557452202,0.28555378317832947,0
0,474,0.029938941821455956,0.2376297414302826,0
0,475,0.03265029937028885,0.2445402443408966,0
0,476,0.02591859921813011,0.2551734149456024,0
0,477,0.010062932968139648,0.21567632257938385,0
0,478,0.026679353788495064,0.2055300623178482,0
0,479,0.030978357419371605,0.2560576796531677,0
0,480,0.06699362397193909,0.2398347407579422,0
0,481,0.035651348531246185,0.33555203676223755,0
0,482,0.03712189197540283,0.3038380444049835,0
0,483,0.025764789432287216,0.4372183382511139,0
0,484,0.037963103502988815,0.20511959493160248,0
0,485,0.022159185260534286,0.280485063791275,0
0,486,0.04280399531126022,0.20130136609077454,0
0,487,0.02528611198067665,0.22399619221687317,0
0,488,0.07146114110946655,0.23534011840820312,0
0,489,0.01874731294810772,0.1991875320672989,0
0,490,0.009050612337887287,0.16809071600437164,0
0,491,0.019169919192790985,0.21279720962047577,0
0,492,0.03113662824034691,0.3646196722984314,0
0,493,0.023067865520715714,0.18635866045951843,0
0,494,0.049618788063526154,0.22640499472618103,0
0,495,0.015207271091639996,0.2012157142162323,0
0,496,0.032901301980018616,0.17616863548755646,0
0,497,0.020087093114852905,0.23274075984954834,0
0,498,0.045494794845581055,0.3113977015018463,0
0,499,0.05416577309370041,0.2216322422027588,0
0,500,0.03501061722636223,0.16996316611766815,0
0,501,0.028776243329048157,0.22317636013031006,0
0,502,0.017547445371747017,0.23650969564914703,0
0,503,0.012150980532169342,0.19485698640346527,0
0,504,0.0683709979057312,0.14980368316173553,0
0,505,0.1286603808403015,0.23760254681110382,0
0,506,0.025823190808296204,0.2136477530002594,0
0,507,0.04219872131943703,0.17682436108589172,0
0,508,0.02999510057270527,0.22699058055877686,0
0,509,0.01747826114296913,0.227538600564003,0
0,510,0.07679437100887299,0.45402777194976807,0
0,511,0.012922353111207485,0.19333738088607788,0
1,0,0.7981774806976318,0.4159526824951172,0
1,1,0.49246275424957275,0.3788270354270935,0
1,2,0.5083866119384766,0.47726449370384216,0
1,3,0.21352936327457428,0.42765292525291443,0
1,4,0.7210279107093811,0.38956218957901,0
1,5,0.6151620149612427,0.5487357974052429,0
1,6,0.622734010219574,0.6341903209686279,0
1,7,0.8116518259048462,0.36291277408599854,0
1,8,0.24369841814041138,0.34140801429748535,0
1,9,0.21705208718776703,0.39567747712135315,0
1,10,0.6564150452613831,0.42616721987724304,0
1,11,0.34060537815093994,0.3609430193901062,0
1,12,0.2601434290409088,0.3915942907333374,0
1,13,0.6802728176116943,0.2641981244087219,0
1,14,0.436240553855896,0.492035448551178,0
1,15,0.42237842082977295,0.42776763439178467,0
1,16,0.467163622379303,0.33818402886390686,0
1,17,0.4711667001247406,0.4894830286502838,0
1,18,0.3310655951499939,0.4365215003490448,0
1,19,0.6418692469596863,0.3104744255542755,0
1,20,0.2218361496925354,0.3712692856788635,0
1,21,0.47619497776031494,0.45553016662597656,0
1,22,0.16176319122314453,0.4260691702365875,0
1,23,0.32939162850379944,0.4110768139362335,0
1,24,1.8002169132232666,0.618009626865387,0
1,25,0.17723119258880615,0.6459857225418091,0
1,26,0.19958311319351196,0.2950841784477234,0
1,27,0.3324139416217804,0.43957817554473877,0
1,28,0.3936956226825714,0.47446876764297485,0
1,29,0.3288017809391022,0.3495595157146454,0
1,30,0.21973393857479095,0.3533010482788086,0
1,31,0.37388163805007935,0.38202521204948425,0
1,32,0.16337892413139343,0.3681511878967285,0
1,33,0.25769874453544617,0.3907041549682617,0
1,34,0.3132466673851013,0.30807334184646606,0
1,35,0.18702319264411926,0.2963257431983948,0
1,36,0.11949862539768219,0.5009280443191528,0
1,37,0.33844488859176636,0.2882450819015503,0
1,38,0.40708452463150024,0.3218870759010315,0
1,39,0.2509252429008484,0.4301501214504242,0
1,40,0.419765442609787,0.3643588125705719,0
1,41,0.3150905668735504,0.3901199996471405,0
1,42,0.6364481449127197,0.4086421728134155,0
1,43,0.30736106634140015,0.5404256582260132,0
1,44,1.3832288980484009,0.46361491084098816,0
1,45,0.3319840133190155,0.38393041491508484,0
1,46,0.8542092442512512,0.3666212856769562,0
1,47,0.9286375045776367,0.4877696633338928,0
1,48,0.2677311301231384,0.31940504908561707,0
1,49,0.4560209810733795,0.42783844470977783,0
1,50,0.7312895059585571,0.5320284962654114,0
1,51,1.1580572128295898,0.3734413981437683,0
1,52,0.7130011320114136,0.3199613094329834,0
1,53,0.2262459099292755,0.42417335510253906,0
1,54,0.386992484331131,0.2837844789028168,0
1,55,0.24257874488830566,0.30316877365112305,0
1,56,0.6527991890907288,0.39725932478904724,0
1,57,0.36265134811401367,0.27991142868995667,0
1,58,0.46570873260498047,0.4631662368774414,0
1,59,0.7344878911972046,0.344262033700943,0
1,60,0.4307488203048706,0.3862994313240051,0
1,61,0.23353524506092072,0.38805919885635376,0
1,62,0.4714345633983612,0.34872135519981384,0
1,63,0.4948257505893707,0.35676708817481995,0
1,64,0.26283925771713257,0.4513477087020874,0
1,65,0.21995021402835846,0.4414558410644531,0
1,66,0.19514676928520203,0.4245477616786957,0
1,67,0.3465622663497925,0.46923449635505676,0
1,68,0.42749491333961487,0.3294873833656311,0
1,69,0.23104609549045563,0.40097346901893616,0
1,70,0.30386683344841003,0.3989708125591278,0
1,71,0.22020968794822693,0.39564821124076843,0
1,72,0.37118250131607056,0.3825141489505768,0
1,73,0.3226255178451538,0.5605881810188293,0
1,74,0.45258092880249023,0.5495837926864624,0
1,75,0.8773669004440308,0.419888436794281,0
1,76,0.578703761100769,0.3226267397403717,0
1,77,0.3648925721645355,0.5174482464790344,0
1,78,0.19713568687438965,0.3825613558292389,0
1,79,1.4322543144226074,0.4990456998348236,0
1,80,0.21630319952964783,0.38688984513282776,0
1,81,0.18265724182128906,0.6105924844741821,0
1,82,0.18855133652687073,0.5039694309234619,0
1,83,0.5179328918457031,0.32462459802627563,0
1,84,0.22397471964359283,0.3772314190864563,0
1,85,0.9412109851837158,0.37573254108428955,0
1,86,0.2628256380558014,0.3844231069087982,0
1,87,0.2625252902507782,0.5009867548942566,0
1,88,0.3172844350337982,0.41080597043037415,0
1,89,0.202262744307518,0.35487639904022217,0
1,90,0.6788538098335266,0.4338642358779907,0
1,91,0.37555938959121704,0.3124234080314636,0
1,92,0.2054753601551056,0.43054625391960144,0
1,93,0.3667406439781189,0.4338533878326416,0
1,94,0.18908044695854187,0.3819061517715454,0
1,95,0.35780084133148193,0.4597424864768982,0
1,96,0.2592851519584656,0.3476235866546631,0
1,97,1.176825761795044,0.5558249950408936,0
1,98,0.7144180536270142,0.3221901059150696,0
1,99,0.24774998426437378,0.36106619238853455,0
1,100,0.40807050466537476,0.3592382073402405,0
1,101,0.3182262182235718,0.3298921287059784,0
1,102,0.7706855535507202,0.3236844539642334,0
1,103,0.4606097340583801,0.4161163866519928,0
1,104,0.341386616230011,0.5534526109695435,0
1,105,0.3239020109176636,0.45577895641326904,0
1,106,0.26624399423599243,1.133959174156189,0
1,107,0.38938605785369873,0.3242505192756653,0
1,108,0.592480480670929,0.4798121750354767,0
1,109,0.5078028440475464,0.46152716875076294,0
1,110,0.24740462005138397,0.3159298300743103,0
1,111,0.8295897245407104,0.3178645968437195,0
1,112,0.18011261522769928,0.41263213753700256,0
1,113,0.4814265966415405,0.40239638090133667,0
1,114,0.5641284584999084,0.37525132298469543,0
1,115,0.4409974217414856,0.5572981238365173,0
1,116,0.7146704196929932,0.5302683115005493,0
1,117,0.39936840534210205,0.5197436213493347,0
1,118,0.30317285656929016,0.2927458882331848,0
1,119,0.32484251260757446,0.49658238887786865,0
1,120,0.26482826471328735,0.4007277190685272,0
1,121,0.5530888438224792,0.41201648116111755,0
1,122,1.4999732971191406,0.536690890789032,0
1,123,0.5098589062690735,0.40706324577331543,0
1,124,0.3348007798194885,0.32218003273010254,0
1,125,0.5966731309890747,0.29609325528144836,0
1,126,0.3750687837600708,0.37971994280815125,0
1,127,0.5128639936447144,0.41038909554481506,0
1,128,0.22876493632793427,0.36919620633125305,0
1,129,0.4601820409297943,0.34004393219947815,0
1,130,0.7737451195716858,0.2743108868598938,0
1,131,0.19325853884220123,0.38673490285873413,0
1,132,0.4733366370201111,0.3634665310382843,0
1,133,0.534888744354248,0.34504613280296326,0
1,134,0.2145170271396637,0.39760708808898926,0
1,135,0.2290080487728119,0.40911665558815,0
1,136,0.6932389140129089,0.400723934173584,0
1,137,0.301950067281723,0.4323011636734009,0
1,138,0.3693496584892273,0.4200138747692108,0
1,139,0.3618070185184479,0.47706133127212524,0
1,140,1.087284803390503,0.4106384515762329,0
1,141,0.3404523432254791,0.3393934965133667,0
1,142,0.7321079969406128,0.34229689836502075,0
1,143,1.6172069311141968,0.3073594570159912,0
1,144,0.3318116068840027,0.3785240948200226,0
1,145,0.30603429675102234,0.30824336409568787,0
1,146,0.21831776201725006,0.36600667238235474,0
1,147,0.21068337559700012,0.5190577507019043,0
1,148,0.3223167657852173,0.3259992301464081,0
1,149,0.20525255799293518,0.4723356068134308,0
1,150,0.1695730984210968,0.3150217533111572,0
1,151,0.35885655879974365,0.41434189677238464,0
1,152,0.5647711753845215,0.444382905960083,0
1,153,0.5619279146194458,0.6382810473442078,0
1,154,0.35619157552719116,0.3182693421840668,0
1,155,0.3709704875946045,0.36476677656173706,0
1,156,0.4374070167541504,0.310102641582489,0
1,157,0.2858690917491913,0.49842897057533264,0
1,158,0.5913714170455933,0.48293188214302063,0
1,159,1.563016653060913,0.5792115330696106,0
1,160,0.8068640232086182,0.3431752622127533,0
1,161,0.9736157059669495,0.5772108435630798,0
1,162,0.5367605090141296,0.31087997555732727,0
1,163,0.628674328327179,0.4645548164844513,0
1,164,0.24904310703277588,0.5550921559333801,0
1,165,0.7600584030151367,0.28126657009124756,0
1,166,0.28354552388191223,0.40235474705696106,0
1,167,0.5705386996269226,0.5674315094947815,0
1,168,0.23217986524105072,0.4146020710468292,0
1,169,0.5963343381881714,0.36704814434051514,0
1,170,0.2549700140953064,0.35904932022094727,0
1,171,0.6865538358688354,0.37906521558761597,0
1,172,0.3592876195907593,0.31484362483024597,0
1,173,0.2759581208229065,0.36747878789901733,0
1,174,1.0804297924041748,0.6222371459007263,0
1,175,0.3632296323776245,0.4156484603881836,0
1,176,0.29536399245262146,0.3208702504634857,0
1,177,0.2827304005622864,0.407744824886322,0
1,178,0.31695476174354553,0.3326711058616638,0
1,179,0.33424240350723267,0.2821001410484314,0
1,180,0.40901800990104675,0.36117157340049744,0
1,181,0.3205803334712982,0.2901628911495209,0
1,182,0.27151036262512207,0.347779244184494,0
1,183,0.29412901401519775,0.2603118419647217,0
1,184,0.6772218346595764,0.479824960231781,0
1,185,0.449625164270401,0.35782256722450256,0
1,186,0.4753211736679077,0.39657700061798096,0
1,187,0.41221073269844055,0.45780956745147705,0
1,188,0.6495228409767151,0.3339737355709076,0
1,189,0.33098575472831726,0.2528184950351715,0
1,190,0.20915210247039795,0.4168301224708557,0
1,191,0.3852585554122925,0.30349990725517273,0
1,192,0.44385766983032227,0.4178906977176666,0
1,193,0.34902051091194153,0.3025541603565216,0
1,194,0.4199492335319519,0.3632911741733551,0
1,195,0.4141061305999756,0.3615027070045471,0
1,196,0.5381518006324768,0.37748661637306213,0
1,197,0.5523971319198608,0.4492359459400177,0
1,198,0.5760480165481567,0.40864962339401245,0
1,199,0.8611017465591431,0.5754143595695496,0
1,200,0.3074546456336975,0.3607102036476135,0
1,201,0.3460131287574768,0.35309481620788574,0
1,202,1.2651923894882202,0.41605180501937866,0
1,203,0.8811107873916626,0.4010941982269287,0
1,204,0.43742939829826355,0.3688509464263916,0
1,205,0.2999867796897888,0.39466896653175354,0
1,206,0.4205763339996338,0.6865803599357605,0
1,207,15.312213897705078,0.6633235216140747,0
1,208,0.5255882740020752,1.470665454864502,0
1,209,0.30833542346954346,0.3139454424381256,0
1,210,0.30750709772109985,0.2771356999874115,0
1,211,0.789267897605896,0.37294065952301025,0
1,212,0.9702577590942383,0.703000545501709,0
1,213,0.26675158739089966,0.39307349920272827,0
1,214,0.23741182684898376,0.3906831443309784,0
1,215,0.23420031368732452,0.24907754361629486,0
1,216,0.2368672788143158,0.452970951795578,0
1,217,0.3428249955177307,0.4015063941478729,0
1,218,0.09341848641633987,0.5476887822151184,0
1,219,0.5262212753295898,0.3523099422454834,0
1,220,1.1622498035430908,0.5984927415847778,0
1,221,2.615933895111084,1.8075532913208008,0
1,222,0.9924466609954834,0.43616974353790283,0
1,223,0.2848075330257416,0.29423385858535767,0
1,224,0.22344060242176056,0.5917354226112366,0
1,225,1.1375057697296143,0.5036937594413757,0
1,226,0.9867644906044006,0.3918602466583252,0
1,227,0.2909475862979889,0.2621944546699524,0
1,228,0.3324457108974457,0.45813775062561035,0
1,229,0.28852760791778564,0.38612034916877747,0
1,230,0.22286678850650787,0.4138617515563965,0
1,231,0.2225385308265686,0.3056330680847168,0
1,232,0.7987350225448608,0.31753039360046387,0
1,233,0.7742542028427124,0.4793166220188141,0
1,234,1.7975858449935913,0.21308284997940063,0
1,235,1.9424422979354858,0.4149303734302521,0
1,236,0.2864205837249756,0.36684003472328186,0
1,237,0.24558451771736145,0.20087078213691711,0
1,238,0.4263792634010315,0.39667221903800964,0
1,239,0.3240872621536255,0.406670480966568,0
1,240,0.2761659622192383,0.48936063051223755,0
1,241,0.18549279868602753,0.3660649359226227,0
1,242,0.299821138381958,0.4138379991054535,0
1,243,0.4744313359260559,0.3218352496623993,0
1,244,0.532054603099823,0.378508061170578,0
1,245,0.18435855209827423,0.31374481320381165,0
1,246,0.20007935166358948,0.43561747670173645,0
1,247,0.24620196223258972,0.2951123118400574,0
1,248,0.35332849621772766,0.42949533462524414,0
1,249,0.28223249316215515,0.35172486305236816,0
1,250,0.6599746346473694,0.5186933875083923,0
1,251,0.9206228852272034,0.4978961646556854,0
1,252,0.8071812987327576,0.8982535004615784,0
1,253,0.7607979774475098,0.5215804576873779,0
1,254,0.5843633413314819,0.48158520460128784,0
1,255,0.2999574840068817,0.30894196033477783,0
1,256,0.3804076910018921,0.32317787408828735,0
1,257,0.26383456587791443,0.4717741906642914,0
1,258,0.2818109393119812,0.45160621404647827,0
1,259,0.38919270038604736,0.4658222496509552,0
1,260,0.5084571838378906,0.4924371838569641,0
1,261,0.3981369137763977,0.38371741771698,0
1,262,0.485233873128891,0.4533335864543915,0
1,263,0.42310142517089844,0.3875339925289154,0
1,264,0.3942568600177765,0.4379698932170868,0
1,265,0.2744729220867157,0.35828301310539246,0
1,266,0.4392801523208618,0.3419073224067688,0
1,267,1.9959943294525146,0.5516117215156555,0
1,268,0.1855832189321518,0.3400096297264099,0
1,269,0.23359036445617676,0.27856317162513733,0
1,270,1.007912278175354,0.543620228767395,0
1,271,0.35940971970558167,0.40303125977516174,0
1,272,0.26101821660995483,0.368752121925354,0
1,273,0.4806767702102661,0.3452114462852478,0
1,274,0.28557974100112915,0.42324090003967285,0
1,275,0.49215957522392273,0.2983163893222809,0
1,276,0.5799874067306519,0.3668918311595917,0
1,277,0.4431585669517517,0.34432557225227356,0
1,278,0.22398580610752106,0.2789520025253296,0
1,279,0.8181098103523254,0.31904247403144836,0
1,280,0.6367625594139099,0.31122493743896484,0
1,281,0.22156384587287903,0.428479939699173,0
1,282,0.13721439242362976,0.39822280406951904,0
1,283,0.4313593804836273,0.4918439984321594,0
1,284,0.2765699326992035,0.2442750483751297,0
1,285,0.4638214707374573,0.27281707525253296,0
1,286,0.4147663712501526,0.47309109568595886,0
1,287,0.25789058208465576,0.4117699861526489,0
1,288,0.3122572600841522,0.46500661969184875,0
1,289,0.4363897442817688,0.3111989200115204,0
1,290,0.5298548936843872,0.31420937180519104,0
1,291,0.3395577073097229,0.3246462345123291,0
1,292,0.5064224004745483,0.33367061614990234,0
1,293,0.30039355158805847,0.42559510469436646,0
1,294,0.3432520627975464,0.4136945605278015,0
1,295,0.3236125409603119,0.32735446095466614,0
1,296,0.370865136384964,0.3663792908191681,0
1,297,0.40817350149154663,0.3952968716621399,0
1,298,0.24267691373825073,0.34644296765327454,0
1,299,0.5344918966293335,0.29994094371795654,0
1,300,0.4217413067817688,0.32836151123046875,0
1,301,0.4759259521961212,0.650292694568634,0
1,302,0.40820854902267456,0.28988540172576904,0
1,303,0.5467228293418884,0.5650232434272766,0
1,304,0.1375209391117096,0.5122397541999817,0
1,305,0.3035164475440979,0.2807285785675049,0
1,306,0.6044647693634033,0.2755129039287567,0
1,307,0.2547183036804199,0.4432244896888733,0
1,308,6.2884626388549805,0.634685218334198,0
1,309,1.2800778150558472,0.5904845595359802,0
1,310,0.5074212551116943,0.4228164255619049,0
1,311,0.5268697738647461,0.4236438572406769,0
1,312,0.27211326360702515,0.31647419929504395,0
1,313,0.2522141933441162,0.3571518659591675,0
1,314,0.25138548016548157,0.4324936866760254,0
1,315,0.37520837783813477,0.5404914021492004,0
1,316,0.9620234370231628,0.3969193398952484,0
1,317,0.442844033241272,0.4246315360069275,0
1,318,0.14509300887584686,0.47382813692092896,0
1,319,0.3939605951309204,0.4296894669532776,0
1,320,1.8346006870269775,0.6636772751808167,0
1,321,0.950676441192627,0.751336932182312,0
1,322,0.9247335195541382,0.5437522530555725,0
1,323,0.2712176740169525,0.47954654693603516,0
1,324,0.5838348865509033,0.44511231780052185,0
1,325,0.3700886070728302,0.3512634038925171,0
1,326,0.32961177825927734,0.40432336926460266,0
1,327,0.2852531969547272,0.3956030309200287,0
1,328,0.4094441533088684,0.32347574830055237,0
1,329,1.1009758710861206,0.41907453536987305,0
1,330,0.39291882514953613,0.36804845929145813,0
1,331,0.5453900694847107,0.37738272547721863,0
1,332,0.7527760863304138,0.38988885283470154,0
1,333,0.3589871823787689,0.23071542382240295,0
1,334,0.18645893037319183,0.46204888820648193,0
1,335,0.4072411060333252,0.4290730953216553,0
1,336,0.7315618991851807,0.39959293603897095,0
1,337,0.7651703953742981,0.4622466266155243,0
1,338,1.1847877502441406,0.4236564338207245,0
1,339,0.31318074464797974,0.34962165355682373,0
1,340,0.24745981395244598,0.3475666642189026,0
1,341,0.25142645835876465,0.41563281416893005,0
1,342,1.0774630308151245,0.4267531633377075,0
1,343,0.31304052472114563,0.2963946461677551,0
1,344,0.3421471416950226,0.3127681016921997,0
1,345,0.3034456968307495,0.3161470592021942,0
1,346,0.31319737434387207,0.2580690085887909,0
1,347,0.7357398271560669,0.5019319653511047,0
1,348,1.0161027908325195,0.5487974286079407,0
1,349,0.18163517117500305,0.4874371290206909,0
1,350,0.23714321851730347,0.44043177366256714,0
1,351,0.6120808720588684,0.3692062795162201,0
1,352,0.25587132573127747,0.25946658849716187,0
1,353,0.2524300515651703,0.5489598512649536,0
1,354,0.32173284888267517,0.49029073119163513,0
1,355,0.39859235286712646,0.46147361397743225,0
1,356,0.19557586312294006,0.30811017751693726,0
1,357,0.6146804690361023,0.25504547357559204,0
1,358,0.324586421251297,0.34333088994026184,0
1,359,18.26187515258789,0.32472705841064453,1
1,360,0.19417297840118408,0.44510266184806824,0
1,361,0.610880970954895,0.4731988310813904,0
1,362,0.49783051013946533,0.39582544565200806,0
1,363,0.7605828046798706,0.309186190366745,0
1,364,0.44186878204345703,0.4743686318397522,0
1,365,0.35114580392837524,0.4148373007774353,0
1,366,0.34708255529403687,0.3986324667930603,0
1,367,0.33572667837142944,0.4149945080280304,0
1,368,0.5177809596061707,0.3558971881866455,0
1,369,0.34148624539375305,0.48416316509246826,0
1,370,0.23570451140403748,0.38435786962509155,0
1,371,0.5601851940155029,0.2743181586265564,0
1,372,0.2825222909450531,0.3163508474826813,0
1,373,0.22837601602077484,0.40371307730674744,0
1,374,0.23498567938804626,0.3464909791946411,0
1,375,0.19411960244178772,0.30008816719055176,0
1,376,0.15654434263706207,0.3065786361694336,0
1,377,0.2063186913728714,0.3784751892089844,0
1,378,1.9699760675430298,0.6115834712982178,0
1,379,0.43101823329925537,0.32832035422325134,0
1,380,0.22640711069107056,0.3085010051727295,0
1,381,0.23558294773101807,0.4288853406906128,0
1,382,0.15157710015773773,0.4472796618938446,0
1,383,0.508296549320221,0.4555068910121918,0
1,384,0.308977335691452,0.3247198760509491,0
1,385,2.1594150066375732,0.5724249482154846,0
1,386,0.40037137269973755,0.3828752040863037,0
1,387,0.8625166416168213,0.5236319899559021,0
1,388,0.673592209815979,0.4259761571884155,0
1,389,0.9115774631500244,0.4838220775127411,0
1,390,0.6433016061782837,0.4245022237300873,0
1,391,0.22778987884521484,0.4873623847961426,0
1,392,0.308112233877182,0.2792663872241974,0
1,393,0.4677961766719818,0.35191842913627625,0
1,394,0.33297738432884216,0.46033725142478943,0
1,395,0.4191364347934723,0.5370635390281677,0
1,396,0.3293645977973938,0.3597412109375,0
1,397,0.33814382553100586,0.3901045322418213,0
1,398,0.18750880658626556,0.377692848443985,0
1,399,0.9354217052459717,0.5434436798095703,0
1,400,0.37468472123146057,0.3852058947086334,0
1,401,0.4808993339538574,0.4119632840156555,0
1,402,0.2393917739391327,0.3584508001804352,0
1,403,0.2963780462741852,0.45951834321022034,0
1,404,0.43436068296432495,0.32804110646247864,0
1,405,0.4666815400123596,0.3807407021522522,0
1,406,0.6879503130912781,0.27491524815559387,0
1,407,0.2362138032913208,0.4853723645210266,0
1,408,0.5633826851844788,0.4366239309310913,0
1,409,0.294011652469635,0.3978288769721985,0
1,410,0.585334300994873,0.24044379591941833,0
1,411,0.4771614074707031,0.6626371741294861,0
1,412,0.44621750712394714,0.4493086040019989,0
1,413,0.5350595116615295,0.474277138710022,0
1,414,0.357871413230896,0.36044010519981384,0
1,415,0.237435445189476,0.4072331488132477,0
1,416,0.5011506080627441,0.44703760743141174,0
1,417,0.36523160338401794,0.4512577950954437,0
1,418,1.291991949081421,0.690535306930542,0
1,419,0.4874095916748047,0.5002833008766174,0
1,420,0.20125743746757507,0.3249271512031555,0
1,421,0.7551023960113525,0.3670456111431122,0
1,422,0.3088383078575134,0.6818170547485352,0
1,423,0.3200380802154541,0.35005369782447815,0
1,424,0.14727120101451874,0.44815635681152344,0
1,425,1.9695775508880615,0.19871459901332855,0
1,426,0.6882633566856384,0.46162351965904236,0
1,427,0.3391090929508209,0.3941348195075989,0
1,428,0.25110501050949097,0.4604830741882324,0
1,429,0.60312420129776,0.48600903153419495,0
1,430,0.5948967337608337,0.6130450367927551,0
1,431,0.4364890456199646,0.27642545104026794,0
1,432,0.3294356167316437,0.3506985902786255,0
1,433,0.516528308391571,0.3978438377380371,0
1,434,0.26700538396835327,0.4299720823764801,0
1,435,0.6600698828697205,0.35319045186042786,0
1,436,0.3803552985191345,0.34619390964508057,0
1,437,0.41915377974510193,0.2924326956272125,0
1,438,0.2295217663049698,0.4716625213623047,0
1,439,0.4693734645843506,0.36756473779678345,0
1,440,0.17615428566932678,0.645561695098877,0
1,441,3.6020658016204834,0.7470237016677856,0
1,442,0.3788546621799469,0.36019960045814514,0
1,443,0.23621556162834167,0.3470713496208191,0
1,444,0.23772147297859192,0.42188626527786255,0
1,445,0.20165996253490448,0.46209630370140076,0
1,446,0.27084100246429443,0.2993949055671692,0
1,447,0.4442813992500305,0.4207278788089752,0
1,448,0.33051666617393494,0.23350951075553894,0
1,449,0.26841336488723755,0.3253841996192932,0
1,450,0.48262861371040344,0.473945677280426,0
1,451,0.22564442455768585,0.24965903162956238,0
1,452,0.39392420649528503,0.44015130400657654,0
1,453,0.3686912953853607,0.5518825054168701,0
1,454,0.3787492513656616,0.4273472726345062,0
1,455,0.36818498373031616,0.624600887298584,0
1,456,0.4002927541732788,0.37593576312065125,0
1,457,0.5524744391441345,0.3985144793987274,0
1,458,1.2312345504760742,0.4715561866760254,0
1,459,0.28199225664138794,0.3468899726867676,0
1,460,0.71503084897995,1.1217265129089355,0
1,461,0.2901584208011627,0.3448513448238373,0
1,462,0.15908612310886383,0.36118078231811523,0
1,463,0.1914229393005371,0.2979220747947693,0
1,464,0.3241133689880371,0.35381877422332764,0
1,465,0.5556212663650513,0.3247489035129547,0
1,466,0.3402896523475647,0.3839256763458252,0
1,467,0.37220776081085205,0.39331522583961487,0
1,468,0.3982681632041931,1.2650858163833618,0
1,469,0.15522058308124542,0.5836103558540344,0
1,470,0.18653690814971924,0.4016682207584381,0
1,471,0.20563875138759613,0.26528388261795044,0
1,472,0.2224150002002716,0.3799060583114624,0
1,473,0.584526538848877,0.3896752893924713,0
1,474,0.28383108973503113,0.3734680414199829,0
1,475,0.5417723059654236,0.4724595546722412,0
1,476,0.34455606341362,0.4407656192779541,0
1,477,0.45852458477020264,0.4131750762462616,0
1,478,0.9818198680877686,0.44830915331840515,0
1,479,2.3712594509124756,0.6306688785552979,0
1,480,0.5409231185913086,0.4102291166782379,0
1,481,0.48917943239212036,0.44177544116973877,0
1,482,0.5990354418754578,0.4843386709690094,0
1,483,0.3414798974990845,0.6129631400108337,0
1,484,0.39914315938949585,0.2830233871936798,0
1,485,0.6561660170555115,0.5917919278144836,0
1,486,0.31483426690101624,0.2954653799533844,0
1,487,0.26011911034584045,0.5013214945793152,0
1,488,0.6878026723861694,0.40178361535072327,0
1,489,0.2651117146015167,0.3166923522949219,0
1,490,0.5440735816955566,0.40904274582862854,0
1,491,0.26838189363479614,0.2923873960971832,0
1,492,0.26380908489227295,0.37523120641708374,0
1,493,0.5196899175643921,0.4902973175048828,0
1,494,0.505702555179596,0.38180652260780334,0
1,495,0.1975155472755432,0.25826123356819153,0
1,496,0.2962733209133148,0.32206055521965027,0
1,497,0.3166559636592865,0.3902541697025299,0
1,498,0.3600308299064636,0.43296563625335693,0
1,499,0.491304874420166,0.31617486476898193,0
1,500,0.8931223154067993,0.3646447956562042,0
1,501,0.5760449767112732,0.4320674240589142,0
1,502,2.2394323348999023,0.38192427158355713,0
1,503,0.691867470741272,0.40284162759780884,0
1,504,0.2407509684562683,0.5045121312141418,0
1,505,0.33460158109664917,0.36591824889183044,0
1,506,0.42705848813056946,0.2992377281188965,0
1,507,0.31403642892837524,0.3375149965286255,0
1,508,0.7223180532455444,0.5691690444946289,0
1,509,0.7854154109954834,0.44447198510169983,0
1,510,0.32994258403778076,0.35173332691192627,0
1,511,0.7222167253494263,0.3881787359714508,0
2,0,0.7329675555229187,0.8919429779052734,0
2,1,0.4836277365684509,0.869713544845581,0
2,2,0.4855208694934845,0.6618841290473938,0
2,3,0.36897361278533936,0.8466494083404541,0
2,4,0.7062904834747314,0.889637291431427,0
2,5,0.45244699716567993,0.804962158203125,0
2,6,0.5101667642593384,0.8422905206680298,0
2,7,0.6586232781410217,0.7781063318252563,0
2,8,0.40042105317115784,0.6010442972183228,0
2,9,0.29288700222969055,0.8428741097450256,0
2,10,0.38661664724349976,0.7958084344863892,0
2,11,0.3218265771865845,0.7993971109390259,0
2,12,0.18663498759269714,0.7668324708938599,0
2,13,1.0116844177246094,0.8419219255447388,0
2,14,0.37594127655029297,0.8215136528015137,0
2,15,0.641548216342926,0.8616973757743835,0
2,16,0.5068249702453613,0.883994996547699,0
2,17,0.2586067020893097,0.8372182846069336,0
2,18,0.7528849840164185,0.7073639035224915,0
2,19,1.1561923027038574,0.8938291072845459,0
2,20,0.32881829142570496,0.753255307674408,0
2,21,1.102407455444336,0.7789638042449951,0
2,22,0.22203677892684937,0.8148444890975952,0
2,23,0.39935651421546936,0.875342845916748,0
2,24,0.25238490104675293,0.8067583441734314,0
2,25,0.20371539890766144,0.6906917095184326,0
2,26,0.31537482142448425,0.7705190181732178,0
2,27,0.3596150875091553,0.9079800844192505,0
2,28,0.3462987542152405,0.869701087474823,0
2,29,0.26206403970718384,0.9060580134391785,0
2,30,0.13611304759979248,0.756679356098175,0
2,31,0.5439611077308655,0.7666224241256714,0
2,32,0.36150944232940674,0.8047246336936951,0
2,33,0.3222925662994385,0.7840560078620911,0
2,34,0.48955634236335754,0.9166316390037537,0
2,35,0.4218759834766388,0.8795846104621887,0
2,36,0.26798033714294434,0.7978470325469971,0
2,37,1.0925185680389404,0.8592690229415894,0
2,38,0.37231960892677307,0.8384696841239929,0
2,39,0.2267611175775528,0.8568927645683289,0
2,40,0.4615946412086487,0.7272154688835144,0
2,41,0.4576287269592285,0.8493135571479797,0
2,42,0.4823503792285919,0.8305535316467285,0
2,43,0.4551823139190674,0.7445316314697266,0
2,44,0.5169855356216431,0.7393528819084167,0
2,45,0.7124956250190735,0.8136947154998779,0
2,46,0.6964249610900879,0.7670670747756958,0
2,47,1.065840482711792,0.6971397399902344,0
2,48,0.3591281771659851,0.7571172118186951,0
2,49,0.3418198823928833,0.7613979578018188,0
2,50,0.264013409614563,0.8253377079963684,0
2,51,1.2581621408462524,0.8546388149261475,0
2,52,0.5737746953964233,0.869420051574707,0
2,53,0.2329207807779312,0.8400732278823853,0
2,54,0.6157827377319336,0.8144909739494324,0
2,55,0.358084112405777,0.8788217902183533,0
2,56,0.20221185684204102,0.8239052295684814,0
2,57,0.2543964385986328,0.8237344622612,0
2,58,0.6950412392616272,0.8678518533706665,0
2,59,0.5551931858062744,0.725852370262146,0
2,60,0.3345333933830261,0.9563223719596863,0
2,61,0.31581562757492065,0.9339244961738586,0
2,62,0.3451104760169983,0.8444632291793823,0
2,63,0.8172340989112854,0.9002749919891357,0
2,64,0.3205909729003906,0.8067672848701477,0
2,65,0.3121170997619629,0.8382152915000916,0
2,66,0.46945393085479736,0.89434814453125,0
2,67,0.7160232663154602,0.5320903658866882,0
2,68,0.693935751914978,0.8492081165313721,0
2,69,0.3218024969100952,0.7082634568214417,0
2,70,0.42792659997940063,0.8951741456985474,0
2,71,0.32726407051086426,0.8429405093193054,0
2,72,0.6544551253318787,0.9179823398590088,0
2,73,0.6289596557617188,0.7150624394416809,0
2,74,0.5848283767700195,0.7702564001083374,0
2,75,0.23752662539482117,0.8307780027389526,0
2,76,0.443337619304657,0.8319823741912842,0
2,77,0.38645556569099426,0.8695578575134277,0
2,78,0.2684539258480072,0.9539574384689331,0
2,79,0.42867881059646606,0.7953945398330688,0
2,80,0.24110129475593567,0.7842633724212646,0
2,81,0.7041113376617432,0.7577705979347229,0
2,82,0.35103458166122437,0.7841670513153076,0
2,83,0.44973504543304443,0.8745896816253662,0
2,84,0.2915770411491394,0.7632498741149902,0
2,85,1.0674681663513184,0.8122637867927551,0
2,86,0.42295318841934204,0.8270127177238464,0
2,87,0.27461743354797363,0.8030891418457031,0
2,88,0.5118982195854187,0.8408337235450745,0
2,89,0.2025996446609497,0.7888596057891846,0
2,90,1.011717677116394,0.7543156743049622,0
2,91,0.4258457124233246,0.8336279392242432,0
2,92,0.27971547842025757,0.8686777353286743,0
2,93,0.3521006405353546,0.7908003330230713,0
2,94,0.5377636551856995,0.6668055653572083,0
2,95,0.43706321716308594,0.839118480682373,0
2,96,0.66111159324646,0.8362680673599243,0
2,97,0.9445536136627197,0.7405981421470642,0
2,98,0.7102276682853699,0.8790158629417419,0
2,99,1.2339718341827393,0.6100637316703796,0
2,100,0.6170315742492676,0.8367399573326111,0
2,101,0.5839635133743286,0.6224496960639954,0
2,102,0.35046273469924927,0.715064525604248,0
2,103,0.5024406313896179,0.7814430594444275,0
2,104,0.3429262042045593,0.8575160503387451,0
2,105,0.29668840765953064,0.7648032903671265,0
2,106,1.8385759592056274,1.0507415533065796,0
2,107,0.4591173231601715,0.8758453130722046,0
2,108,0.22152933478355408,0.9246490597724915,0
2,109,0.49124327301979065,0.8529887199401855,0
2,110,0.3636622130870819,0.8625857830047607,0
2,111,0.34746110439300537,0.8457017540931702,0
2,112,0.47817596793174744,0.9486603140830994,0
2,113,0.4331682324409485,0.8818526268005371,0
2,114,0.4444187879562378,0.820442259311676,0
2,115,0.24203240871429443,0.6663845777511597,0
2,116,0.356656014919281,0.9071506261825562,0
2,117,0.47314929962158203,0.8269513249397278,0
2,118,0.2814241945743561,0.856684148311615,0
2,119,0.23165196180343628,0.8011946082115173,0
2,120,0.4627126455307007,0.8030257225036621,0
2,121,0.3428448736667633,0.8583149909973145,0
2,122,1.2539122104644775,0.7643334269523621,0
2,123,0.35215726494789124,0.8897480964660645,0
2,124,0.44282275438308716,0.9043657183647156,0
2,125,0.38662832975387573,0.822515070438385,0
2,126,0.7533701658248901,0.7567241191864014,0
2,127,0.29596590995788574,0.8956846594810486,0
2,128,0.3404858410358429,0.8580257296562195,0
2,129,0.31912392377853394,0.6960337162017822,0
2,130,0.7457471489906311,0.8629831075668335,0
2,131,0.723215639591217,0.8817564845085144,0
2,132,0.6547037363052368,0.782963752746582,0
2,133,0.2758013606071472,0.7712446451187134,0
2,134,0.5686631798744202,0.8536579012870789,0
2,135,0.3990772068500519,0.8922107219696045,0
2,136,0.2925613522529602,0.8217326998710632,0
2,137,0.5571750998497009,0.803452730178833,0
2,138,0.33917078375816345,0.7736455202102661,0
2,139,0.33382201194763184,0.6447839140892029,0
2,140,1.1505874395370483,0.910834789276123,0
2,141,0.37026339769363403,0.8863063454627991,0
2,142,0.7951858043670654,0.7952542304992676,0
2,143,0.6251150965690613,0.6246111392974854,0
2,144,0.3335854411125183,0.8049020767211914,0
2,145,0.40831127762794495,0.87313312292099,0
2,146,0.41448235511779785,0.9018151760101318,0
2,147,0.27790623903274536,0.8682258129119873,0
2,148,0.2583044767379761,0.8257653713226318,0
2,149,0.22554847598075867,0.740732729434967,0
2,150,0.21226119995117188,0.8445848822593689,0
2,151,0.3671642541885376,0.8367367386817932,0
2,152,0.2979792356491089,0.8590134382247925,0
2,153,0.5313957929611206,0.9405865669250488,0
2,154,0.3854619264602661,0.8514546155929565,0
2,155,0.49871116876602173,0.8813977241516113,0
2,156,0.36290836334228516,0.8046228289604187,0
2,157,0.43817201256752014,0.7610228657722473,0
2,158,0.7844665050506592,0.7587245106697083,0
2,159,0.9573546051979065,0.5157634019851685,0
2,160,1.398698091506958,0.48165014386177063,0
2,161,0.3874911367893219,0.8962555527687073,0
2,162,0.6872484683990479,0.7687150239944458,0
2,163,0.46189171075820923,0.7942405343055725,0
2,164,0.26835107803344727,0.7970157861709595,0
2,165,0.989680290222168,0.7918028235435486,0
2,166,0.4147684872150421,0.8299621939659119,0
2,167,0.20556403696537018,0.7656521797180176,0
2,168,0.25321975350379944,0.8999369144439697,0
2,169,0.31804779171943665,0.7334105372428894,0
2,170,0.47746798396110535,0.832349419593811,0
2,171,0.36743101477622986,0.8554683923721313,0
2,172,0.36293190717697144,0.788284182548523,0
2,173,0.48252177238464355,0.8649888634681702,0
2,174,0.21131888031959534,0.9059216976165771,0
2,175,0.2357201874256134,0.876063883304596,0
2,176,0.2841288447380066,0.7881289124488831,0
2,177,0.4545222520828247,0.8891702890396118,0
2,178,0.3299803137779236,0.8848140239715576,0
2,179,0.3353273272514343,0.8028056621551514,0
2,180,0.4116903245449066,0.8268605470657349,0
2,181,0.5211121439933777,0.8342388868331909,0
2,182,0.27632954716682434,0.7978283762931824,0
2,183,0.3225356936454773,0.7937953472137451,0
2,184,0.24474751949310303,0.8418163657188416,0
2,185,0.6086636185646057,0.787769079208374,0
2,186,0.4035373330116272,0.8568175435066223,0
2,187,0.226439967751503,0.8520078063011169,0
2,188,0.32291412353515625,0.8151881098747253,0
2,189,0.26994168758392334,0.7687019109725952,0
2,190,0.17913231253623962,0.9043018817901611,0
2,191,0.2717403471469879,0.7815852165222168,0
2,192,0.19870570302009583,0.8413398861885071,0
2,193,0.39693695306777954,0.838490903377533,0
2,194,0.24439433217048645,0.7090281248092651,0
2,195,0.28587713837623596,0.8784670829772949,0
2,196,0.3599063754081726,0.884196400642395,0
2,197,0.2625422179698944,0.8448314666748047,0
2,198,0.5879783630371094,0.8722381591796875,0
2,199,0.35027340054512024,0.8222658038139343,0
2,200,0.7416012287139893,0.7986637949943542,0
2,201,0.2030593603849411,0.9317067861557007,0
2,202,0.4817461669445038,0.9209457635879517,0
2,203,0.5254193544387817,0.8223002552986145,0
2,204,0.4067600965499878,0.8920234441757202,0
2,205,0.6046591997146606,0.6629852056503296,0
2,206,0.49997565150260925,0.6769897937774658,0
2,207,21.224498748779297,0.7332970499992371,1
2,208,3.3794820308685303,1.4063141345977783,0
2,209,0.3570408225059509,0.8203232884407043,0
2,210,0.3430066704750061,0.8550094366073608,0
2,211,1.012477993965149,0.8719000220298767,0
2,212,1.8734915256500244,0.7888932824134827,0
2,213,0.5458706617355347,0.8628528118133545,0
2,214,0.20830142498016357,0.7968779802322388,0
2,215,0.5051721930503845,0.8009282350540161,0
2,216,0.41439908742904663,0.7961034178733826,0
2,217,0.31011804938316345,0.8753837943077087,0
2,218,0.30456334352493286,0.9226132035255432,0
2,219,0.4762408137321472,0.9194463491439819,0
2,220,0.400738000869751,0.7649267315864563,0
2,221,19.805057525634766,1.8759297132492065,0
2,222,0.36029618978500366,0.9107393622398376,0
2,223,0.44399940967559814,0.7364678978919983,0
2,224,0.36842483282089233,0.6632694602012634,0
2,225,0.9084782004356384,0.8103528618812561,0
2,226,0.583877682685852,0.8512373566627502,0
2,227,0.6377047896385193,0.7404463291168213,0
2,228,0.32595083117485046,0.8399296998977661,0
2,229,0.3920036852359772,0.6621329188346863,0
2,230,0.4376224875450134,0.7651450037956238,0
2,231,0.2746428847312927,0.7905425429344177,0
2,232,0.7574195861816406,0.8906235098838806,0
2,233,0.8089597225189209,0.8187344074249268,0
2,234,1.1016641855239868,0.4855271875858307,0
2,235,0.3499598801136017,0.8046025037765503,0
2,236,0.69587242603302,0.9040966629981995,0
2,237,0.2849668264389038,0.9001322388648987,0
2,238,0.39249053597450256,0.8743494749069214,0
2,239,0.2991003394126892,0.8397751450538635,0
2,240,0.4585723876953125,0.8246327638626099,0
2,241,0.7008187770843506,0.8510290384292603,0
2,242,0.22206911444664001,0.8955345153808594,0
2,243,0.45753568410873413,0.7851106524467468,0
2,244,0.3865523338317871,0.8262568116188049,0
2,245,0.33697831630706787,0.8137736320495605,0
2,246,0.4855000972747803,0.8054066896438599,0
2,247,0.2671174705028534,0.8888950943946838,0
2,248,0.5293256044387817,0.8540647625923157,0
2,249,0.46466612815856934,0.8648481965065002,0
2,250,0.5594577193260193,0.8315349817276001,0
2,251,0.5206063985824585,0.8984577059745789,0
2,252,3.0586483478546143,0.7488147616386414,0
2,253,0.9526952505111694,0.863884449005127,0
2,254,0.47519198060035706,0.7491422295570374,0
2,255,0.45475199818611145,0.7993010878562927,0
2,256,0.4121365547180176,0.8529355525970459,0
2,257,0.2557030916213989,0.7631580829620361,0
2,258,0.4900115132331848,0.9138963222503662,0
2,259,0.5139561891555786,0.8415100574493408,0
2,260,0.7413955926895142,0.758706271648407,0
2,261,0.43378955125808716,0.8634838461875916,0
2,262,0.43709608912467957,0.8558710217475891,0
2,263,0.6796948313713074,0.7836413979530334,0
2,264,0.7008848190307617,0.838844358921051,0
2,265,0.41353732347488403,0.8819913864135742,0
2,266,0.5473597645759583,0.9137488603591919,0
2,267,0.4517557621002197,0.8353772759437561,0
2,268,0.47172823548316956,0.7212804555892944,0
2,269,0.27774882316589355,0.8801141381263733,0
2,270,0.4023909568786621,0.8711814880371094,0
2,271,0.32517069578170776,0.8547999262809753,0
2,272,0.31044426560401917,0.820785641670227,0
2,273,0.26143553853034973,0.9146319031715393,0
2,274,0.4939538240432739,0.8918502926826477,0
2,275,0.3283182382583618,0.7389057278633118,0
2,276,0.5423551797866821,0.7290257215499878,0
2,277,0.22147436439990997,0.8700296878814697,0
2,278,0.2913449704647064,0.7686859369277954,0
2,279,0.3381558656692505,0.7957214713096619,0
2,280,1.022977352142334,0.8569107055664062,0
2,281,0.3217325806617737,0.8257448077201843,0
2,282,0.21004067361354828,0.8240392208099365,0
2,283,0.22872179746627808,0.8574599027633667,0
2,284,0.7551634907722473,0.91618812084198,0
2,285,0.4964507818222046,0.777642548084259,0
2,286,0.18974284827709198,0.8032712936401367,0
2,287,0.30259063839912415,0.9241114258766174,0
2,288,0.4016636610031128,0.8761712908744812,0
2,289,0.2944507598876953,0.8885829448699951,0
2,290,0.33800390362739563,0.875385582447052,0
2,291,0.4217938184738159,0.8437663912773132,0
2,292,0.5279303789138794,0.7940155267715454,0
2,293,0.35270917415618896,0.8686776757240295,0
2,294,0.17609940469264984,0.8606977462768555,0
2,295,0.3199344575405121,0.8459815979003906,0
2,296,0.5231031775474548,0.8581584692001343,0
2,297,1.2512445449829102,0.7280069589614868,0
2,298,0.3775917589664459,0.8199788928031921,0
2,299,0.2916192412376404,0.7901855111122131,0
2,300,0.4023899734020233,0.7988689541816711,0
2,301,0.4079914689064026,0.7592798471450806,0
2,302,0.32420462369918823,0.7658031582832336,0
2,303,0.2085825651884079,0.7819342017173767,0
2,304,0.3237898349761963,0.8162629008293152,0
2,305,0.3207390308380127,0.8800196647644043,0
2,306,0.32024940848350525,0.7610368132591248,0
2,307,0.3124540448188782,0.8662354350090027,0
2,308,7.616220474243164,0.7028847336769104,0
2,309,0.5043668746948242,0.90627121925354,0
2,310,0.3967921733856201,0.850136399269104,0
2,311,0.6603370904922485,0.8584588766098022,0
2,312,0.23888179659843445,0.8684249520301819,0
2,313,0.3216795325279236,0.8785224556922913,0
2,314,0.41880109906196594,0.9120253324508667,0
2,315,0.4702383875846863,0.7770094871520996,0
2,316,0.3982609808444977,0.9424765110015869,0
2,317,0.6568455100059509,0.8478682041168213,0
2,318,0.3197792172431946,0.7666336297988892,0
2,319,0.5081861019134521,0.8875607848167419,0
2,320,0.9073091745376587,0.9267144203186035,0
2,321,2.002713203430176,0.6353405117988586,0
2,322,0.3237588703632355,0.9222637414932251,0
2,323,0.49989116191864014,0.7612939476966858,0
2,324,0.20559996366500854,0.8708533048629761,0
2,325,0.5596286654472351,0.8693920373916626,0
2,326,0.35046708583831787,0.8024863600730896,0
2,327,0.4283542335033417,0.8413594365119934,0
2,328,0.36638787388801575,0.8995611667633057,0
2,329,0.5691182613372803,0.5919874906539917,0
2,330,1.0348856449127197,0.8369799256324768,0
2,331,0.637969970703125,0.8531221747398376,0
2,332,1.247336745262146,0.9049466848373413,0
2,333,0.793807864189148,0.7732178568840027,0
2,334,0.22791889309883118,0.8406172394752502,0
2,335,0.5621767640113831,0.7500768899917603,0
2,336,0.9726536870002747,0.9184865951538086,0
2,337,0.3412363529205322,0.7282788157463074,0
2,338,1.3950860500335693,0.728873074054718,0
2,339,0.3455551266670227,0.9189118146896362,0
2,340,0.3468627631664276,0.9289360046386719,0
2,341,0.3644026219844818,0.8722938299179077,0
2,342,0.9991825222969055,0.9421617984771729,0
2,343,0.4135160446166992,0.8160150051116943,0
2,344,0.5686898827552795,0.8270230889320374,0
2,345,0.34144723415374756,0.9244958758354187,0
2,346,0.45806655287742615,0.8747411370277405,0
2,347,0.9328579902648926,0.8833554983139038,0
2,348,0.9449385404586792,0.795230507850647,0
2,349,0.5976651310920715,0.9270110130310059,0
2,350,0.6907992959022522,0.7084010243415833,0
2,351,0.2551758587360382,0.8707034587860107,0
2,352,0.26987606287002563,0.8287940621376038,0
2,353,0.3100172281265259,0.7735448479652405,0
2,354,0.47229740023612976,0.7824916243553162,0
2,355,0.6683489680290222,0.7733768820762634,0
2,356,0.43600893020629883,0.7985411286354065,0
2,357,0.5690205097198486,0.8494701385498047,0
2,358,0.5045427083969116,0.816666841506958,0
2,359,18.15810775756836,0.5874048471450806,0
2,360,0.5961170792579651,0.7481245994567871,0
2,361,0.5483163595199585,0.8683886528015137,0
2,362,0.5454444885253906,0.8440678715705872,0
2,363,0.9379373788833618,0.8061105012893677,0
2,364,0.3663342297077179,0.7602294087409973,0
2,365,0.37209415435791016,0.7592793703079224,0
2,366,0.3628549575805664,0.7216964364051819,0
2,367,0.43734729290008545,0.7595390677452087,0
2,368,0.3807210922241211,0.9551658034324646,0
2,369,0.6463662981987,0.7610118985176086,0
2,370,0.42262741923332214,0.7184078693389893,0
2,371,0.3329210579395294,0.8881158828735352,0
2,372,0.7719148993492126,0.7598313093185425,0
2,373,0.33545440435409546,0.8008028268814087,0
2,374,0.6649821996688843,0.7518805265426636,0
2,375,0.36308538913726807,0.9070380926132202,0
2,376,0.294208824634552,0.8105118274688721,0
2,377,0.27785179018974304,0.7539864182472229,0
2,378,0.39430487155914307,0.9318777918815613,0
2,379,0.32535070180892944,0.8338497281074524,0
2,380,0.27937084436416626,0.7239909768104553,0
2,381,0.4294416904449463,0.7969556450843811,0
2,382,0.2958313226699829,0.9425951838493347,0
2,383,0.5124322175979614,0.8508089184761047,0
2,384,0.9398409724235535,0.8628152012825012,0
2,385,2.946552276611328,0.610066294670105,0
2,386,0.4146344065666199,0.8969110250473022,0
2,387,0.2359781563282013,0.9244055151939392,0
2,388,1.1341757774353027,0.8866600394248962,0
2,389,0.6724141836166382,0.8374821543693542,0
2,390,0.5875942707061768,0.7257133722305298,0
2,391,0.3379608392715454,0.6240322589874268,0
2,392,0.8568962216377258,0.8501632213592529,0
2,393,0.4786790609359741,0.7004082202911377,0
2,394,0.4899294972419739,0.8554763197898865,0
2,395,0.5179561972618103,0.7355028986930847,0
2,396,0.3799435496330261,0.7309412956237793,0
2,397,0.6651903390884399,0.8287317752838135,0
2,398,0.12876072525978088,0.8444452881813049,0
2,399,1.9111031293869019,0.8145985007286072,0
2,400,0.3197689652442932,0.6435911655426025,0
2,401,0.3338053822517395,0.9051403999328613,0
2,402,0.18715041875839233,0.8166384100914001,0
2,403,0.23386907577514648,0.8015121817588806,0
2,404,0.37573906779289246,0.8731141686439514,0
2,405,0.23707450926303864,0.7331802845001221,0
2,406,0.3936185836791992,0.7417524456977844,0
2,407,0.4707469642162323,0.7241891026496887,0
2,408,0.41884952783584595,0.9025377631187439,0
2,409,0.31103548407554626,0.842441201210022,0
2,410,0.5076655745506287,0.8466638922691345,0
2,411,0.3388791084289551,0.5096557140350342,0
2,412,0.3470883071422577,0.8860017657279968,0
2,413,0.2969086766242981,0.9061849117279053,0
2,414,0.3443233072757721,0.8375511765480042,0
2,415,0.3542540967464447,0.9040979743003845,0
2,416,0.2686055600643158,0.7675086259841919,0
2,417,0.46805354952812195,0.8418622612953186,0
2,418,0.9582026600837708,0.8407201766967773,0
2,419,0.33897414803504944,0.6372553706169128,0
2,420,0.586746335029602,0.8254436254501343,0
2,421,0.3017485737800598,0.6993940472602844,0
2,422,0.26766687631607056,0.6746619343757629,0
2,423,0.37504976987838745,0.8575897216796875,0
2,424,0.5446442365646362,0.852037787437439,0
2,425,0.9945671558380127,0.7544140219688416,0
2,426,0.7423410415649414,0.9037036895751953,0
2,427,0.3368287980556488,0.8447242975234985,0
2,428,0.2534247934818268,0.8652240633964539,0
2,429,0.6674885749816895,0.8103597164154053,0
2,430,0.3831174373626709,0.844232439994812,0
2,431,0.30251750349998474,0.8903189301490784,0
2,432,0.22839996218681335,0.7046065330505371,0
2,433,0.7298083305358887,0.8163293600082397,0
2,434,0.2744569182395935,0.7664940357208252,0
2,435,0.4388153851032257,0.8368499875068665,0
2,436,0.5781461000442505,0.9065127968788147,0
2,437,0.2363850474357605,0.7163072824478149,0
2,438,0.27252888679504395,0.7239627838134766,0
2,439,0.6416043043136597,0.8711782097816467,0
2,440,0.3405728340148926,0.6185800433158875,0
2,441,1.993512511253357,0.8426593542098999,0
2,442,0.33208999037742615,0.7376928925514221,0
2,443,0.3784705698490143,0.8762462139129639,0
2,444,0.19264113903045654,0.8481996655464172,0
2,445,0.27759432792663574,0.7999683022499084,0
2,446,0.37182697653770447,0.8909792900085449,0
2,447,0.3676126003265381,0.8036719560623169,0
2,448,0.47363680601119995,0.8683516979217529,0
2,449,0.28983741998672485,0.716187059879303,0
2,450,0.6571338176727295,0.8744899034500122,0
2,451,0.41081199049949646,0.8538011312484741,0
2,452,0.397278368473053,0.8785867691040039,0
2,453,0.4797142446041107,0.8146458864212036,0
2,454,0.3458547294139862,0.9451457858085632,0
2,455,0.2916422486305237,0.6538461446762085,0
2,456,0.5101594924926758,0.8980791568756104,0
2,457,0.7699710130691528,0.6629406213760376,0
2,458,0.44250309467315674,0.9193843603134155,0
2,459,0.35927408933639526,0.8020145297050476,0
2,460,1.4194451570510864,1.0735442638397217,0
2,461,0.7866548299789429,0.7727566361427307,0
2,462,0.2520411014556885,0.6565368175506592,0
2,463,0.324977308511734,0.8187916874885559,0
2,464,0.3353270888328552,0.8589286208152771,0
2,465,0.6744045615196228,0.8074748516082764,0
2,466,0.5744667053222656,0.7634033560752869,0
2,467,0.3734667897224426,0.8133270144462585,0
2,468,7.5855255126953125,1.1207306385040283,0
2,469,0.27825602889060974,0.8791354894638062,0
2,470,0.140374094247818,0.8259219527244568,0
2,471,0.2918797433376312,0.8522367477416992,0
2,472,0.22303619980812073,0.8837502598762512,0
2,473,0.5200729370117188,0.8338603377342224,0
2,474,0.2158297896385193,0.8153356909751892,0
2,475,0.11855319142341614,0.9249862432479858,0
2,476,0.3585909903049469,0.6402062177658081,0
2,477,0.39745938777923584,0.8121234774589539,0
2,478,0.6319301128387451,0.8543197512626648,0
2,479,1.2678492069244385,0.9485679268836975,0
2,480,1.1517796516418457,0.8397057056427002,0
2,481,0.7096931338310242,0.7601665258407593,0
2,482,0.2014857977628708,0.6776038408279419,0
2,483,0.31395038962364197,0.8233433961868286,0
2,484,0.6659198999404907,0.8406509757041931,0
2,485,0.31155461072921753,0.8563044667243958,0
2,486,0.45291444659233093,0.7403030395507812,0
2,487,0.40306490659713745,0.8801460266113281,0
2,488,0.7155126333236694,0.8129855394363403,0
2,489,0.4708089232444763,0.820311963558197,0
2,490,0.22971999645233154,0.8267664909362793,0
2,491,0.39127978682518005,0.8550559282302856,0
2,492,0.3068111538887024,0.7498605847358704,0
2,493,1.167405366897583,0.7789208889007568,0
2,494,0.5507358312606812,0.8489177227020264,0
2,495,0.2842312157154083,0.8280372023582458,0
2,496,0.37654221057891846,0.8507886528968811,0
2,497,0.7095226049423218,0.7499828934669495,0
2,498,0.4125322699546814,0.9124398231506348,0
2,499,0.27005743980407715,0.9162747263908386,0
2,500,0.4087408185005188,0.8637174963951111,0
2,501,0.5361590385437012,0.8857327103614807,0
2,502,2.229793071746826,0.6651936173439026,0
2,503,0.3399950861930847,0.7770880460739136,0
2,504,0.48482000827789307,0.6738805770874023,0
2,505,0.401843786239624,0.749823272228241,0
2,506,0.5183019042015076,0.717806875705719,0
2,507,0.4341779947280884,0.8179926872253418,0
2,508,0.33355334401130676,0.7891592383384705,0
2,509,0.2317560464143753,0.8971682786941528,0
2,510,0.3314722776412964,0.9289737939834595,0
2,511,0.43229758739471436,0.9152305126190186,0
3,0,0.8106504678726196,1.0595312118530273,0
3,1,0.48970741033554077,0.9981605410575867,0
3,2,0.32175230979919434,0.7652257084846497,0
3,3,0.38104137778282166,0.987320601940155,0
3,4,0.36584627628326416,1.0109399557113647,0
3,5,0.47609221935272217,0.792522668838501,0
3,6,0.5814319849014282,1.0124167203903198,0
3,7,0.9017687439918518,0.7925211787223816,0
3,8,0.7002913951873779,0.7132760286331177,0
3,9,0.2500823438167572,0.9783158898353577,0
3,10,0.38713201880455017,0.9701849222183228,0
3,11,0.34179580211639404,0.8475106358528137,0
3,12,0.4637775719165802,0.8124196529388428,0
3,13,1.103017807006836,0.8906118273735046,0
3,14,0.4057254195213318,0.9894076585769653,0
3,15,0.6033141613006592,0.976995587348938,0
3,16,0.34513962268829346,0.9869284629821777,0
3,17,0.4271957278251648,0.9189768433570862,0
3,18,0.7616029977798462,0.7846401929855347,0
3,19,0.8078960180282593,0.9980375170707703,0
3,20,0.5157680511474609,0.709000825881958,0
3,21,0.4955376088619232,0.8565047979354858,0
3,22,0.2538926303386688,0.8740440607070923,0
3,23,0.49272778630256653,1.0411838293075562,0
3,24,0.41083812713623047,0.773252546787262,0
3,25,0.2281360924243927,0.8267713189125061,0
3,26,0.5375458002090454,0.9161938428878784,0
3,27,0.2780455946922302,1.0361398458480835,0
3,28,0.4168090224266052,0.9218229055404663,0
3,29,0.4183313250541687,1.0092494487762451,0
3,30,0.26682987809181213,0.8559580445289612,0
3,31,1.0258281230926514,0.7859852910041809,0
3,32,0.3608728051185608,0.9327799081802368,0
3,33,0.47923579812049866,0.9518253803253174,0
3,34,0.3045404851436615,1.0217441320419312,0
3,35,0.4759206771850586,0.9541723132133484,0
3,36,0.42430925369262695,0.9414892792701721,0
3,37,1.122621774673462,1.012444019317627,0
3,38,0.3723985552787781,0.8856648802757263,0
3,39,0.2643281817436218,0.9233574867248535,0
3,40,0.3012397289276123,0.9396407008171082,0
3,41,0.5397523641586304,0.9533982872962952,0
3,42,0.5074908137321472,0.9672186374664307,0
3,43,0.3140057325363159,0.8098852634429932,0
3,44,0.4989698529243469,0.9080761671066284,0
3,45,0.3960331976413727,0.9084430932998657,0
3,46,0.6527506113052368,0.8013597726821899,0
3,47,0.847815215587616,0.7649596929550171,0
3,48,0.4928043484687805,0.8799280524253845,0
3,49,0.30719414353370667,0.9001873135566711,0
3,50,0.37814396619796753,0.8726173639297485,0
3,51,1.0577093362808228,0.8735764026641846,0
3,52,0.6744382381439209,0.9654225707054138,0
3,53,0.347646027803421,0.8952258229255676,0
3,54,0.5170885920524597,0.9312760829925537,0
3,55,0.5519214868545532,1.0578829050064087,0
3,56,0.20727016031742096,0.9108813405036926,0
3,57,0.3234395384788513,0.8682430386543274,0
3,58,0.46953004598617554,0.9482576251029968,0
3,59,0.8370335102081299,0.777237057685852,0
3,60,0.2405792623758316,1.0347689390182495,0
3,61,0.3422386348247528,1.0334168672561646,0
3,62,0.3713514506816864,0.9596511721611023,0
3,63,0.8786166310310364,0.9750218987464905,0
3,64,0.24527743458747864,0.8741538524627686,0
3,65,0.25945591926574707,1.0284368991851807,0
3,66,0.4564882218837738,0.9696248769760132,0
3,67,0.6569006443023682,0.4696285128593445,0
3,68,0.37917718291282654,0.8869022727012634,0
3,69,0.5300348997116089,0.7374254465103149,0
3,70,0.4644550681114197,1.0507711172103882,0
3,71,0.40112215280532837,0.9788565039634705,0
3,72,0.4557921886444092,1.0162676572799683,0
3,73,0.3127188980579376,0.7887218594551086,0
3,74,0.5119903683662415,0.9022531509399414,0
3,75,0.7303712368011475,0.9690144658088684,0
3,76,0.5282620191574097,0.9587976336479187,0
3,77,0.5974928736686707,0.8993143439292908,0
3,78,0.4917019307613373,1.0603768825531006,0
3,79,0.709924578666687,1.03755521774292,0
3,80,0.2854534089565277,0.8638405203819275,0
3,81,0.5097216367721558,0.9793190360069275,0
3,82,0.4475027322769165,0.9782188534736633,0
3,83,0.42331939935684204,0.9352667331695557,0
3,84,0.5708394646644592,0.9232673645019531,0
3,85,0.7482605576515198,1.0191229581832886,0
3,86,0.3863254189491272,0.9977341294288635,0
3,87,0.41975170373916626,0.8096373677253723,0
3,88,0.4571058750152588,0.9595873951911926,0
3,89,0.35397738218307495,0.9229696989059448,0
3,90,0.816184937953949,0.8826656937599182,0
3,91,0.3576313555240631,0.9321004152297974,0
3,92,0.38625696301460266,1.0155357122421265,0
3,93,0.4829525947570801,0.8027248382568359,0
3,94,0.6974850296974182,0.8169835805892944,0
3,95,0.32664811611175537,0.8835470080375671,0
3,96,0.4791439175605774,0.949600100517273,0
3,97,0.536544919013977,0.7417154312133789,0
3,98,0.3897377550601959,0.9481620788574219,0
3,99,0.3803122639656067,0.8122840523719788,0
3,100,0.7645739316940308,1.0072300434112549,0
3,101,0.6208555102348328,0.7197059392929077,0
3,102,0.333086222410202,0.7927519679069519,0
3,103,0.4409039616584778,0.9281786680221558,0
3,104,0.38338345289230347,0.9503446817398071,0
3,105,0.35725364089012146,0.7835312485694885,0
3,106,3.3096065521240234,0.7942575812339783,0
3,107,0.4898759126663208,0.9990919828414917,0
3,108,0.22715245187282562,1.0711590051651,0
3,109,0.48178690671920776,0.9563832879066467,0
3,110,0.5056238174438477,1.0280705690383911,0
3,111,0.33591577410697937,0.9047284126281738,0
3,112,0.25546905398368835,1.017269253730774,0
3,113,0.39364901185035706,0.9754166007041931,0
3,114,0.6827406883239746,0.921941339969635,0
3,115,0.40178197622299194,0.7987642288208008,0
3,116,0.4233390688896179,1.0518525838851929,0
3,117,0.5052083730697632,0.8646994829177856,0
3,118,0.2448854148387909,0.9793764352798462,0
3,119,0.31629812717437744,0.8701756000518799,0
3,120,0.28401970863342285,0.9206589460372925,0
3,121,0.9117127656936646,0.8868954181671143,0
3,122,0.9371787905693054,0.7274864315986633,0
3,123,0.5918319821357727,0.9275588393211365,0
3,124,0.4623821973800659,0.9767733216285706,0
3,125,0.5482101440429688,0.9262515902519226,0
3,126,0.8997724652290344,0.8346824049949646,0
3,127,0.18175488710403442,1.0118879079818726,0
3,128,0.4265170693397522,0.9559967517852783,0
3,129,0.4618989825248718,0.78522127866745,0
3,130,0.8455100655555725,0.9009791016578674,0
3,131,0.43343648314476013,0.9869336485862732,0
3,132,0.6326161623001099,0.8515518307685852,0
3,133,0.43785959482192993,0.960422933101654,0
3,134,0.6999881267547607,0.9773879051208496,0
3,135,0.25256654620170593,1.1312315464019775,0
3,136,0.24319075047969818,0.925690770149231,0
3,137,0.47938430309295654,0.9502114653587341,0
3,138,0.483301043510437,0.9036023020744324,0
3,139,0.31510627269744873,0.8427872061729431,0
3,140,1.127320408821106,0.968554675579071,0
3,141,0.281208872795105,0.9708876609802246,0
3,142,0.69743812084198,0.8333090543746948,0
3,143,1.578067660331726,0.8148927092552185,0
3,144,0.32358595728874207,0.8897212743759155,0
3,145,0.236107736825943,0.9393848180770874,0
3,146,0.3910825252532959,1.0370744466781616,0
3,147,0.19685569405555725,1.0242071151733398,0
3,148,0.32531237602233887,0.87315833568573,0
3,149,0.5469173192977905,0.8124428987503052,0
3,150,0.15633109211921692,0.9362471699714661,0
3,151,0.29800480604171753,0.9518445134162903,0
3,152,0.8079415559768677,1.056767463684082,0
3,153,0.29821404814720154,0.9981177449226379,0
3,154,0.3406612277030945,0.9643034338951111,0
3,155,0.6337518095970154,0.9374529719352722,0
3,156,0.4057055413722992,0.9084727764129639,0
3,157,0.30148956179618835,0.9428220391273499,0
3,158,0.9653628468513489,0.8716530203819275,0
3,159,0.4419630169868469,0.22504255175590515,0
3,160,0.6172604560852051,0.7321861386299133,0
3,161,0.44210106134414673,0.9090689420700073,0
3,162,0.7509773969650269,0.8480043411254883,0
3,163,0.7614822387695312,0.9376824498176575,0
3,164,0.500383198261261,0.9270845055580139,0
3,165,0.8371279239654541,0.7083806395530701,0
3,166,0.3730887174606323,0.9197596907615662,0
3,167,0.22513844072818756,0.9270921349525452,0
3,168,0.29146090149879456,0.9817035794258118,0
3,169,0.2803308963775635,0.9240613579750061,0
3,170,0.502118706703186,0.8893512487411499,0
3,171,0.37916117906570435,0.9974713921546936,0
3,172,0.34650564193725586,0.9345835447311401,0
3,173,0.3997891843318939,1.0034939050674438,0
3,174,0.3634295165538788,0.9892755746841431,0
3,175,0.2707258462905884,0.953110933303833,0
3,176,0.2622720003128052,0.8895814418792725,0
3,177,0.43243128061294556,1.0094695091247559,0
3,178,0.3597504496574402,0.9954373836517334,0
3,179,0.37640538811683655,0.9383604526519775,0
3,180,0.3685615360736847,0.806647539138794,0
3,181,0.41132089495658875,1.0186328887939453,0
3,182,0.2630121111869812,0.888684093952179,0
3,183,0.3738792836666107,0.8577559590339661,0
3,184,0.32681047916412354,0.9290019869804382,0
3,185,0.6760360598564148,0.943450927734375,0
3,186,0.3397400379180908,1.010218620300293,0
3,187,0.42898455262184143,0.9410701394081116,0
3,188,0.3849686086177826,0.9096552133560181,0
3,189,0.32606741786003113,0.9041791558265686,0
3,190,0.33026838302612305,1.0168442726135254,0
3,191,0.2694949805736542,0.8208196759223938,0
3,192,0.3182102143764496,0.8838757276535034,0
3,193,0.6447356939315796,1.0437586307525635,0
3,194,0.284594863653183,0.8874989748001099,0
3,195,0.2352730929851532,0.9331821799278259,0
3,196,0.25734472274780273,0.9913265705108643,0
3,197,0.33262214064598083,0.9978463053703308,0
3,198,0.18899370729923248,0.975005567073822,0
3,199,0.3702538013458252,0.9000533223152161,0
3,200,0.5375185012817383,0.9266948103904724,0
3,201,0.3558450937271118,1.0348116159439087,0
3,202,0.6134525537490845,1.0630823373794556,0
3,203,0.456350713968277,0.8435097336769104,0
3,204,0.40594542026519775,0.891944408416748,0
3,205,0.8448476791381836,0.6506808400154114,0
3,206,0.8606122732162476,0.6627237200737,0
3,207,22.85280418395996,0.3508913516998291,1
3,208,3.102123260498047,1.1294629573822021,0
3,209,0.4096922278404236,0.8704885840415955,0
3,210,0.3303675651550293,0.9390538334846497,0
3,211,1.0259144306182861,0.914562463760376,0
3,212,1.2009786367416382,0.9204726815223694,0
3,213,0.6590332388877869,0.953944742679596,0
3,214,0.48620691895484924,0.9492941498756409,0
3,215,0.34509241580963135,0.8597440123558044,0
3,216,0.4320799708366394,0.8813239336013794,0
3,217,0.3372676968574524,0.8740994334220886,0
3,218,0.914470911026001,0.9922298789024353,0
3,219,0.3295801281929016,0.9644868969917297,0
3,220,0.4311286211013794,0.8643229007720947,0
3,221,20.17019271850586,1.6974513530731201,0
3,222,0.5394947528839111,0.9955909848213196,0
3,223,0.371951162815094,0.8214019536972046,0
3,224,0.29142817854881287,0.7662577033042908,0
3,225,0.7816644906997681,0.8500524163246155,0
3,226,0.673378586769104,0.8850662708282471,0
3,227,0.4190748333930969,0.9341662526130676,0
3,228,0.3532959222793579,0.9258013963699341,0
3,229,0.329725980758667,0.802298367023468,0
3,230,0.4334442913532257,0.8890330791473389,0
3,231,0.2101738303899765,0.8208611607551575,0
3,232,0.6849431991577148,0.9750508069992065,0
3,233,0.8676048517227173,0.9108085632324219,0
3,234,0.5496231913566589,0.6064969897270203,0
3,235,0.3557133674621582,0.9709770083427429,0
3,236,0.407271146774292,1.0530455112457275,0
3,237,0.2812905013561249,0.9435310363769531,0
3,238,0.2956169545650482,1.0761704444885254,0
3,239,0.42340078949928284,0.9362262487411499,0
3,240,0.4257833659648895,0.8157669901847839,0
3,241,0.8337130546569824,0.9329366087913513,0
3,242,0.42610636353492737,1.0084409713745117,0
3,243,0.4577913284301758,0.832542359828949,0
3,244,0.35211676359176636,0.8818177580833435,0
3,245,0.2790334224700928,0.8791816830635071,0
3,246,0.47159039974212646,0.880018413066864,0
3,247,0.4850897192955017,0.9593554139137268,0
3,248,0.5513594150543213,0.9826239943504333,0
3,249,0.4837263524532318,0.9961211681365967,0
3,250,0.527894139289856,0.8367828726768494,0
3,251,0.46495455503463745,1.002355694770813,0
3,252,3.1172800064086914,0.6100582480430603,0
3,253,0.7208797931671143,1.0496150255203247,0
3,254,0.71439528465271,0.9438531398773193,0
3,255,0.48358842730522156,0.8432969450950623,0
3,256,0.3180025815963745,0.789185643196106,0
3,257,0.3515399396419525,0.869016706943512,0
3,258,0.7858012914657593,0.9456281661987305,0
3,259,0.5655863881111145,0.8735772371292114,0
3,260,0.5809492468833923,0.8614468574523926,0
3,261,0.5015352964401245,0.8932918310165405,0
3,262,0.4244565963745117,0.9890193343162537,0
3,263,0.7109724879264832,0.8247113227844238,0
3,264,0.5814152956008911,1.04054594039917,0
3,265,0.30644941329956055,0.9782354831695557,0
3,266,0.5550867319107056,0.9850899577140808,0
3,267,0.42687806487083435,0.8716627359390259,0
3,268,0.9822197556495667,0.8145275115966797,0
3,269,0.2842240333557129,1.0663987398147583,0
3,270,0.5898884534835815,0.9237060546875,0
3,271,0.27751949429512024,1.0148322582244873,0
3,272,0.2453681230545044,0.9528934955596924,0
3,273,0.23931671679019928,1.0803464651107788,0
3,274,0.33668702840805054,0.9435275197029114,0
3,275,0.42462897300720215,0.8408966660499573,0
3,276,0.6796725988388062,0.8423321843147278,0
3,277,0.23942844569683075,1.0204817056655884,0
3,278,0.3301822543144226,0.7922362685203552,0
3,279,0.4923287630081177,0.880041241645813,0
3,280,1.004228115081787,0.9560723900794983,0
3,281,0.1522495001554489,0.9157988429069519,0
3,282,0.3285124599933624,0.9167578816413879,0
3,283,0.2623119652271271,0.9433200359344482,0
3,284,0.746549129486084,0.9409628510475159,0
3,285,0.48825013637542725,0.869957685470581,0
3,286,0.35815203189849854,0.9670010209083557,0
3,287,0.24280515313148499,1.1008760929107666,0
3,288,0.7678961157798767,0.9905921816825867,0
3,289,0.17401064932346344,0.9817611575126648,0
3,290,0.34609368443489075,0.9596236944198608,0
3,291,0.2808201014995575,0.9632493853569031,0
3,292,0.4914541244506836,0.8632278442382812,0
3,293,0.39822816848754883,0.9683725237846375,0
3,294,0.2795500159263611,0.9355048537254333,0
3,295,0.3626597225666046,0.9153546690940857,0
3,296,0.7719104886054993,1.0314056873321533,0
3,297,2.1397197246551514,0.6155064105987549,0
3,298,0.3719806671142578,0.9897409081459045,0
3,299,0.34112101793289185,0.8582975268363953,0
3,300,0.3755403459072113,0.966487467288971,0
3,301,0.34759652614593506,0.8196707367897034,0
3,302,0.19032303988933563,0.8674904108047485,0
3,303,0.23750434815883636,0.7960358262062073,0
3,304,0.13602137565612793,0.8918653726577759,0
3,305,0.27015843987464905,0.9819239377975464,0
3,306,0.39948874711990356,0.8499569892883301,0
3,307,0.2766406536102295,0.9586787223815918,0
3,308,6.972680568695068,0.4562911093235016,0
3,309,0.3057631850242615,0.9351808428764343,0
3,310,0.5364857912063599,0.9520634412765503,0
3,311,0.7397515773773193,0.9175459146499634,0
3,312,0.4258296489715576,0.9497427344322205,0
3,313,0.27764105796813965,1.0139930248260498,0
3,314,0.389884352684021,0.9779596924781799,0
3,315,0.5062604546546936,0.7980994582176208,0
3,316,0.4979304373264313,0.9504622220993042,0
3,317,0.7377442121505737,0.8464821577072144,0
3,318,0.5242781043052673,0.8948800563812256,0
3,319,0.4887556731700897,0.9224287271499634,0
3,320,0.6406430006027222,0.967901885509491,0
3,321,1.6443554162979126,0.5104188323020935,0
3,322,0.2115037888288498,0.8898534774780273,0
3,323,0.3420597314834595,0.9918884038925171,0
3,324,0.27921491861343384,0.9257856011390686,0
3,325,0.5496445894241333,1.0230903625488281,0
3,326,0.5620737075805664,1.0080598592758179,0
3,327,0.24322673678398132,0.9769384264945984,0
3,328,0.36787641048431396,1.0053725242614746,0
3,329,0.7728961110115051,0.5542522668838501,0
3,330,0.5648192167282104,0.9569193720817566,0
3,331,0.6781531572341919,0.9495476484298706,0
3,332,0.9044589400291443,0.9579578638076782,0
3,333,0.3157670497894287,0.8628394603729248,0
3,334,0.27915433049201965,0.840936005115509,0
3,335,0.6265976428985596,0.898141622543335,0
3,336,0.9365874528884888,0.9946930408477783,0
3,337,0.47254201769828796,0.8897561430931091,0
3,338,1.6743618249893188,0.6362842917442322,0
3,339,0.2930118441581726,1.0310935974121094,0
3,340,0.29766517877578735,0.9263666868209839,0
3,341,0.3551955223083496,0.9935694932937622,0
3,342,1.1047990322113037,1.010490894317627,0
3,343,0.43549904227256775,0.9474862217903137,0
3,344,0.4665781259536743,0.9542766809463501,0
3,345,0.3933623433113098,0.9884163737297058,0
3,346,0.41375988721847534,0.920516312122345,0
3,347,0.5011987686157227,0.9853127002716064,0
3,348,1.133589506149292,0.7971571683883667,0
3,349,0.2742994725704193,0.9647883176803589,0
3,350,0.5956451296806335,0.7188116312026978,0
3,351,0.3974669575691223,0.9092145562171936,0
3,352,0.3713635802268982,0.9218038320541382,0
3,353,0.46259546279907227,0.9227286577224731,0
3,354,0.4690971076488495,0.8627830743789673,0
3,355,0.5811964869499207,0.8491842150688171,0
3,356,0.8611793518066406,0.9127383828163147,0
3,357,0.3545238971710205,1.0413724184036255,0
3,358,0.4684116840362549,0.8991872072219849,0
3,359,13.628660202026367,0.228543221950531,0
3,360,0.6198053956031799,0.805054783821106,0
3,361,0.3197757601737976,0.970775842666626,0
3,362,0.5005523562431335,0.9008364081382751,0
3,363,1.2335753440856934,0.9031995534896851,0
3,364,0.4105135500431061,0.8914309740066528,0
3,365,0.43786391615867615,0.8033317923545837,0
3,366,0.3380933403968811,0.8761059045791626,0
3,367,0.33992069959640503,0.8581505417823792,0
3,368,0.3540336489677429,1.025586724281311,0
3,369,1.1342962980270386,0.8586986064910889,0
3,370,0.2690831124782562,0.8217186331748962,0
3,371,0.32289472222328186,0.8903113007545471,0
3,372,0.8805637359619141,0.764642059803009,0
3,373,0.3301292657852173,0.9512602090835571,0
3,374,0.5393943786621094,0.7773483991622925,0
3,375,0.2510277032852173,0.9920549988746643,0
3,376,0.32272037863731384,0.9336545467376709,0
3,377,0.1854492872953415,0.9033674597740173,0
3,378,0.27990326285362244,0.8771867156028748,0
3,379,0.315145343542099,0.9268839955329895,0
3,380,0.25173479318618774,0.7870603799819946,0
3,381,0.5760192275047302,0.9700242280960083,0
3,382,0.36435842514038086,1.0277831554412842,0
3,383,1.1312096118927002,0.9321156740188599,0
3,384,0.6837927103042603,0.9122422933578491,0
3,385,2.115431785583496,0.35650861263275146,0
3,386,0.3258558511734009,0.9308608174324036,0
3,387,0.18963491916656494,1.0109190940856934,0
3,388,0.9138495326042175,0.9508540034294128,0
3,389,0.5040004253387451,0.9603015184402466,0
3,390,0.6256486177444458,0.7619809508323669,0
3,391,0.518043041229248,0.7792903780937195,0
3,392,0.8057740330696106,0.9322174787521362,0
3,393,0.517844557762146,0.8203064799308777,0
3,394,0.42475277185440063,0.9730576872825623,0
3,395,0.44761550426483154,0.9012228846549988,0
3,396,0.26417121291160583,0.9115135073661804,0
3,397,0.6137726306915283,0.9839552044868469,0
3,398,0.3431040942668915,0.9246035814285278,0
3,399,1.8760089874267578,0.9347028732299805,0
3,400,0.3508387804031372,0.7456951141357422,0
3,401,0.31826651096343994,0.9338383078575134,0
3,402,0.3140096962451935,1.0436089038848877,0
3,403,0.34346362948417664,0.8741758465766907,0
3,404,0.29329222440719604,0.933853030204773,0
3,405,0.37409135699272156,0.8093227744102478,0
3,406,0.3506582975387573,0.8258288502693176,0
3,407,0.7828245759010315,0.8777784109115601,0
3,408,0.40279144048690796,1.0258177518844604,0
3,409,0.3098598122596741,0.9368395805358887,0
3,410,0.4571749269962311,0.8639751672744751,0
3,411,1.6322827339172363,0.283729612827301,0
3,412,0.3362656235694885,1.0436244010925293,0
3,413,0.22739528119564056,1.0013360977172852,0
3,414,0.390633761882782,0.9286521077156067,0
3,415,0.32150498032569885,1.0708198547363281,0
3,416,0.5218783020973206,0.9115995764732361,0
3,417,0.2154177874326706,0.9219670295715332,0
3,418,0.22001534700393677,0.9188112616539001,0
3,419,0.33477580547332764,0.8296307921409607,0
3,420,0.28392887115478516,0.9049381017684937,0
3,421,0.453311026096344,0.7938429117202759,0
3,422,0.3680294454097748,0.6592607498168945,0
3,423,0.4548358619213104,0.9851660132408142,0
3,424,0.6425613164901733,1.0186100006103516,0
3,425,0.6383786201477051,0.8575409054756165,0
3,426,0.3787458837032318,0.984517514705658,0
3,427,0.2528725862503052,0.834830105304718,0
3,428,0.18729925155639648,1.110874056816101,0
3,429,0.8251798152923584,0.8368126153945923,0
3,430,0.4851100444793701,0.7844437956809998,0
3,431,0.5569435954093933,1.0191447734832764,0
3,432,0.3367730379104614,0.9185601472854614,0
3,433,0.5943453907966614,0.971552848815918,0
3,434,0.35879963636398315,0.8058327436447144,0
3,435,0.25526878237724304,0.8547243475914001,0
3,436,0.29248151183128357,1.0419561862945557,0
3,437,0.24828937649726868,0.8528280258178711,0
3,438,0.3816278576850891,0.8613612055778503,0
3,439,0.7111425399780273,0.9806933403015137,0
3,440,0.27840566635131836,0.6149328351020813,0
3,441,1.4646846055984497,0.8694811463356018,0
3,442,0.3833598494529724,0.7878161072731018,0
3,443,0.3085653781890869,0.9715429544448853,0
3,444,0.4074207544326782,0.9540523886680603,0
3,445,0.30747294425964355,0.8246190547943115,0
3,446,0.20435234904289246,0.9987043142318726,0
3,447,0.47638338804244995,0.7615094184875488,0
3,448,0.40459123253822327,0.916176438331604,0
3,449,0.4353911280632019,0.8753710985183716,0
3,450,0.1437852531671524,0.9743918180465698,0
3,451,0.4334808588027954,0.911361813545227,0
3,452,0.35739126801490784,1.0765422582626343,0
3,453,0.3094504177570343,0.9052926301956177,0
3,454,0.377493679523468,1.0631927251815796,0
3,455,0.260355144739151,0.6561762690544128,0
3,456,0.5902003645896912,1.0155857801437378,0
3,457,0.6027898788452148,0.7946154475212097,0
3,458,0.3695680797100067,0.9820978045463562,0
3,459,0.3283936381340027,0.9386371374130249,0
3,460,1.9576348066329956,0.8515888452529907,0
3,461,0.6828216910362244,0.940232515335083,0
3,462,0.5696358680725098,0.6450595259666443,0
3,463,0.384468138217926,0.9007085561752319,0
3,464,0.553467333316803,0.9705738425254822,0
3,465,0.6456056833267212,0.9077571630477905,0
3,466,0.5581972599029541,0.8468373417854309,0
3,467,0.4060397744178772,0.8816609382629395,0
3,468,7.6216230392456055,0.9754913449287415,0
3,469,0.35239356756210327,1.0444608926773071,0
3,470,0.23479507863521576,0.8710768818855286,0
3,471,0.46224117279052734,0.8975066542625427,0
3,472,0.3945096731185913,1.086748480796814,0
3,473,0.4280363917350769,0.897814929485321,0
3,474,0.2936011552810669,0.9249335527420044,0
3,475,0.3763255476951599,1.0222901105880737,0
3,476,0.4218931198120117,0.8073123693466187,0
3,477,0.6158907413482666,0.8638237118721008,0
3,478,0.580810010433197,0.9425707459449768,0
3,479,0.7120988965034485,0.971534788608551,0
3,480,1.1533783674240112,0.9339314699172974,0
3,481,0.6758387088775635,0.8606135249137878,0
3,482,0.386835515499115,0.7578484416007996,0
3,483,0.5415828227996826,0.8906394243240356,0
3,484,0.7926677465438843,0.9590811729431152,0
3,485,0.2616078555583954,0.9002721905708313,0
3,486,0.49628376960754395,0.8600690960884094,0
3,487,0.566169261932373,1.0295569896697998,0
3,488,0.7499087452888489,0.922724187374115,0
3,489,0.29092079401016235,0.8641319274902344,0
3,490,0.47374624013900757,0.9869608879089355,0
3,491,0.2640704810619354,0.828771710395813,0
3,492,0.4346536099910736,0.8524338603019714,0
3,493,0.9655783176422119,0.8484082818031311,0
3,494,0.4054360091686249,0.8760751485824585,0
3,495,0.2541152834892273,0.8994765281677246,0
3,496,0.42653459310531616,0.9351412653923035,0
3,497,0.4828799366950989,0.7473345398902893,0
3,498,0.48748597502708435,0.9771743416786194,0
3,499,0.3017028570175171,0.9655242562294006,0
3,500,0.49473434686660767,1.0231610536575317,0
3,501,0.2716168165206909,0.9367272853851318,0
3,502,1.3824031352996826,0.8981418013572693,0
3,503,0.4465078115463257,0.9274294376373291,0
3,504,0.3769832253456116,0.8142630457878113,0
3,505,0.5888675451278687,0.8408733606338501,0
3,506,0.7634921073913574,0.9159895777702332,0
3,507,0.2515479028224945,0.9447779059410095,0
3,508,0.34946393966674805,0.8284315466880798,0
3,509,0.3742862939834595,1.0423805713653564,0
3,510,0.26228609681129456,0.9806366562843323,0
3,511,0.6229825019836426,1.0072731971740723,0
4,0,0.5846968293190002,1.1112916469573975,0
4,1,0.5730127096176147,1.1019314527511597,0
4,2,0.6259267926216125,1.005529761314392,0
4,3,0.4119325876235962,1.1615134477615356,0
4,4,0.2677941918373108,1.1092108488082886,0
4,5,0.46248602867126465,0.948471188545227,0
4,6,0.5751248598098755,1.0479726791381836,0
4,7,1.2139315605163574,0.971680760383606,0
4,8,0.9877787232398987,0.9463180303573608,0
4,9,0.28487247228622437,1.1475210189819336,0
4,10,0.5038793683052063,1.117253303527832,0
4,11,0.36070141196250916,0.9087467193603516,0
4,12,0.28933852910995483,0.9342586398124695,0
4,13,1.073362112045288,0.9800601005554199,0
4,14,0.4259147047996521,1.123543381690979,0
4,15,0.5442560315132141,1.0634618997573853,0
4,16,0.3611893951892853,1.1080024242401123,0
4,17,0.5474058389663696,1.0106751918792725,0
4,18,0.8652928471565247,0.8843001127243042,0
4,19,0.9171856641769409,1.1878833770751953,0
4,20,0.46606799960136414,0.8741956949234009,0
4,21,0.358406126499176,0.9550652503967285,0
4,22,0.35479676723480225,1.0096923112869263,0
4,23,0.2317773699760437,1.153989315032959,0
4,24,0.4737352132797241,0.9798812866210938,0
4,25,0.34251952171325684,0.8696739673614502,0
4,26,0.6355348229408264,1.0923913717269897,0
4,27,0.1930243968963623,1.1659793853759766,0
4,28,0.6852464079856873,1.036837100982666,0
4,29,0.30785614252090454,1.1276135444641113,0
4,30,0.2879517674446106,0.9313334226608276,0
4,31,0.5270863175392151,1.0526998043060303,0
4,32,0.2765480875968933,1.0584614276885986,0
4,33,0.4439387321472168,1.0102521181106567,0
4,34,0.28343647718429565,1.0964423418045044,0
4,35,0.38056081533432007,1.0859766006469727,0
4,36,0.5074714422225952,1.0054584741592407,0
4,37,1.2973129749298096,1.1730091571807861,0
4,38,0.4634946286678314,0.9998244047164917,0
4,39,0.28665027022361755,1.0275521278381348,0
4,40,0.3141680955886841,1.0535457134246826,0
4,41,0.5845915079116821,1.0322054624557495,0
4,42,0.5208568572998047,1.114972710609436,0
4,43,0.4026077389717102,0.8684132099151611,0
4,44,0.49237439036369324,1.0097224712371826,0
4,45,0.3473140001296997,1.0614253282546997,0
4,46,0.6343886256217957,0.9089610576629639,0
4,47,0.8481737971305847,0.9081752300262451,0
4,48,0.43961891531944275,0.8994982838630676,0
4,49,0.42154741287231445,0.9386481642723083,0
4,50,0.31694483757019043,1.0166863203048706,0
4,51,1.3509488105773926,1.0900564193725586,0
4,52,0.5789917707443237,1.0290699005126953,0
4,53,0.3908889889717102,1.0505857467651367,0
4,54,0.4125380516052246,1.0166956186294556,0
4,55,0.4650299847126007,1.059828281402588,0
4,56,0.2044868916273117,1.0371595621109009,0
4,57,0.4953555762767792,1.1066818237304688,0
4,58,0.5109344720840454,1.1046404838562012,0
4,59,0.5242921710014343,0.9907485842704773,0
4,60,0.2715400457382202,1.1444957256317139,0
4,61,0.3431960940361023,1.2036694288253784,0
4,62,0.3122512102127075,1.0623265504837036,0
4,63,0.807662308216095,1.1626877784729004,0
4,64,0.22295403480529785,1.0442432165145874,0
4,65,0.45194903016090393,1.1250885725021362,0
4,66,0.4751485586166382,0.9871957302093506,0
4,67,0.375892698764801,0.801976203918457,0
4,68,0.3747779428958893,1.0293736457824707,0
4,69,0.42108088731765747,0.9797956347465515,0
4,70,0.39936646819114685,1.1533466577529907,0
4,71,0.4413079619407654,1.0672755241394043,0
4,72,0.29680103063583374,1.0694464445114136,0
4,73,0.41844120621681213,0.8784096240997314,0
4,74,0.5091952681541443,1.0601812601089478,0
4,75,0.6619436144828796,0.9840395450592041,0
4,76,0.42557668685913086,1.1478736400604248,0
4,77,0.4677048921585083,1.0290806293487549,0
4,78,0.6101739406585693,1.2264362573623657,0
4,79,0.8129462003707886,1.173607349395752,0
4,80,0.3651168942451477,1.0313773155212402,0
4,81,0.548703670501709,1.1446646451950073,0
4,82,0.2499544620513916,1.049959659576416,0
4,83,0.4390157461166382,0.978805661201477,0
4,84,0.6008256673812866,1.029877781867981,0
4,85,0.42345130443573,1.13236403465271,0
4,86,0.34524965286254883,1.1406241655349731,0
4,87,0.3962500989437103,1.0453824996948242,0
4,88,0.3405875563621521,1.1429328918457031,0
4,89,0.39590853452682495,1.0195163488388062,0
4,90,0.6251316666603088,1.0491465330123901,0
4,91,0.41748034954071045,1.0789319276809692,0
4,92,0.34209832549095154,1.0862048864364624,0
4,93,0.5263725519180298,1.0281251668930054,0
4,94,0.8957398533821106,1.0277998447418213,0
4,95,0.4042508900165558,1.057942509651184,0
4,96,0.33129262924194336,1.1367021799087524,0
4,97,0.5468168258666992,1.0107866525650024,0
4,98,0.4814588129520416,1.0317012071609497,0
4,99,0.3945459723472595,1.0454131364822388,0
4,100,0.36225393414497375,1.1789755821228027,0
4,101,0.5099067687988281,0.8585127592086792,0
4,102,0.40981245040893555,0.9733004570007324,0
4,103,0.3731183111667633,1.0306886434555054,0
4,104,0.49405598640441895,1.1449731588363647,0
4,105,0.33833423256874084,0.8780069947242737,0
4,106,4.580171585083008,0.9048332571983337,0
4,107,0.41693565249443054,1.1004327535629272,0
4,108,0.3284126818180084,1.1341921091079712,0
4,109,0.5640889406204224,1.0426371097564697,0
4,110,0.48944586515426636,1.0646742582321167,0
4,111,0.3617146611213684,1.074596643447876,0
4,112,0.4479772448539734,1.1402618885040283,0
4,113,0.39156055450439453,1.1254918575286865,0
4,114,0.9324140548706055,1.0104634761810303,0
4,115,0.4657599627971649,0.9916739463806152,0
4,116,0.40940994024276733,1.208695411682129,0
4,117,0.4683777987957001,1.0091198682785034,0
4,118,0.27570560574531555,1.0590310096740723,0
4,119,0.3563210368156433,1.0524331331253052,0
4,120,0.477380633354187,1.0902549028396606,0
4,121,0.9614765644073486,1.0112825632095337,0
4,122,0.9727659225463867,0.9784956574440002,0
4,123,0.4254155457019806,1.0132238864898682,0
4,124,0.5163454413414001,1.0885273218154907,0
4,125,0.6422046422958374,1.0571978092193604,0
4,126,1.018533706665039,0.9728559851646423,0
4,127,0.30410030484199524,1.1163768768310547,0
4,128,0.35723936557769775,1.1341952085494995,0
4,129,0.5697173476219177,0.8920025825500488,0
4,130,0.6915351748466492,1.0082132816314697,0
4,131,0.24717150628566742,1.0384626388549805,0
4,132,1.0388615131378174,0.9685956835746765,0
4,133,0.4792996048927307,1.1601042747497559,0
4,134,0.8613719344139099,1.113754391670227,0
4,135,0.266032338142395,1.1340937614440918,0
4,136,0.29238393902778625,1.005657434463501,0
4,137,0.8955085277557373,1.0380284786224365,0
4,138,0.8577672243118286,1.0399699211120605,0
4,139,0.29250583052635193,0.923704206943512,0
4,140,0.648374080657959,1.167949914932251,0
4,141,0.21473930776119232,1.020071029663086,0
4,142,0.6877777576446533,0.9239934682846069,0
4,143,1.4559203386306763,1.034733772277832,0
4,144,0.3674159049987793,0.9966612458229065,0
4,145,0.35754796862602234,0.9981735944747925,0
4,146,0.2931344509124756,1.1971849203109741,0
4,147,0.2481096237897873,1.1365935802459717,0
4,148,0.38202863931655884,0.9962800741195679,0
4,149,0.6442484855651855,0.9066035747528076,0
4,150,0.34924471378326416,1.0733035802841187,0
4,151,0.3067080080509186,1.096740961074829,0
4,152,0.5653339624404907,1.1583470106124878,0
4,153,0.3463098406791687,1.2157377004623413,0
4,154,0.5205070972442627,1.0366817712783813,0
4,155,0.7252002358436584,1.1122483015060425,0
4,156,0.3795803487300873,0.9916397333145142,0
4,157,0.44982612133026123,1.1105883121490479,0
4,158,0.9073917865753174,1.0057848691940308,0
4,159,0.46161115169525146,0.41430580615997314,0
4,160,0.36236968636512756,1.0208100080490112,0
4,161,0.3840266466140747,0.9983458518981934,0
4,162,0.8629026412963867,1.0523855686187744,0
4,163,1.168094515800476,1.0405768156051636,0
4,164,0.5220077037811279,1.0314334630966187,0
4,165,1.0979506969451904,0.8687602877616882,0
4,166,0.47252434492111206,0.9887180328369141,0
4,167,0.42809242010116577,1.0429933071136475,0
4,168,0.39495110511779785,1.136377215385437,0
4,169,0.5336551070213318,1.1429134607315063,0
4,170,0.3210180997848511,0.9710734486579895,0
4,171,0.38362956047058105,1.1810585260391235,0
4,172,0.37756311893463135,1.034654974937439,0
4,173,0.4421541690826416,1.0330787897109985,0
4,174,0.33095037937164307,1.180000901222229,0
4,175,0.4744160771369934,1.0671437978744507,0
4,176,0.31887614727020264,0.9920883178710938,0
4,177,0.5230713486671448,1.060229778289795,0
4,178,0.4105837941169739,1.0958385467529297,0
4,179,0.37810373306274414,1.0438742637634277,0
4,180,0.37398427724838257,1.0283517837524414,0
4,181,0.3266732692718506,1.1450461149215698,0
4,182,0.30188366770744324,1.0240461826324463,0
4,183,0.30300599336624146,0.9140071272850037,0
4,184,0.24316586554050446,1.0814135074615479,0
4,185,0.9182058572769165,1.0115437507629395,0
4,186,0.5125049352645874,1.162989854812622,0
4,187,0.43135321140289307,1.0942436456680298,0
4,188,0.4912291169166565,1.0934453010559082,0
4,189,0.4094509482383728,1.041776180267334,0
4,190,0.3613801598548889,1.1260497570037842,0
4,191,0.24194687604904175,1.077160120010376,0
4,192,0.4546002745628357,0.9606836438179016,0
4,193,0.571414589881897,1.1154563426971436,0
4,194,0.2540317177772522,1.063720464706421,0
4,195,0.213382288813591,1.1273651123046875,0
4,196,0.43340882658958435,1.1219438314437866,0
4,197,0.40521180629730225,1.1378614902496338,0
4,198,0.167254239320755,1.11652410030365,0
4,199,0.4560895264148712,1.0721752643585205,0
4,200,0.7323880791664124,1.0402368307113647,0
4,201,0.2961229681968689,1.097051978111267,0
4,202,0.9491918683052063,1.1555179357528687,0
4,203,0.36262622475624084,0.9544339179992676,0
4,204,0.44841015338897705,0.9487113952636719,0
4,205,1.1478087902069092,0.6657617092132568,0
4,206,1.2261922359466553,0.7185347676277161,0
4,207,26.27606201171875,0.3227665424346924,1
4,208,2.991851329803467,1.3337279558181763,0
4,209,0.5331588983535767,1.0500291585922241,0
4,210,0.40655606985092163,1.119655728340149,0
4,211,1.2505970001220703,1.0211063623428345,0
4,212,1.892920732498169,1.0813454389572144,0
4,213,0.5589388012886047,1.0271035432815552,0
4,214,0.5546565651893616,1.017564058303833,0
4,215,0.3689475655555725,0.9797179698944092,0
4,216,0.3142140805721283,1.0019123554229736,0
4,217,0.3701193034648895,0.9839696884155273,0
4,218,1.374074935913086,1.162903070449829,0
4,219,0.41094037890434265,1.03913414478302,0
4,220,0.4497476816177368,0.9778432250022888,0
4,221,20.2822208404541,1.9241056442260742,0
4,222,0.6298049688339233,1.0113767385482788,0
4,223,0.3305225372314453,0.9494816064834595,0
4,224,0.5322368144989014,0.9490309953689575,0
4,225,0.5665233731269836,0.9774237275123596,0
4,226,0.5331047773361206,0.9766865968704224,0
4,227,0.36410367488861084,1.1039966344833374,0
4,228,0.3206545412540436,1.0238929986953735,0
4,229,0.5384503602981567,1.0152276754379272,0
4,230,0.39149391651153564,1.011818528175354,0
4,231,0.20000934600830078,0.9575833678245544,0
4,232,0.5804629921913147,1.088713526725769,0
4,233,0.8044806718826294,1.1308621168136597,0
4,234,0.580398440361023,0.9038192629814148,0
4,235,0.2485070377588272,1.1360305547714233,0
4,236,0.40108799934387207,1.1833555698394775,0
4,237,0.2648336887359619,1.0289338827133179,0
4,238,0.32049912214279175,1.1913583278656006,0
4,239,0.335793137550354,1.0319558382034302,0
4,240,0.3498126268386841,0.9558358788490295,0
4,241,0.7005507946014404,1.0132269859313965,0
4,242,0.31716352701187134,1.090377926826477,0
4,243,0.6534509658813477,0.9923086166381836,0
4,244,0.4570506513118744,1.0913071632385254,0
4,245,0.3125638961791992,1.0485520362854004,0
4,246,0.3862249255180359,1.0245527029037476,0
4,247,0.8127509355545044,1.0978518724441528,0
4,248,0.4970392882823944,1.1119667291641235,0
4,249,0.49195247888565063,1.121750831604004,0
4,250,0.7074034214019775,0.9790149331092834,0
4,251,0.5925730466842651,1.1664873361587524,0
4,252,3.4196746349334717,0.7855306267738342,0
4,253,0.5833341479301453,1.1425487995147705,0
4,254,0.43080762028694153,1.1480450630187988,0
4,255,0.42703911662101746,0.8875409364700317,0
4,256,0.4078582525253296,0.9112260341644287,0
4,257,0.4180522859096527,1.0005854368209839,0
4,258,0.4769023060798645,1.1255077123641968,0
4,259,0.6423801779747009,1.0591548681259155,0
4,260,0.713572084903717,1.020203948020935,0
4,261,0.3680371642112732,0.9434647560119629,0
4,262,0.3670705258846283,1.1201430559158325,0
4,263,0.46797430515289307,1.0134413242340088,0
4,264,0.5392842888832092,1.1934194564819336,0
4,265,0.40476083755493164,1.0753593444824219,0
4,266,0.6393332481384277,1.1127434968948364,0
4,267,0.6124054193496704,1.0445222854614258,0
4,268,0.8096139430999756,0.943988561630249,0
4,269,0.1876215636730194,1.1423581838607788,0
4,270,0.8646507859230042,1.0016491413116455,0
4,271,0.2888236939907074,1.130323886871338,0
4,272,0.31369978189468384,1.0704752206802368,0
4,273,0.2853003144264221,1.1243230104446411,0
4,274,0.31889811158180237,1.0574121475219727,0
4,275,0.5542985796928406,0.9449353814125061,0
4,276,1.0346992015838623,0.982805073261261,0
4,277,0.2879392206668854,1.1745988130569458,0
4,278,0.30517658591270447,0.932462215423584,0
4,279,0.7147650718688965,1.0018765926361084,0
4,280,1.1579499244689941,1.100070834159851,0
4,281,0.2134426236152649,1.0356254577636719,0
4,282,0.6009687185287476,1.0435031652450562,0
4,283,0.6458932161331177,1.0560110807418823,0
4,284,0.7152726054191589,1.024406909942627,0
4,285,0.5749350786209106,0.9550471901893616,0
4,286,0.42027175426483154,1.16607666015625,0
4,287,0.43297743797302246,1.2316763401031494,0
4,288,0.483887255191803,1.1613826751708984,0
4,289,0.1736167073249817,1.096672773361206,0
4,290,0.31019502878189087,1.1015347242355347,0
4,291,0.3538002371788025,1.058879017829895,0
4,292,0.4206797182559967,0.9968360066413879,0
4,293,0.5651853084564209,1.1048510074615479,0
4,294,0.4571857154369354,1.1064668893814087,0
4,295,0.5742205381393433,1.0530036687850952,0
4,296,1.0214711427688599,1.1540095806121826,0
4,297,2.738905191421509,0.9097232818603516,0
4,298,0.3576790690422058,1.0695950984954834,0
4,299,0.4032434821128845,0.9775107502937317,0
4,300,0.35626915097236633,1.0594006776809692,0
4,301,0.34089404344558716,1.0204455852508545,0
4,302,0.28409668803215027,0.9850444793701172,0
4,303,0.2891339063644409,0.9087018966674805,0
4,304,0.3133505582809448,0.9639429450035095,0
4,305,0.2657272219657898,1.050969123840332,0
4,306,0.39565786719322205,1.0254031419754028,0
4,307,0.4717944860458374,1.119338870048523,0
4,308,7.231080532073975,0.566750168800354,0
4,309,0.3158913254737854,1.035447597503662,0
4,310,0.5302822589874268,1.055804967880249,0
4,311,0.36425137519836426,1.1384049654006958,0
4,312,0.5771239995956421,1.031805396080017,0
4,313,0.3709179162979126,1.1444182395935059,0
4,314,0.264872282743454,1.137661337852478,0
4,315,0.3839278519153595,0.874830961227417,0
4,316,0.6162128448486328,1.0768431425094604,0
4,317,0.45102521777153015,0.9640609622001648,0
4,318,0.3767024278640747,1.0223488807678223,0
4,319,0.4093049168586731,1.0236281156539917,0
4,320,0.35946497321128845,1.0792659521102905,0
4,321,1.034318208694458,0.5367444157600403,0
4,322,0.3914487361907959,1.1005338430404663,0
4,323,0.32475972175598145,1.1653836965560913,0
4,324,0.2936316728591919,1.0078613758087158,0
4,325,0.5461351871490479,1.0631966590881348,0
4,326,0.6130039691925049,1.1665855646133423,0
4,327,0.28300073742866516,1.0591402053833008,0
4,328,0.2971041798591614,1.0623575448989868,0
4,329,0.8265042304992676,0.7809317111968994,0
4,330,0.5250476598739624,1.1597063541412354,0
4,331,0.7573411464691162,1.0671416521072388,0
4,332,0.5840721726417542,1.114702582359314,0
4,333,0.5192545652389526,0.9597564935684204,0
4,334,0.3221665620803833,0.9831345081329346,0
4,335,0.7560750246047974,1.0230708122253418,0
4,336,0.8436026573181152,1.21099853515625,0
4,337,0.7027841806411743,1.1095802783966064,0
4,338,2.0090293884277344,0.8058602213859558,0
4,339,0.5112684369087219,1.0864262580871582,0
4,340,0.16327549517154694,1.084169626235962,0
4,341,0.2782193720340729,1.1248059272766113,0
4,342,1.3362518548965454,1.1699262857437134,0
4,343,0.3655693233013153,1.0724024772644043,0
4,344,0.2491973638534546,1.119734287261963,0
4,345,0.32921069860458374,1.0388526916503906,0
4,346,0.4166874289512634,1.0060721635818481,0
4,347,0.3826833665370941,1.0919772386550903,0
4,348,1.1097822189331055,0.8495393395423889,0
4,349,0.29896754026412964,1.0820198059082031,0
4,350,0.40151309967041016,0.8428804278373718,0
4,351,0.5693738460540771,0.9880079627037048,0
4,352,0.35460013151168823,1.110156774520874,0
4,353,0.7470909357070923,0.9662062525749207,0
4,354,0.3249615430831909,0.9885703325271606,0
4,355,0.5409010052680969,0.935708224773407,0
4,356,1.018930435180664,1.0639803409576416,0
4,357,0.38499629497528076,1.17678701877594,0
4,358,0.41062891483306885,1.0734487771987915,0
4,359,10.447157859802246,0.5034785866737366,0
4,360,0.43244579434394836,1.0054820775985718,0
4,361,0.3535397946834564,1.0320650339126587,0
4,362,0.460010826587677,1.037797451019287,0
4,363,0.8544691801071167,1.1309629678726196,0
4,364,0.566348671913147,1.0542210340499878,0
4,365,0.4967695474624634,0.9197686910629272,0
4,366,0.4384065866470337,0.998548686504364,0
4,367,0.33876848220825195,0.9560055136680603,0
4,368,0.2734594941139221,1.08249831199646,0
4,369,0.9530887603759766,1.0452196598052979,0
4,370,0.4512895941734314,0.9753513336181641,0
4,371,0.38550466299057007,0.982008695602417,0
4,372,0.7175449132919312,0.9461397528648376,0
4,373,0.5576984286308289,1.0783568620681763,0
4,374,0.4576779007911682,0.8793820738792419,0
4,375,0.2616402506828308,1.1367592811584473,0
4,376,0.44455215334892273,1.1111282110214233,0
4,377,0.20062626898288727,1.057761549949646,0
4,378,0.27160269021987915,0.9673723578453064,0
4,379,0.33894509077072144,1.0457797050476074,0
4,380,0.2708445191383362,1.0116392374038696,0
4,381,0.5785928964614868,1.1002936363220215,0
4,382,0.5537610650062561,1.0897133350372314,0
4,383,1.0260488986968994,1.0529491901397705,0
4,384,0.5169714093208313,0.9874022603034973,0
4,385,1.4003568887710571,0.2672298848628998,0
4,386,0.2820848226547241,1.0494564771652222,0
4,387,0.1562037467956543,1.0821261405944824,0
4,388,1.3240931034088135,1.1206392049789429,0
4,389,0.5420929193496704,1.0682892799377441,0
4,390,0.5629391670227051,0.8933257460594177,0
4,391,0.6586469411849976,0.8852646946907043,0
4,392,0.5397045612335205,1.056379795074463,0
4,393,0.6607093811035156,0.9507282972335815,0
4,394,0.5131791830062866,1.10856032371521,0
4,395,0.3558928370475769,0.9525843858718872,0
4,396,0.37072455883026123,1.0207687616348267,0
4,397,0.6006351709365845,1.0754427909851074,0
4,398,0.45945441722869873,1.0780380964279175,0
4,399,2.553731918334961,1.017755150794983,0
4,400,0.530429482460022,0.8892969489097595,0
4,401,0.3551971912384033,1.0543385744094849,0
4,402,0.42948371171951294,1.1796281337738037,0
4,403,0.4171797037124634,1.0942991971969604,0
4,404,0.340498149394989,1.1005734205245972,0
4,405,0.6375486850738525,0.9926229119300842,0
4,406,0.32281267642974854,0.9936105012893677,0
4,407,0.9881154298782349,1.0681917667388916,0
4,408,0.5991265773773193,1.154395341873169,0
4,409,0.2648572623729706,1.0163564682006836,0
4,410,0.4685029089450836,0.9661222696304321,0
4,411,2.3921353816986084,0.3354932963848114,0
4,412,0.4466194212436676,1.1780844926834106,0
4,413,0.24083168804645538,1.0791127681732178,0
4,414,0.5559303760528564,1.1069976091384888,0
4,415,0.36139577627182007,1.1526298522949219,0
4,416,0.5280792713165283,1.0327653884887695,0
4,417,0.5355329513549805,1.0191336870193481,0
4,418,0.19768795371055603,1.0573766231536865,0
4,419,0.2758624255657196,0.9758616089820862,0
4,420,0.3701099753379822,1.0390132665634155,0
4,421,0.4234822392463684,0.9733062982559204,0
4,422,0.4915608763694763,0.8767150044441223,0
4,423,0.491059809923172,1.0457121133804321,0
4,424,0.3657042980194092,1.129833698272705,0
4,425,0.5750524997711182,1.024010419845581,0
4,426,0.37172308564186096,1.0539565086364746,0
4,427,0.3257741332054138,0.9126598834991455,0
4,428,0.2195984125137329,1.2938648462295532,0
4,429,1.1050853729248047,0.9655575752258301,0
4,430,0.38352060317993164,0.9138540625572205,0
4,431,0.48858311772346497,1.1853388547897339,0
4,432,0.24075627326965332,1.0959473848342896,0
4,433,0.6254128217697144,1.0772178173065186,0
4,434,0.41916847229003906,1.009702205657959,0
4,435,0.24390605092048645,0.9911953210830688,0
4,436,0.4328651428222656,1.1570683717727661,0
4,437,0.43821191787719727,0.9576177597045898,0
4,438,0.5056819915771484,1.0879493951797485,0
4,439,0.6201289892196655,1.0629544258117676,0
4,440,0.46873390674591064,0.7890135645866394,0
4,441,1.2722935676574707,0.9543575048446655,0
4,442,0.5395747423171997,0.8637015223503113,0
4,443,0.40785858035087585,1.0781337022781372,0
4,444,0.437507688999176,1.0154175758361816,0
4,445,0.45011916756629944,0.9444586634635925,0
4,446,0.29480117559432983,1.0760670900344849,0
4,447,0.623389720916748,0.9293985962867737,0
4,448,0.45018261671066284,1.0443007946014404,0
4,449,0.3927454948425293,1.0005768537521362,0
4,450,0.3088511824607849,1.1003588438034058,0
4,451,0.42902764678001404,1.0550655126571655,0
4,452,0.5071767568588257,1.2011617422103882,0
4,453,0.24371235072612762,0.998907744884491,0
4,454,0.3972696363925934,1.140771508216858,0
4,455,0.44614192843437195,0.799608051776886,0
4,456,0.47931969165802,1.1177444458007812,0
4,457,0.6012800931930542,0.8905096054077148,0
4,458,0.45649635791778564,1.113309621810913,0
4,459,0.328299880027771,1.074567437171936,0
4,460,2.0435736179351807,0.9189191460609436,0
4,461,0.34283268451690674,1.1547117233276367,0
4,462,0.45399191975593567,0.9202215671539307,0
4,463,0.6890835165977478,1.0766496658325195,0
4,464,0.5130535364151001,1.0860602855682373,0
4,465,0.5838356018066406,1.1011544466018677,0
4,466,0.4612423777580261,0.9588227868080139,0
4,467,0.3780473470687866,1.0058008432388306,0
4,468,8.121435165405273,1.1070746183395386,0
4,469,0.3379894495010376,1.131018042564392,0
4,470,0.27675294876098633,0.9757325649261475,0
4,471,0.4446409046649933,1.0044598579406738,0
4,472,0.35160213708877563,1.1553583145141602,0
4,473,0.5502912402153015,0.9970208406448364,0
4,474,0.3634597659111023,1.0585507154464722,0
4,475,0.5341774225234985,1.1765989065170288,0
4,476,0.5937031507492065,0.9670562148094177,0
4,477,0.5495742559432983,0.9555026292800903,0
4,478,0.888654351234436,1.0662413835525513,0
4,479,0.915878176689148,1.147897481918335,0
4,480,1.4220948219299316,1.082210659980774,0
4,481,0.728143572807312,0.9711506962776184,0
4,482,0.3715662360191345,0.881309449672699,0
4,483,0.7562645077705383,1.0614806413650513,0
4,484,0.6249505281448364,1.1763508319854736,0
4,485,0.3583775460720062,0.9758439064025879,0
4,486,0.4446507394313812,1.0125670433044434,0
4,487,0.33538833260536194,1.1009745597839355,0
4,488,0.8536121845245361,1.0241050720214844,0
4,489,0.34880420565605164,1.0513916015625,0
4,490,0.5943690538406372,1.1830596923828125,0
4,491,0.29501959681510925,0.9683722257614136,0
4,492,0.4596366882324219,1.0118422508239746,0
4,493,0.9877269864082336,0.9942137598991394,0
4,494,0.3576296865940094,1.079155445098877,0
4,495,0.18784530460834503,0.9896438121795654,0
4,496,0.5673741102218628,0.9709168076515198,0
4,497,0.6176730990409851,0.900062620639801,0
4,498,0.4481247067451477,1.1157903671264648,0
4,499,0.35731208324432373,1.0835890769958496,0
4,500,0.4004094898700714,1.1533238887786865,0
4,501,0.2912184000015259,1.0725774765014648,0
4,502,1.4309124946594238,1.042159914970398,0
4,503,0.6564981341362,1.0602999925613403,0
4,504,0.2811030447483063,0.885662317276001,0
4,505,0.6100426316261292,1.0214930772781372,0
4,506,0.5708014965057373,1.0061941146850586,0
4,507,0.2937900722026825,1.0282466411590576,0
4,508,0.3452413082122803,1.07630455493927,0
4,509,0.5499662160873413,1.1504504680633545,0
4,510,0.3684479296207428,1.1286423206329346,0
4,511,0.8194776177406311,1.102342128753662,0
5,0,1.2479333877563477,1.1908257007598877,0
5,1,0.6864129900932312,1.2155787944793701,0
5,2,0.7333904504776001,1.1293648481369019,0
5,3,0.34233522415161133,1.203253149986267,0
5,4,0.2827354669570923,1.2000612020492554,0
5,5,0.4607631266117096,1.1164031028747559,0
5,6,0.864414632320404,1.2970664501190186,0
5,7,1.583450436592102,1.131508469581604,0
5,8,2.7587051391601562,1.116252064704895,0
5,9,0.2487710416316986,1.2396317720413208,0
5,10,0.553749680519104,1.216831088066101,0
5,11,1.1031768321990967,1.1556860208511353,0
5,12,0.5401979684829712,1.1487687826156616,0
5,13,1.5726072788238525,1.1168856620788574,0
5,14,0.8977982401847839,1.1858515739440918,0
5,15,1.3595629930496216,1.1529074907302856,0
5,16,0.3567083179950714,1.1847364902496338,0
5,17,0.5943716168403625,1.145216703414917,0
5,18,1.1370279788970947,1.0849395990371704,0
5,19,1.8277243375778198,1.3118880987167358,0
5,20,0.48316049575805664,1.0382897853851318,0
5,21,0.6523118615150452,1.1352030038833618,0
5,22,0.238302081823349,1.107422113418579,0
5,23,0.295921266078949,1.2975484132766724,0
5,24,0.9085191488265991,1.2033209800720215,0
5,25,0.9267008304595947,1.047534465789795,0
5,26,1.023415446281433,1.220178484916687,0
5,27,0.721501886844635,1.2679376602172852,0
5,28,1.538773536682129,1.1252020597457886,0
5,29,0.6500687599182129,1.2492061853408813,0
5,30,0.39434489607810974,1.0617549419403076,0
5,31,0.7249929308891296,1.1553430557250977,0
5,32,0.7760263681411743,1.163219928741455,0
5,33,0.6073050498962402,1.1474170684814453,0
5,34,0.3252567648887634,1.2323287725448608,0
5,35,0.3295387327671051,1.2261794805526733,0
5,36,0.5237855911254883,1.1127647161483765,0
5,37,2.9227378368377686,1.2656641006469727,0
5,38,0.6134194135665894,1.1110166311264038,0
5,39,0.5769827961921692,1.1974986791610718,0
5,40,1.0756199359893799,1.2412387132644653,0
5,41,1.2710551023483276,1.2161811590194702,0
5,42,1.2037404775619507,1.2648065090179443,0
5,43,0.4122275114059448,1.0606281757354736,0
5,44,0.5587999820709229,1.1897603273391724,0
5,45,1.0368629693984985,1.2267647981643677,0
5,46,1.248765468597412,1.0580329895019531,0
5,47,2.315096855163574,1.0999042987823486,0
5,48,0.623331606388092,1.0788674354553223,0
5,49,0.41682443022727966,1.0578182935714722,0
5,50,0.39555585384368896,1.1644480228424072,0
5,51,2.4083251953125,1.1953792572021484,0
5,52,0.503743052482605,1.1799155473709106,0
5,53,0.4416176974773407,1.1602725982666016,0
5,54,0.39401158690452576,1.2019990682601929,0
5,55,0.7186731100082397,1.2179746627807617,0
5,56,0.45884785056114197,1.1926050186157227,0
5,57,0.5349727272987366,1.1334731578826904,0
5,58,1.7923521995544434,1.2271525859832764,0
5,59,1.2520376443862915,1.1642906665802002,0
5,60,0.39449113607406616,1.2247223854064941,0
5,61,0.21685999631881714,1.3273380994796753,0
5,62,0.6845178604125977,1.2096338272094727,0
5,63,1.1675983667373657,1.274609088897705,0
5,64,0.3315885066986084,1.174504280090332,0
5,65,0.8034964799880981,1.2138231992721558,0
5,66,0.3957443833351135,1.1598531007766724,0
5,67,1.0637060403823853,1.1474097967147827,0
5,68,0.610023021697998,1.2472141981124878,0
5,69,0.6381323933601379,1.096362829208374,0
5,70,0.3424283564090729,1.3243858814239502,0
5,71,0.7886362075805664,1.2967911958694458,0
5,72,0.6508445739746094,1.2665923833847046,0
5,73,0.4641416668891907,1.022995114326477,0
5,74,0.36623701453208923,1.145376205444336,0
5,75,1.026545524597168,1.1829732656478882,0
5,76,1.3757843971252441,1.2176576852798462,0
5,77,0.5555860996246338,1.219124436378479,0
5,78,2.088643789291382,1.233105182647705,0
5,79,1.746598720550537,1.2291723489761353,0
5,80,0.3760170042514801,1.1991971731185913,0
5,81,1.3511608839035034,1.2128663063049316,0
5,82,0.4682985842227936,1.1392697095870972,0
5,83,0.4325639009475708,1.220371127128601,0
5,84,1.4140770435333252,1.2213032245635986,0
5,85,1.1336913108825684,1.2335008382797241,0
5,86,0.3836601972579956,1.1222368478775024,0
5,87,0.4378146231174469,1.1337109804153442,0
5,88,0.5352205634117126,1.2916545867919922,0
5,89,0.4974396824836731,1.1582188606262207,0
5,90,1.5909123420715332,1.1359754800796509,0
5,91,0.7868640422821045,1.2153769731521606,0
5,92,0.4179854393005371,1.2726547718048096,0
5,93,0.5307795405387878,1.1385074853897095,0
5,94,1.8260242938995361,1.121675729751587,0
5,95,0.5051589608192444,1.1853748559951782,0
5,96,0.3136008679866791,1.21969473361969,0
5,97,0.5200614929199219,1.2160568237304688,0
5,98,0.7688641548156738,1.2055224180221558,0
5,99,0.947661280632019,1.1970592737197876,0
5,100,0.32938799262046814,1.2071653604507446,0
5,101,1.1420552730560303,1.0627295970916748,0
5,102,0.6749988794326782,1.1305588483810425,0
5,103,0.48138055205345154,1.1908844709396362,0
5,104,0.9376784563064575,1.2509640455245972,0
5,105,0.9472156167030334,1.0667434930801392,0
5,106,8.765556335449219,0.7072290182113647,0
5,107,0.43108004331588745,1.231503963470459,0
5,108,0.38572263717651367,1.2608964443206787,0
5,109,0.7215944528579712,1.1646021604537964,0
5,110,0.7768279910087585,1.2056514024734497,0
5,111,0.679280161857605,1.2334914207458496,0
5,112,0.5432328581809998,1.2932504415512085,0
5,113,0.8986399173736572,1.236180305480957,0
5,114,1.3703105449676514,1.150968074798584,0
5,115,0.7855924367904663,1.1122757196426392,0
5,116,1.1457569599151611,1.2489657402038574,0
5,117,0.43024736642837524,1.2088042497634888,0
5,118,0.5990511178970337,1.2457053661346436,0
5,119,0.9161729216575623,1.2190616130828857,0
5,120,0.5751068592071533,1.2125825881958008,0
5,121,0.5758248567581177,1.1494131088256836,0
5,122,1.8528515100479126,1.056264877319336,0
5,123,0.6203973293304443,1.1128814220428467,0
5,124,0.8911306858062744,1.1517618894577026,0
5,125,0.6070946455001831,1.217237114906311,0
5,126,1.676234245300293,1.0822100639343262,0
5,127,0.5824432969093323,1.2998071908950806,0
5,128,0.7758898735046387,1.2775088548660278,0
5,129,0.9211285710334778,1.070060133934021,0
5,130,0.8449894189834595,1.1844176054000854,0
5,131,1.0779796838760376,1.218366026878357,0
5,132,2.0619630813598633,1.0884356498718262,0
5,133,0.36948734521865845,1.2497309446334839,0
5,134,1.6254920959472656,1.1861101388931274,0
5,135,0.29151451587677,1.350853443145752,0
5,136,0.2841145992279053,1.169533610343933,0
5,137,1.5619667768478394,1.1887853145599365,0
5,138,1.6564507484436035,1.1470919847488403,0
5,139,0.8233109712600708,1.0900596380233765,0
5,140,1.654228925704956,1.2126716375350952,0
5,141,0.2405124008655548,1.1490659713745117,0
5,142,1.526332139968872,1.119771957397461,0
5,143,1.7398700714111328,1.1501775979995728,0
5,144,0.7289504408836365,1.1804418563842773,0
5,145,1.7788692712783813,1.1611007452011108,0
5,146,0.3673516511917114,1.343712568283081,0
5,147,1.1539394855499268,1.263286828994751,0
5,148,0.5571019649505615,1.1822516918182373,0
5,149,1.4173275232315063,1.0687885284423828,0
5,150,0.7759723663330078,1.223425030708313,0
5,151,0.28639650344848633,1.2567418813705444,0
5,152,0.5118243098258972,1.3221598863601685,0
5,153,0.3093712031841278,1.303851842880249,0
5,154,0.8627550601959229,1.160825490951538,0
5,155,1.4738447666168213,1.2851338386535645,0
5,156,0.7689847946166992,1.1592590808868408,0
5,157,0.45683228969573975,1.224416732788086,0
5,158,1.7738405466079712,1.1177985668182373,0
5,159,2.6797127723693848,0.7812281847000122,0
5,160,0.4595171809196472,1.1674622297286987,0
5,161,0.5422834157943726,1.2032896280288696,0
5,162,1.7074159383773804,1.200355887413025,0
5,163,2.5907537937164307,1.1642628908157349,0
5,164,0.7848087549209595,1.2273036241531372,0
5,165,1.7709944248199463,1.0685542821884155,0
5,166,0.4764394760131836,1.1650688648223877,0
5,167,0.4732336103916168,1.1944013833999634,0
5,168,0.7288347482681274,1.3244740962982178,0
5,169,0.7033777236938477,1.2440298795700073,0
5,170,0.45051145553588867,1.1070419549942017,0
5,171,0.30242764949798584,1.3171920776367188,0
5,172,0.46187055110931396,1.248294472694397,0
5,173,0.6311546564102173,1.1747291088104248,0
5,174,1.1094188690185547,1.3254445791244507,0
5,175,0.8176820278167725,1.2152721881866455,0
5,176,0.3413231074810028,1.1733300685882568,0
5,177,0.5757420063018799,1.1846840381622314,0
5,178,0.3650608956813812,1.2046558856964111,0
5,179,0.4260958433151245,1.2670979499816895,0
5,180,0.6035646200180054,1.1760737895965576,0
5,181,0.9924008250236511,1.236413598060608,0
5,182,0.44368237257003784,1.1310977935791016,0
5,183,0.630499005317688,1.0904474258422852,0
5,184,0.31329500675201416,1.2152117490768433,0
5,185,1.6844327449798584,1.210029125213623,0
5,186,1.199780821800232,1.1619751453399658,0
5,187,0.7003029584884644,1.2758960723876953,0
5,188,0.9784135818481445,1.1664707660675049,0
5,189,0.3244902491569519,1.1708998680114746,0
5,190,0.3890026807785034,1.2692378759384155,0
5,191,0.2440086007118225,1.220263123512268,0
5,192,0.4701807498931885,1.1345044374465942,0
5,193,1.2719838619232178,1.3044838905334473,0
5,194,0.389565646648407,1.2357025146484375,0
5,195,0.2865140736103058,1.1845825910568237,0
5,196,0.6857900619506836,1.248515248298645,0
5,197,0.6343648433685303,1.215268611907959,0
5,198,0.8533642292022705,1.2047643661499023,0
5,199,1.4777562618255615,1.184471845626831,0
5,200,0.7824724316596985,1.158644437789917,0
5,201,0.4692075252532959,1.2671877145767212,0
5,202,2.1652886867523193,1.2412954568862915,0
5,203,1.1576308012008667,1.1605117321014404,0
5,204,0.5519813299179077,1.146371603012085,0
5,205,1.1393300294876099,0.8453513979911804,0
5,206,0.9259638786315918,0.9269148707389832,0
5,207,35.92371368408203,0.38975560665130615,1
5,208,1.8999426364898682,1.0114632844924927,0
5,209,0.6798035502433777,1.2091124057769775,0
5,210,0.5327849984169006,1.1828070878982544,0
5,211,2.165239095687866,1.1942683458328247,0
5,212,2.1190853118896484,1.1254968643188477,0
5,213,1.2658584117889404,1.1595044136047363,0
5,214,0.500656008720398,1.1653279066085815,0
5,215,0.8834929466247559,1.180495262145996,0
5,216,0.34430816769599915,1.059666395187378,0
5,217,0.5433419942855835,1.1283172369003296,0
5,218,4.32099723815918,1.22156822681427,0
5,219,0.6893527507781982,1.2318754196166992,0
5,220,0.416583776473999,1.0988328456878662,0
5,221,22.948593139648438,1.80692458152771,0
5,222,1.0536108016967773,1.213075876235962,0
5,223,0.5175527334213257,1.0663098096847534,0
5,224,1.2412339448928833,1.074468731880188,0
5,225,0.9962693452835083,1.1553547382354736,0
5,226,0.9894000887870789,1.1787567138671875,0
5,227,0.41692978143692017,1.1679154634475708,0
5,228,0.31794506311416626,1.2576704025268555,0
5,229,0.6525771021842957,1.1532930135726929,0
5,230,0.3124237656593323,1.060551404953003,0
5,231,0.1886601746082306,1.0679984092712402,0
5,232,0.8910707831382751,1.2300586700439453,0
5,233,1.5140366554260254,1.2104380130767822,0
5,234,0.5377393960952759,1.1282520294189453,0
5,235,0.445026159286499,1.2628823518753052,0
5,236,0.42242521047592163,1.2952574491500854,0
5,237,0.28687334060668945,1.174131155014038,0
5,238,0.341184139251709,1.285598874092102,0
5,239,0.9626954793930054,1.2139276266098022,0
5,240,0.8430734872817993,1.1184667348861694,0
5,241,1.4604127407073975,1.1302143335342407,0
5,242,0.2717955708503723,1.1934610605239868,0
5,243,1.3675198554992676,1.1189186573028564,0
5,244,0.4599859416484833,1.1815208196640015,0
5,245,0.3501783311367035,1.1446304321289062,0
5,246,0.4608187675476074,1.192492127418518,0
5,247,1.1977367401123047,1.2216136455535889,0
5,248,1.3884809017181396,1.1832480430603027,0
5,249,1.09611976146698,1.2244055271148682,0
5,250,0.713294267654419,1.1901787519454956,0
5,251,1.2556742429733276,1.3431209325790405,0
5,252,5.766477584838867,0.9633874893188477,0
5,253,0.6250336170196533,1.2342146635055542,0
5,254,1.0460565090179443,1.2285670042037964,0
5,255,1.1073209047317505,1.1166412830352783,0
5,256,0.9003674387931824,1.0805729627609253,0
5,257,0.45995181798934937,1.230793833732605,0
5,258,0.5778116583824158,1.2044388055801392,0
5,259,1.5653859376907349,1.2143930196762085,0
5,260,1.518498182296753,1.189818024635315,0
5,261,0.3588526248931885,1.1318843364715576,0
5,262,0.47827425599098206,1.2627612352371216,0
5,263,0.4788873791694641,1.1691675186157227,0
5,264,0.39783549308776855,1.3082889318466187,0
5,265,0.4454788863658905,1.2185821533203125,0
5,266,1.0303170680999756,1.226140022277832,0
5,267,0.5372185111045837,1.1958869695663452,0
5,268,1.6627044677734375,1.1331632137298584,0
5,269,0.21784910559654236,1.228021502494812,0
5,270,1.272485613822937,1.1473757028579712,0
5,271,0.23094138503074646,1.2663042545318604,0
5,272,0.45810484886169434,1.2327967882156372,0
5,273,0.4075426459312439,1.294385313987732,0
5,274,0.6048151254653931,1.2783385515213013,0
5,275,0.46297863125801086,1.1005513668060303,0
5,276,2.4806289672851562,1.0980678796768188,0
5,277,0.5782381892204285,1.3409982919692993,0
5,278,0.45199257135391235,1.0334689617156982,0
5,279,0.368231862783432,1.2063480615615845,0
5,280,2.148449659347534,1.1994460821151733,0
5,281,0.42264917492866516,1.2083301544189453,0
5,282,0.6389129757881165,1.1680411100387573,0
5,283,1.2775955200195312,1.2006419897079468,0
5,284,0.8708289861679077,1.1560734510421753,0
5,285,0.7668788433074951,1.0749812126159668,0
5,286,0.8658329844474792,1.2659541368484497,0
5,287,0.6871809959411621,1.3418787717819214,0
5,288,0.6427407264709473,1.3180320262908936,0
5,289,0.24694916605949402,1.1963036060333252,0
5,290,0.36569923162460327,1.2496329545974731,0
5,291,0.4757665991783142,1.1618404388427734,0
5,292,0.5790501832962036,1.1483299732208252,0
5,293,1.174167513847351,1.199307918548584,0
5,294,0.8982205986976624,1.2691854238510132,0
5,295,0.7065038681030273,1.156558632850647,0
5,296,2.5595831871032715,1.2327481508255005,0
5,297,3.848419666290283,1.1329599618911743,0
5,298,0.21010878682136536,1.2756319046020508,0
5,299,1.2799091339111328,1.1060272455215454,0
5,300,0.8172184228897095,1.1903985738754272,0
5,301,0.42353886365890503,1.0532331466674805,0
5,302,1.0466583967208862,1.1430000066757202,0
5,303,0.4630727469921112,1.0556081533432007,0
5,304,0.2949579656124115,1.164412498474121,0
5,305,0.5624572038650513,1.2876505851745605,0
5,306,0.8505317568778992,1.120194911956787,0
5,307,0.4014831483364105,1.18287992477417,0
5,308,11.977432250976562,0.7318001985549927,0
5,309,0.3827252984046936,1.175270438194275,0
5,310,0.7995871901512146,1.1531214714050293,0
5,311,1.1333646774291992,1.2555439472198486,0
5,312,1.2649321556091309,1.1716622114181519,0
5,313,0.9916488528251648,1.2990190982818604,0
5,314,0.7308979034423828,1.2866334915161133,0
5,315,0.45971786975860596,1.109235167503357,0
5,316,1.267314076423645,1.228334665298462,0
5,317,2.0180723667144775,1.0635987520217896,0
5,318,0.4152757227420807,1.0774214267730713,0
5,319,0.5341737270355225,1.214597225189209,0
5,320,0.46123912930488586,1.2196916341781616,0
5,321,2.48036527633667,0.689602792263031,0
5,322,0.3876805901527405,1.2112438678741455,0
5,323,0.27143439650535583,1.290810465812683,0
5,324,0.9090039134025574,1.1599656343460083,0
5,325,0.5064889192581177,1.2489259243011475,0
5,326,0.9145901799201965,1.3069897890090942,0
5,327,0.3118377923965454,1.1812530755996704,0
5,328,0.4857502281665802,1.183111310005188,0
5,329,0.7013927698135376,1.0308899879455566,0
5,330,1.742448329925537,1.2549474239349365,0
5,331,1.2342420816421509,1.2549678087234497,0
5,332,2.275308847427368,1.2130358219146729,0
5,333,1.1529581546783447,1.1379414796829224,0
5,334,0.6987329721450806,1.1188526153564453,0
5,335,1.3634120225906372,1.1499508619308472,0
5,336,1.1217761039733887,1.3168683052062988,0
5,337,0.4746035933494568,1.1477913856506348,0
5,338,2.6208128929138184,1.0116088390350342,0
5,339,0.8140945434570312,1.255386233329773,0
5,340,0.3815142512321472,1.2587804794311523,0
5,341,0.583382248878479,1.2645189762115479,0
5,342,2.1138510704040527,1.1904047727584839,0
5,343,0.46225565671920776,1.1714253425598145,0
5,344,0.2571641206741333,1.1671456098556519,0
5,345,0.4630436897277832,1.2436004877090454,0
5,346,0.8258017897605896,1.222575306892395,0
5,347,0.4288853406906128,1.2186428308486938,0
5,348,1.7165765762329102,1.0652039051055908,0
5,349,0.6050817966461182,1.297299861907959,0
5,350,0.5615702867507935,1.0900565385818481,0
5,351,0.7665392756462097,1.1357027292251587,0
5,352,0.2541610598564148,1.2299376726150513,0
5,353,0.7180231809616089,1.1159895658493042,0
5,354,0.3850531280040741,1.1924546957015991,0
5,355,0.7373755574226379,1.0726450681686401,0
5,356,1.7945406436920166,1.1816719770431519,0
5,357,0.6707231998443604,1.2952444553375244,0
5,358,2.2032318115234375,1.0683680772781372,0
5,359,12.009809494018555,0.7960577011108398,0
5,360,1.177107810974121,1.1128312349319458,0
5,361,1.0729893445968628,1.2159243822097778,0
5,362,0.5034396052360535,1.2430046796798706,0
5,363,1.779044508934021,1.1570111513137817,0
5,364,0.6064589023590088,1.1282685995101929,0
5,365,0.47973889112472534,1.0384305715560913,0
5,366,0.5471383333206177,1.0950089693069458,0
5,367,0.24156299233436584,1.0662482976913452,0
5,368,0.6685095429420471,1.2617546319961548,0
5,369,2.372763156890869,1.1692042350769043,0
5,370,1.3461425304412842,1.098439335823059,0
5,371,0.35856252908706665,1.1827374696731567,0
5,372,1.4868873357772827,1.1302095651626587,0
5,373,0.49508076906204224,1.2046825885772705,0
5,374,1.0199368000030518,1.0363397598266602,0
5,375,0.7200746536254883,1.2161942720413208,0
5,376,0.5428853034973145,1.2589308023452759,0
5,377,0.2950019836425781,1.1087253093719482,0
5,378,0.21594414114952087,1.1277573108673096,0
5,379,0.27802473306655884,1.1809321641921997,0
5,380,0.6681303977966309,1.1015995740890503,0
5,381,0.7463240027427673,1.2260756492614746,0
5,382,0.37997981905937195,1.2161904573440552,0
5,383,1.404343843460083,1.2059829235076904,0
5,384,1.2509162425994873,1.1829943656921387,0
5,385,2.161071300506592,0.47318217158317566,0
5,386,0.6118486523628235,1.177946925163269,0
5,387,0.3226950764656067,1.2356548309326172,0
5,388,2.4119110107421875,1.2686142921447754,0
5,389,1.6678707599639893,1.2228707075119019,0
5,390,0.4736097455024719,1.0621626377105713,0
5,391,1.0587787628173828,0.9875746965408325,0
5,392,0.5257439017295837,1.1511650085449219,0
5,393,0.8769407272338867,1.134199857711792,0
5,394,0.5139563679695129,1.215074896812439,0
5,395,0.37025654315948486,1.0867877006530762,0
5,396,0.3846692442893982,1.126699447631836,0
5,397,1.2438528537750244,1.1926054954528809,0
5,398,0.5379633903503418,1.2696598768234253,0
5,399,7.52802038192749,1.137831449508667,0
5,400,1.3295799493789673,1.0511407852172852,0
5,401,0.3376081585884094,1.2317609786987305,0
5,402,0.4561215043067932,1.234446406364441,0
5,403,1.7609715461730957,1.1730931997299194,0
5,404,0.5430763959884644,1.2395176887512207,0
5,405,0.8169431686401367,1.1670281887054443,0
5,406,0.5236746668815613,1.0720183849334717,0
5,407,2.1325879096984863,1.1581628322601318,0
5,408,0.8259927034378052,1.2217165231704712,0
5,409,0.6425344944000244,1.2272318601608276,0
5,410,0.686845064163208,1.1189289093017578,0
5,411,1.7679741382598877,0.4390871226787567,0
5,412,0.4687625467777252,1.3305288553237915,0
5,413,0.2997274696826935,1.201631784439087,0
5,414,0.818385899066925,1.290353536605835,0
5,415,0.30469563603401184,1.2565076351165771,0
5,416,0.8629999160766602,1.1881130933761597,0
5,417,1.2182724475860596,1.1379655599594116,0
5,418,0.5317575931549072,1.2135093212127686,0
5,419,0.6228742599487305,1.1193946599960327,0
5,420,0.6663406491279602,1.2056771516799927,0
5,421,0.563232958316803,1.1525429487228394,0
5,422,1.5784574747085571,1.1069183349609375,0
5,423,0.47860610485076904,1.2317895889282227,0
5,424,1.8653111457824707,1.1736077070236206,0
5,425,0.6634496450424194,1.1732815504074097,0
5,426,1.1692216396331787,1.203049898147583,0
5,427,0.6733865141868591,1.1581275463104248,0
5,428,1.6634535789489746,1.352203130722046,0
5,429,1.217961072921753,1.181211233139038,0
5,430,0.5806451439857483,1.0997165441513062,0
5,431,0.5880446434020996,1.3064557313919067,0
5,432,0.2348230630159378,1.164846658706665,0
5,433,0.8374656438827515,1.1719303131103516,0
5,434,0.5929046869277954,1.1216679811477661,0
5,435,0.38881412148475647,1.1804344654083252,0
5,436,0.7943074703216553,1.3098981380462646,0
5,437,1.0883320569992065,1.0908207893371582,0
5,438,0.41988682746887207,1.1470293998718262,0
5,439,0.9257225394248962,1.2409427165985107,0
5,440,0.9158538579940796,0.9339532256126404,0
5,441,2.2238528728485107,1.0810143947601318,0
5,442,0.6825708150863647,1.0190036296844482,0
5,443,0.4986168146133423,1.191861629486084,0
5,444,0.5079001188278198,1.1076314449310303,0
5,445,0.7248039245605469,1.1399211883544922,0
5,446,0.6686391234397888,1.1330596208572388,0
5,447,0.7668015360832214,1.1048136949539185,0
5,448,0.5488998293876648,1.1688368320465088,0
5,449,0.9947522282600403,1.2038930654525757,0
5,450,0.39419639110565186,1.3030352592468262,0
5,451,0.44078728556632996,1.192577838897705,0
5,452,0.43692582845687866,1.2870519161224365,0
5,453,0.5867164134979248,1.1873918771743774,0
5,454,0.3813247084617615,1.2414377927780151,0
5,455,0.539225697517395,0.9805939197540283,0
5,456,0.47313737869262695,1.2521967887878418,0
5,457,1.0495340824127197,1.057820200920105,0
5,458,1.74169921875,1.2243170738220215,0
5,459,0.32589030265808105,1.188967227935791,0
5,460,1.9882433414459229,0.9602674841880798,0
5,461,0.4995083212852478,1.2053083181381226,0
5,462,0.35012656450271606,1.1600358486175537,0
5,463,0.8221007585525513,1.1934678554534912,0
5,464,0.3352828025817871,1.1505969762802124,0
5,465,0.5320823192596436,1.2417267560958862,0
5,466,0.6109007000923157,1.1592419147491455,0
5,467,0.43222618103027344,1.1603655815124512,0
5,468,10.577627182006836,1.1486214399337769,0
5,469,1.0309028625488281,1.3704344034194946,0
5,470,0.457161009311676,1.0977178812026978,0
5,471,0.42954230308532715,1.118485689163208,0
5,472,0.31375354528427124,1.2875089645385742,0
5,473,1.1333425045013428,1.2018617391586304,0
5,474,0.31760966777801514,1.2803199291229248,0
5,475,0.9260798096656799,1.2743430137634277,0
5,476,1.1287888288497925,1.0822025537490845,0
5,477,0.8365440368652344,1.099618911743164,0
5,478,1.5325028896331787,1.1981045007705688,0
5,479,1.5636757612228394,1.3263484239578247,0
5,480,2.0358498096466064,1.275040626525879,0
5,481,0.7871241569519043,1.1293416023254395,0
5,482,0.6543306708335876,0.9535402059555054,0
5,483,0.5073784589767456,1.2132408618927002,0
5,484,1.3935996294021606,1.2482492923736572,0
5,485,0.6149681210517883,1.093102216720581,0
5,486,0.33205169439315796,1.1360703706741333,0
5,487,0.4431585669517517,1.24152410030365,0
5,488,2.1493465900421143,1.2069045305252075,0
5,489,0.43916791677474976,1.217164397239685,0
5,490,0.3871566653251648,1.2175252437591553,0
5,491,0.7610275745391846,1.091375470161438,0
5,492,0.5614739060401917,1.1300102472305298,0
5,493,2.9298369884490967,1.1286529302597046,0
5,494,0.438270628452301,1.2166234254837036,0
5,495,0.29243049025535583,1.106033205986023,0
5,496,0.5142124891281128,1.1252564191818237,0
5,497,1.3907511234283447,1.0587810277938843,0
5,498,0.7231662273406982,1.2319941520690918,0
5,499,0.5272606015205383,1.1478335857391357,0
5,500,0.4066327214241028,1.2463634014129639,0
5,501,0.41167259216308594,1.1478402614593506,0
5,502,4.200111389160156,1.13490891456604,0
5,503,1.4305410385131836,1.1910125017166138,0
5,504,0.6217548847198486,1.080155611038208,0
5,505,0.6853986978530884,1.1500474214553833,0
5,506,1.0103377103805542,1.1917388439178467,0
5,507,0.3020961284637451,1.1495966911315918,0
5,508,0.38543662428855896,1.1920242309570312,0
5,509,0.5290523767471313,1.2572845220565796,0
5,510,0.46316277980804443,1.2711148262023926,0
5,511,1.3605027198791504,1.167205572128296,0
6,0,2.070406198501587,1.2837718725204468,0
6,1,1.7595572471618652,1.2302186489105225,0
6,2,0.9993911981582642,1.265754222869873,0
6,3,0.4322238564491272,1.287240743637085,0
6,4,1.4084482192993164,1.2837436199188232,0
6,5,0.23562739789485931,1.2227153778076172,0
6,6,1.8870320320129395,1.2858151197433472,0
6,7,1.2065428495407104,1.2900123596191406,0
6,8,4.180994987487793,1.2556109428405762,0
6,9,0.37223178148269653,1.3033967018127441,0
6,10,1.803926944732666,1.2643004655838013,0
6,11,1.982420802116394,1.2274810075759888,0
6,12,0.9107211828231812,1.3064602613449097,0
6,13,2.5704143047332764,1.2824023962020874,0
6,14,0.6081982851028442,1.2805055379867554,0
6,15,1.6546632051467896,1.219295859336853,0
6,16,0.4216803014278412,1.3838911056518555,0
6,17,1.4032776355743408,1.2765896320343018,0
6,18,1.512018084526062,1.2928858995437622,0
6,19,3.3007254600524902,1.3414920568466187,0
6,20,2.204692840576172,1.2748708724975586,0
6,21,0.8595992922782898,1.1976313591003418,0
6,22,1.4779987335205078,1.2345843315124512,0
6,23,0.44779443740844727,1.2732335329055786,0
6,24,1.7557556629180908,1.254691243171692,0
6,25,2.418032646179199,1.2659255266189575,0
6,26,1.0387922525405884,1.227701187133789,0
6,27,2.389432668685913,1.2871804237365723,0
6,28,2.5366382598876953,1.2307865619659424,0
6,29,0.6536789536476135,1.3041398525238037,0
6,30,3.8500585556030273,1.1963114738464355,0
6,31,3.039245128631592,1.2406924962997437,0
6,32,0.3416338562965393,1.1563918590545654,0
6,33,2.18023681640625,1.248491883277893,0
6,34,0.40944916009902954,1.3193641901016235,0
6,35,0.5108659863471985,1.340498447418213,0
6,36,0.7484866380691528,1.2710082530975342,0
6,37,8.41228199005127,1.115828275680542,0
6,38,1.1823346614837646,1.1654396057128906,0
6,39,0.6308126449584961,1.249302625656128,0
6,40,1.5211398601531982,1.3176255226135254,0
6,41,1.0349061489105225,1.233792781829834,0
6,42,2.0677034854888916,1.218626618385315,0
6,43,0.7248735427856445,1.2414355278015137,0
6,44,0.3382973372936249,1.27216374874115,0
6,45,1.8635923862457275,1.1925110816955566,0
6,46,2.413229465484619,1.2170289754867554,0
6,47,1.9868991374969482,1.2058809995651245,0
6,48,0.6849761009216309,1.2228357791900635,0
6,49,0.9368623495101929,1.276481032371521,0
6,50,2.730401039123535,1.183849573135376,0
6,51,0.9238250255584717,1.194172739982605,0
6,52,0.43662649393081665,1.3030853271484375,0
6,53,0.2811407446861267,1.26169753074646,0
6,54,0.9283514618873596,1.2790054082870483,0
6,55,1.8014073371887207,1.2429255247116089,0
6,56,0.28958719968795776,1.2912768125534058,0
6,57,2.239417314529419,1.2076553106307983,0
6,58,4.6394853591918945,1.23768150806427,0
6,59,1.9957246780395508,1.2842260599136353,0
6,60,0.9653592705726624,1.3557082414627075,0
6,61,0.8881509304046631,1.2691378593444824,0
6,62,0.3424437642097473,1.3161283731460571,0
6,63,1.6963095664978027,1.237625241279602,0
6,64,0.6125165224075317,1.2570314407348633,0
6,65,0.8139215707778931,1.2851709127426147,0
6,66,0.23075807094573975,1.3292087316513062,0
6,67,2.1967275142669678,1.2914611101150513,0
6,68,0.5789060592651367,1.3255813121795654,0
6,69,1.508103609085083,1.253879427909851,0
6,70,0.6350570917129517,1.2914998531341553,0
6,71,1.1191728115081787,1.3213022947311401,0
6,72,0.31722554564476013,1.3140497207641602,0
6,73,2.3719089031219482,1.1651027202606201,0
6,74,0.38644564151763916,1.2164469957351685,0
6,75,0.9272603392601013,1.2728782892227173,0
6,76,1.4533417224884033,1.2602365016937256,0
6,77,0.696265697479248,1.2939547300338745,0
6,78,2.22894287109375,1.239617109298706,0
6,79,2.611039161682129,1.1121476888656616,0
6,80,0.5821062326431274,1.2695965766906738,0
6,81,6.296442031860352,1.1251929998397827,0
6,82,0.9907026886940002,1.1714558601379395,0
6,83,0.5949493646621704,1.3144804239273071,0
6,84,1.4035708904266357,1.2683690786361694,0
6,85,0.47735846042633057,1.2833389043807983,0
6,86,1.6155204772949219,1.113633155822754,0
6,87,1.4796710014343262,1.3302204608917236,0
6,88,0.9966545104980469,1.293350338935852,0
6,89,0.4510049819946289,1.1928049325942993,0
6,90,5.259397506713867,1.1468074321746826,0
6,91,0.8192261457443237,1.285534143447876,0
6,92,0.6761519908905029,1.3600823879241943,0
6,93,0.4993661642074585,1.2707247734069824,0
6,94,17.24364471435547,0.9455659985542297,0
6,95,0.8007373809814453,1.2594841718673706,0
6,96,0.8594213128089905,1.310957670211792,0
6,97,1.0723156929016113,1.247071385383606,0
6,98,0.6357280015945435,1.329524278640747,0
6,99,2.2368974685668945,1.1978850364685059,0
6,100,1.2503890991210938,1.3093268871307373,0
6,101,2.5924909114837646,1.2301409244537354,0
6,102,0.7750486731529236,1.1711448431015015,0
6,103,0.5859332084655762,1.2624350786209106,0
6,104,1.4076457023620605,1.2108066082000732,0
6,105,1.9892646074295044,1.2726285457611084,0
6,106,53.41075134277344,0.7282201647758484,0
6,107,0.4677945375442505,1.2967356443405151,0
6,108,1.9957184791564941,1.3071720600128174,0
6,109,1.3039158582687378,1.3518569469451904,0
6,110,0.5229452848434448,1.136373519897461,0
6,111,0.6108955144882202,1.2520358562469482,0
6,112,1.1602530479431152,1.3243931531906128,0
6,113,1.3024646043777466,1.3175259828567505,0
6,114,4.529613494873047,1.1482266187667847,0
6,115,3.6236233711242676,1.1662371158599854,0
6,116,0.6478869318962097,1.2163035869598389,0
6,117,0.8395089507102966,1.2830663919448853,0
6,118,1.6892114877700806,1.3315505981445312,0
6,119,0.9926828145980835,1.2523272037506104,0
6,120,5.066884517669678,1.0873252153396606,0
6,121,0.4418950378894806,1.2424322366714478,0
6,122,0.43145424127578735,1.1205788850784302,0
6,123,1.6779851913452148,1.2927517890930176,0
6,124,0.9189368486404419,1.2337340116500854,0
6,125,1.5370053052902222,1.2903069257736206,0
6,126,1.3040707111358643,1.189072847366333,0
6,127,1.260464072227478,1.287811040878296,0
6,128,0.5912790894508362,1.2946410179138184,0
6,129,2.1208553314208984,1.2116843461990356,0
6,130,1.5470609664916992,1.3630620241165161,0
6,131,0.3903313875198364,1.2851648330688477,0
6,132,2.1525795459747314,1.329077124595642,0
6,133,1.1999852657318115,1.230329990386963,0
6,134,1.1529779434204102,1.2934410572052002,0
6,135,1.3509039878845215,1.3510948419570923,0
6,136,0.3916170299053192,1.2370244264602661,0
6,137,1.647607684135437,1.2991149425506592,0
6,138,2.8137288093566895,1.2645189762115479,0
6,139,1.6604582071304321,1.2826286554336548,0
6,140,5.495078086853027,1.1412898302078247,0
6,141,1.2988035678863525,1.2700544595718384,0
6,142,1.9452259540557861,1.288578987121582,0
6,143,1.087815523147583,1.2102516889572144,0
6,144,0.9747492074966431,1.328796625137329,0
6,145,1.5795402526855469,1.2586363554000854,0
6,146,0.36576664447784424,1.3668891191482544,0
6,147,0.3463078439235687,1.2633154392242432,0
6,148,0.3453664779663086,1.314727544784546,0
6,149,4.010066509246826,1.187703251838684,0
6,150,2.208630323410034,1.2210643291473389,0
6,151,1.609795093536377,1.3059558868408203,0
6,152,0.1931760013103485,1.2906032800674438,0
6,153,1.367946982383728,1.2759052515029907,0
6,154,2.3858494758605957,1.3079252243041992,0
6,155,3.694570541381836,1.2877366542816162,0
6,156,0.9325096607208252,1.305282711982727,0
6,157,2.4202351570129395,1.2198725938796997,0
6,158,17.04375457763672,0.9931536316871643,0
6,159,2.1528708934783936,1.1401115655899048,0
6,160,0.8692965507507324,1.277162790298462,0
6,161,0.3463907837867737,1.3278062343597412,0
6,162,2.6359264850616455,1.266313076019287,0
6,163,12.983917236328125,1.0484521389007568,0
6,164,0.6150088906288147,1.2737746238708496,0
6,165,1.5496182441711426,1.301415205001831,0
6,166,0.7312214970588684,1.3441715240478516,0
6,167,0.5037038922309875,1.2576806545257568,0
6,168,0.2620452046394348,1.3133913278579712,0
6,169,0.5962226986885071,1.2976101636886597,0
6,170,1.0915651321411133,1.2612333297729492,0
6,171,0.6515839695930481,1.3022019863128662,0
6,172,2.203026294708252,1.2579431533813477,0
6,173,0.5820252299308777,1.2501410245895386,0
6,174,1.719934344291687,1.2766366004943848,0
6,175,3.101081132888794,1.3121538162231445,0
6,176,0.3054248094558716,1.2809603214263916,0
6,177,0.4517703056335449,1.2543975114822388,0
6,178,0.42301198840141296,1.3135102987289429,0
6,179,2.029778480529785,1.3034427165985107,0
6,180,1.41719388961792,1.2572553157806396,0
6,181,1.2890608310699463,1.2556010484695435,0
6,182,1.7442193031311035,1.2201941013336182,0
6,183,1.962857961654663,1.2777609825134277,0
6,184,0.21965216100215912,1.3222808837890625,0
6,185,0.704620361328125,1.216286540031433,0
6,186,0.5464427471160889,1.2878069877624512,0
6,187,0.9282712936401367,1.2584503889083862,0
6,188,0.3439432680606842,1.2029707431793213,0
6,189,2.0159378051757812,1.1889469623565674,0
6,190,1.0172138214111328,1.2395230531692505,0
6,191,0.36364248394966125,1.2795038223266602,0
6,192,0.22316277027130127,1.294572114944458,0
6,193,3.3265864849090576,1.327998161315918,0
6,194,0.4904794692993164,1.2551956176757812,0
6,195,1.3431340456008911,1.2691129446029663,0
6,196,1.9119797945022583,1.3257417678833008,0
6,197,0.6532477140426636,1.263279676437378,0
6,198,1.7877296209335327,1.2453720569610596,0
6,199,0.722038745880127,1.2373793125152588,0
6,200,0.7868624925613403,1.242440938949585,0
6,201,1.5083167552947998,1.3084410429000854,0
6,202,24.76297950744629,0.9610798358917236,0
6,203,2.2908101081848145,1.262483835220337,0
6,204,1.4565180540084839,1.322796106338501,0
6,205,4.898571968078613,0.7945956587791443,0
6,206,1.1725878715515137,1.0992071628570557,0
6,207,244.3207550048828,0.6914713382720947,1
6,208,5.715122699737549,0.7766476273536682,0
6,209,1.6126238107681274,1.2740075588226318,0
6,210,1.0955708026885986,1.2618911266326904,0
6,211,13.143534660339355,1.0200601816177368,0
6,212,4.356070518493652,1.0631953477859497,0
6,213,2.0517807006835938,1.2527661323547363,0
6,214,0.8657354116439819,1.2359247207641602,0
6,215,2.3430073261260986,1.334489107131958,0
6,216,2.936946153640747,1.165236473083496,0
6,217,1.9234850406646729,1.3043359518051147,0
6,218,73.924560546875,0.8412036299705505,0
6,219,0.4478902816772461,1.295454978942871,0
6,220,3.503621816635132,1.1455870866775513,0
6,221,22.614295959472656,1.2802397012710571,0
6,222,0.3087327480316162,1.265881061553955,0
6,223,2.5694823265075684,1.2168655395507812,0
6,224,0.6497493982315063,1.2313039302825928,0
6,225,4.292680740356445,1.1684162616729736,0
6,226,2.276773452758789,1.331865668296814,0
6,227,1.0153021812438965,1.2744524478912354,0
6,228,0.9837700128555298,1.2933624982833862,0
6,229,0.4260753393173218,1.1860897541046143,0
6,230,2.0968451499938965,1.1618391275405884,0
6,231,1.3476336002349854,1.2464507818222046,0
6,232,0.4367368519306183,1.3609195947647095,0
6,233,1.5351054668426514,1.2673118114471436,0
6,234,1.5177243947982788,1.2606161832809448,0
6,235,0.9499198198318481,1.2765157222747803,0
6,236,0.7149029970169067,1.337780237197876,0
6,237,1.0192468166351318,1.3271896839141846,0
6,238,0.814987063407898,1.2365972995758057,0
6,239,0.8583472967147827,1.2920756340026855,0
6,240,0.5770583152770996,1.2745325565338135,0
6,241,2.786513566970825,1.230944037437439,0
6,242,1.4142212867736816,1.273033857345581,0
6,243,1.7207822799682617,1.1844905614852905,0
6,244,0.616375207901001,1.3148932456970215,0
6,245,1.0207617282867432,1.1177419424057007,0
6,246,0.27721571922302246,1.2515166997909546,0
6,247,2.321678638458252,1.2605996131896973,0
6,248,3.205975294113159,1.2352656126022339,0
6,249,0.8745965361595154,1.3040155172348022,0
6,250,2.7097184658050537,1.1996253728866577,0
6,251,2.4027581214904785,1.2767928838729858,0
6,252,108.02119445800781,0.6569098830223083,0
6,253,1.0377395153045654,1.2425472736358643,0
6,254,3.328430652618408,1.1358188390731812,0
6,255,1.8599923849105835,1.2364931106567383,0
6,256,1.3510169982910156,1.330606460571289,0
6,257,0.4946337044239044,1.2888647317886353,0
6,258,0.6945570111274719,1.324363350868225,0
6,259,2.2782227993011475,1.2467601299285889,0
6,260,1.8640936613082886,1.2774131298065186,0
6,261,0.5032409429550171,1.3708994388580322,0
6,262,1.4392808675765991,1.2405704259872437,0
6,263,0.4715760350227356,1.300025224685669,0
6,264,0.7798276543617249,1.3453373908996582,0
6,265,0.34904971718788147,1.1969594955444336,0
6,266,0.4728419780731201,1.2507879734039307,0
6,267,1.7474448680877686,1.1958351135253906,0
6,268,4.469094276428223,1.231581211090088,0
6,269,0.3421712815761566,1.1900306940078735,0
6,270,1.0595194101333618,1.2545720338821411,0
6,271,0.5174384117126465,1.3038344383239746,0
6,272,0.7075023651123047,1.3245973587036133,0
6,273,1.514404058456421,1.3224941492080688,0
6,274,0.6869263648986816,1.3486876487731934,0
6,275,0.7773810625076294,1.2525421380996704,0
6,276,10.392839431762695,1.111229419708252,0
6,277,0.28524473309516907,1.3132737874984741,0
6,278,1.8089494705200195,1.29110848903656,0
6,279,0.857601523399353,1.3140642642974854,0
6,280,3.3035387992858887,1.291771411895752,0
6,281,2.3649919033050537,1.2344764471054077,0
6,282,1.1536531448364258,1.2887544631958008,0
6,283,2.5687828063964844,1.2654575109481812,0
6,284,2.7993342876434326,1.3059238195419312,0
6,285,0.526434600353241,1.2776668071746826,0
6,286,2.8687477111816406,1.2874473333358765,0
6,287,2.0258028507232666,1.2807002067565918,0
6,288,0.6671402454376221,1.303626537322998,0
6,289,0.6741241216659546,1.3325132131576538,0
6,290,0.39658287167549133,1.2783664464950562,0
6,291,1.0461440086364746,1.1841424703598022,0
6,292,0.41397643089294434,1.2964617013931274,0
6,293,2.115138053894043,1.2670910358428955,0
6,294,1.9875929355621338,1.2625075578689575,0
6,295,2.1062374114990234,1.29836106300354,0
6,296,27.902179718017578,0.8743217587471008,0
6,297,4.9055705070495605,1.192754864692688,0
6,298,0.3619011640548706,1.2935141324996948,0
6,299,2.47078013420105,1.285552740097046,0
6,300,1.552046298980713,1.3045660257339478,0
6,301,0.66592937707901,1.1791226863861084,0
6,302,1.5103598833084106,1.2545695304870605,0
6,303,1.8948485851287842,1.2221744060516357,0
6,304,1.880967378616333,1.2520538568496704,0
6,305,0.3091459274291992,1.296273112297058,0
6,306,0.43490517139434814,1.1593519449234009,0
6,307,1.1400796175003052,1.273855447769165,0
6,308,125.18450927734375,0.6485796570777893,0
6,309,0.6242339015007019,1.269300103187561,0
6,310,1.1973187923431396,1.3492543697357178,0
6,311,2.087501287460327,1.1269659996032715,0
6,312,2.383068561553955,1.2584168910980225,0
6,313,1.7627842426300049,1.2578483819961548,0
6,314,2.0436220169067383,1.3288424015045166,0
6,315,0.36617276072502136,1.2788423299789429,0
6,316,1.4963061809539795,1.3508878946304321,0
6,317,3.493037700653076,1.251826286315918,0
6,318,1.8786319494247437,1.2969889640808105,0
6,319,0.9146596789360046,1.3525738716125488,0
6,320,1.228200078010559,1.2404698133468628,0
6,321,10.332574844360352,0.9505069851875305,0
6,322,0.7282623052597046,1.294535756111145,0
6,323,1.3009098768234253,1.3108839988708496,0
6,324,1.0660905838012695,1.2948939800262451,0
6,325,0.6857514977455139,1.3008087873458862,0
6,326,0.6095378994941711,1.30464506149292,0
6,327,1.2581619024276733,1.2897435426712036,0
6,328,0.5151745080947876,1.2849503755569458,0
6,329,2.334446907043457,1.226468563079834,0
6,330,5.040856838226318,1.2799426317214966,0
6,331,2.30387806892395,1.2521002292633057,0
6,332,2.8706228733062744,1.2887672185897827,0
6,333,1.0759646892547607,1.2575771808624268,0
6,334,1.706478238105774,1.2450776100158691,0
6,335,1.7700104713439941,1.209989070892334,0
6,336,3.6070070266723633,1.1493661403656006,0
6,337,0.6643580794334412,1.117906928062439,0
6,338,3.7695631980895996,1.342414140701294,0
6,339,1.302087664604187,1.3223686218261719,0
6,340,0.8146224617958069,1.3292758464813232,0
6,341,0.8443388938903809,1.324549674987793,0
6,342,2.7003793716430664,1.2205493450164795,0
6,343,0.7924901247024536,1.2915552854537964,0
6,344,0.356686532497406,1.230918288230896,0
6,345,1.0387972593307495,1.3754479885101318,0
6,346,0.6917740106582642,1.3201149702072144,0
6,347,1.0698720216751099,1.3169770240783691,0
6,348,1.0855158567428589,1.204721450805664,0
6,349,0.9892029762268066,1.3787343502044678,0
6,350,4.086864471435547,1.2565405368804932,0
6,351,0.7584172487258911,1.3091650009155273,0
6,352,0.32232528924942017,1.309747338294983,0
6,353,0.9181037545204163,1.1885534524917603,0
6,354,1.8289650678634644,1.2752187252044678,0
6,355,1.3191072940826416,1.224051833152771,0
6,356,2.448122501373291,1.263784646987915,0
6,357,1.7532312870025635,1.2800754308700562,0
6,358,7.604580879211426,1.0230311155319214,0
6,359,77.49623107910156,0.7681979537010193,0
6,360,1.8799998760223389,1.222266674041748,0
6,361,2.4624645709991455,1.265959620475769,0
6,362,0.6385027170181274,1.3035953044891357,0
6,363,5.346124649047852,1.1726073026657104,0
6,364,0.48724034428596497,1.2259812355041504,0
6,365,0.6724976301193237,1.2661830186843872,0
6,366,1.3604830503463745,1.2368645668029785,0
6,367,1.2578043937683105,1.2823697328567505,0
6,368,0.44791731238365173,1.3255456686019897,0
6,369,4.738061904907227,1.2551695108413696,0
6,370,2.008253574371338,1.225574016571045,0
6,371,0.3785352110862732,1.2992453575134277,0
6,372,1.9812368154525757,1.2468189001083374,0
6,373,2.058335065841675,1.2886464595794678,0
6,374,1.6460431814193726,1.2416115999221802,0
6,375,1.1298577785491943,1.2936707735061646,0
6,376,1.7684235572814941,1.303273320198059,0
6,377,0.40769368410110474,1.2314690351486206,0
6,378,2.574876070022583,1.2450549602508545,0
6,379,0.9837992191314697,1.264110803604126,0
6,380,0.4214637875556946,1.1360361576080322,0
6,381,1.486809253692627,1.3087797164916992,0
6,382,1.266903281211853,1.2642332315444946,0
6,383,3.893399715423584,1.2084907293319702,0
6,384,1.5490541458129883,1.2387545108795166,0
6,385,12.4552640914917,1.0699794292449951,0
6,386,1.5661568641662598,1.3138504028320312,0
6,387,0.544005274772644,1.3849619626998901,0
6,388,2.4451045989990234,1.2783387899398804,0
6,389,2.8170886039733887,1.2992842197418213,0
6,390,0.5310948491096497,1.2707951068878174,0
6,391,1.3228399753570557,0.9969841837882996,0
6,392,2.600365161895752,1.2551337480545044,0
6,393,1.1388089656829834,1.3298954963684082,0
6,394,0.5500491261482239,1.305963397026062,0
6,395,0.5453190207481384,1.2531540393829346,0
6,396,1.1603049039840698,1.2453560829162598,0
6,397,2.582343101501465,1.3069119453430176,0
6,398,0.48596715927124023,1.3176602125167847,0
6,399,144.36968994140625,0.6993632316589355,0
6,400,1.3075053691864014,1.2871437072753906,0
6,401,1.6986185312271118,1.2575591802597046,0
6,402,0.30440443754196167,1.266557216644287,0
6,403,2.9379353523254395,1.2120708227157593,0
6,404,0.5875245928764343,1.3316773176193237,0
6,405,0.5131017565727234,1.228394627571106,0
6,406,1.2292735576629639,1.2334169149398804,0
6,407,20.47451400756836,0.8831664323806763,0
6,408,2.1314098834991455,1.3046832084655762,0
6,409,0.4217856824398041,1.2563937902450562,0
6,410,2.2382307052612305,1.2940837144851685,0
6,411,3.5346686840057373,1.0481168031692505,0
6,412,0.9809860587120056,1.2589002847671509,0
6,413,2.307117462158203,1.2862539291381836,0
6,414,0.5069749355316162,1.3131153583526611,0
6,415,0.4872654676437378,1.286991000175476,0
6,416,0.3234962821006775,1.2873804569244385,0
6,417,0.4117773175239563,1.1624090671539307,0
6,418,2.8455007076263428,1.188212275505066,0
6,419,0.5801635980606079,1.1658138036727905,0
6,420,0.4289954602718353,1.312312126159668,0
6,421,1.4461320638656616,1.22819983959198,0
6,422,3.378669023513794,1.2074919939041138,0
6,423,1.8455051183700562,1.2426425218582153,0
6,424,3.8793206214904785,1.1521344184875488,0
6,425,1.1255449056625366,1.1811096668243408,0
6,426,0.47669631242752075,1.3297055959701538,0
6,427,1.1402369737625122,1.3060590028762817,0
6,428,0.24924121797084808,1.2632883787155151,0
6,429,0.9299333095550537,1.2355135679244995,0
6,430,1.8474400043487549,1.2341411113739014,0
6,431,0.6065235137939453,1.3061164617538452,0
6,432,0.28580939769744873,1.266618013381958,0
6,433,3.211540699005127,1.2848856449127197,0
6,434,1.4374550580978394,1.2592910528182983,0
6,435,0.919133186340332,1.3237872123718262,0
6,436,0.43709245324134827,1.271451473236084,0
6,437,0.3858230710029602,1.2300481796264648,0
6,438,1.4446327686309814,1.2117329835891724,0
6,439,0.9986112713813782,1.334908366203308,0
6,440,4.840970039367676,1.0918649435043335,0
6,441,27.189706802368164,0.9694138765335083,0
6,442,1.7642902135849,1.260838508605957,0
6,443,0.6779308319091797,1.2322967052459717,0
6,444,1.8055062294006348,1.134684443473816,0
6,445,1.2446918487548828,1.265457034111023,0
6,446,1.8063753843307495,1.3031715154647827,0
6,447,0.6303178071975708,1.2324355840682983,0
6,448,1.190840721130371,1.2958667278289795,0
6,449,0.8811962604522705,1.3608418703079224,0
6,450,0.41707277297973633,1.322546124458313,0
6,451,1.809936285018921,1.3362436294555664,0
6,452,1.1408028602600098,1.2664895057678223,0
6,453,1.0578638315200806,1.275831937789917,0
6,454,0.9387982487678528,1.2812379598617554,0
6,455,0.6202895641326904,1.223515510559082,0
6,456,0.7453110814094543,1.3461552858352661,0
6,457,0.2388351559638977,1.25894296169281,0
6,458,2.1583220958709717,1.3015011548995972,0
6,459,1.252270221710205,1.249640703201294,0
6,460,5.422503471374512,1.0354164838790894,0
6,461,0.41640982031822205,1.2591089010238647,0
6,462,1.3369652032852173,1.2366443872451782,0
6,463,0.955498993396759,1.3108445405960083,0
6,464,1.7118860483169556,1.2222495079040527,0
6,465,1.2515547275543213,1.238199234008789,0
6,466,1.3027539253234863,1.2826651334762573,0
6,467,0.3915521800518036,1.3056775331497192,0
6,468,74.74984741210938,0.8078541159629822,0
6,469,2.658932685852051,1.3038907051086426,0
6,470,0.3547975420951843,1.2567124366760254,0
6,471,0.7931010127067566,1.330596685409546,0
6,472,0.3577544689178467,1.2738187313079834,0
6,473,0.4206550121307373,1.3065407276153564,0
6,474,0.551857590675354,1.3101030588150024,0
6,475,1.6731467247009277,1.3084590435028076,0
6,476,6.370543479919434,1.0093578100204468,0
6,477,0.7004252672195435,1.1841199398040771,0
6,478,1.8859398365020752,1.2740710973739624,0
6,479,1.6045595407485962,1.2461508512496948,0
6,480,1.1335184574127197,1.3263205289840698,0
6,481,0.209074929356575,1.304465889930725,0
6,482,2.6222238540649414,1.2325506210327148,0
6,483,1.3118994235992432,1.2569786310195923,0
6,484,1.4741250276565552,1.3150978088378906,0
6,485,2.3495068550109863,1.1997913122177124,0
6,486,1.0040740966796875,1.2429677248001099,0
6,487,0.8944733738899231,1.265547513961792,0
6,488,0.6735360622406006,1.188201904296875,0
6,489,2.653303623199463,1.3541337251663208,0
6,490,1.0138607025146484,1.2676708698272705,0
6,491,0.6091672778129578,1.2207094430923462,0
6,492,0.7276755571365356,1.155738115310669,0
6,493,18.17937469482422,0.9183536767959595,0
6,494,3.990151882171631,1.2643585205078125,0
6,495,0.2717377543449402,1.3284629583358765,0
6,496,0.7370213270187378,1.2825795412063599,0
6,497,0.9496665000915527,1.2182780504226685,0
6,498,0.7275106310844421,1.2719333171844482,0
6,499,0.9075453281402588,1.3415719270706177,0
6,500,1.859264850616455,1.2466211318969727,0
6,501,0.2300877869129181,1.2785685062408447,0
6,502,24.345012664794922,1.0488786697387695,0
6,503,0.6951889991760254,1.2500540018081665,0
6,504,3.039764881134033,1.1954094171524048,0
6,505,1.2868115901947021,1.2464699745178223,0
6,506,0.4323474168777466,1.2417839765548706,0
6,507,1.185266137123108,1.32642662525177,0
6,508,0.4784635901451111,1.1938666105270386,0
6,509,0.49909645318984985,1.264193058013916,0
6,510,1.3424993753433228,1.3420295715332031,0
6,511,0.9300487041473389,1.332485318183899,0
7,0,1.604542851448059,1.1020246744155884,0
7,1,4.132231712341309,0.796896755695343,0
7,2,1.4176132678985596,0.9800379872322083,0
7,3,0.4805228114128113,1.0151970386505127,0
7,4,0.7575477361679077,1.0329296588897705,0
7,5,2.108285903930664,1.0951896905899048,0
7,6,2.4124245643615723,1.0089519023895264,0
7,7,1.8508015871047974,1.0386112928390503,0
7,8,7.4670491218566895,0.9644691348075867,0
7,9,1.4173756837844849,1.076130747795105,0
7,10,1.8161019086837769,1.009397029876709,0
7,11,1.008110761642456,0.9349269866943359,0
7,12,0.26583367586135864,1.1619236469268799,0
7,13,3.0333974361419678,1.042089581489563,0
7,14,1.7762892246246338,1.0310688018798828,0
7,15,0.7203807830810547,1.0100247859954834,0
7,16,0.7614011168479919,1.114942193031311,0
7,17,0.4320780038833618,1.065759301185608,0
7,18,3.4202659130096436,1.041854739189148,0
7,19,2.7610561847686768,1.0761430263519287,0
7,20,2.782278537750244,1.150002360343933,0
7,21,0.7531667947769165,0.9874398112297058,0
7,22,0.5729817152023315,1.0185490846633911,0
7,23,1.1541757583618164,1.0643444061279297,0
7,24,1.088339924812317,1.0598760843276978,0
7,25,1.252804160118103,0.9692570567131042,0
7,26,0.6165821552276611,1.050008773803711,0
7,27,2.0433108806610107,1.0156689882278442,0
7,28,3.858426809310913,1.0805963277816772,0
7,29,1.6645339727401733,1.0943602323532104,0
7,30,1.8661556243896484,0.8536585569381714,0
7,31,3.6817243099212646,1.0480021238327026,0
7,32,0.40540969371795654,1.0700381994247437,0
7,33,0.9195651412010193,1.0302711725234985,0
7,34,0.4536393880844116,1.0557243824005127,0
7,35,1.8455078601837158,1.102146029472351,0
7,36,2.0407564640045166,0.9806185960769653,0
7,37,5.621894359588623,1.077167272567749,0
7,38,0.6678471565246582,1.04213285446167,0
7,39,1.6305899620056152,1.038367748260498,0
7,40,1.6768698692321777,1.018750786781311,0
7,41,1.7172973155975342,1.1213988065719604,0
7,42,0.5163336396217346,1.0165168046951294,0
7,43,0.959158182144165,1.1084176301956177,0
7,44,0.3222186267375946,1.0970462560653687,0
7,45,2.6068484783172607,1.0879096984863281,0
7,46,2.5656991004943848,1.0146926641464233,0
7,47,1.025037407875061,1.1069860458374023,0
7,48,0.9925585985183716,0.7805953621864319,0
7,49,0.5257470607757568,0.9965932369232178,0
7,50,4.274386882781982,1.0963584184646606,0
7,51,2.0301918983459473,1.0474821329116821,0
7,52,0.8037064075469971,1.0537697076797485,0
7,53,0.3114205598831177,1.0190229415893555,0
7,54,1.2500090599060059,1.0994616746902466,0
7,55,2.9711716175079346,1.0778659582138062,0
7,56,1.421517252922058,1.1080883741378784,0
7,57,1.6754001379013062,0.9866469502449036,0
7,58,5.835785865783691,1.0661619901657104,0
7,59,1.5770848989486694,1.0950257778167725,0
7,60,3.3307905197143555,1.0915520191192627,0
7,61,0.9895626306533813,1.0376757383346558,0
7,62,0.9764878749847412,1.0801093578338623,0
7,63,0.43238282203674316,1.0557829141616821,0
7,64,2.711195468902588,0.9661301374435425,0
7,65,2.3126654624938965,1.0696953535079956,0
7,66,1.144352912902832,1.0959583520889282,0
7,67,1.8502229452133179,1.1071524620056152,0
7,68,0.545820415019989,1.063058614730835,0
7,69,4.114955902099609,1.0208395719528198,0
7,70,0.959470272064209,1.060397744178772,0
7,71,2.483365774154663,1.0993647575378418,0
7,72,0.49026161432266235,1.0916744470596313,0
7,73,2.961508274078369,1.0364537239074707,0
7,74,1.4472432136535645,1.1078519821166992,0
7,75,0.6571161150932312,1.0172173976898193,0
7,76,2.4596986770629883,0.9859482049942017,0
7,77,0.5916381478309631,1.073483943939209,0
7,78,5.2449822425842285,1.0727064609527588,0
7,79,1.436650037765503,0.8312366604804993,0
7,80,1.1286466121673584,1.0820872783660889,0
7,81,1.132673978805542,0.7487998604774475,0
7,82,1.8684436082839966,0.9742904901504517,0
7,83,1.2133851051330566,1.090792179107666,0
7,84,1.0350353717803955,1.01185142993927,0
7,85,0.9838340878486633,1.1968834400177002,0
7,86,0.6231933832168579,0.9688295125961304,0
7,87,1.8425085544586182,1.108181357383728,0
7,88,0.9045003056526184,1.084531307220459,0
7,89,1.8533885478973389,1.0077723264694214,0
7,90,2.7533600330352783,0.9803914427757263,0
7,91,2.8619494438171387,1.0612050294876099,0
7,92,1.018151879310608,1.1249008178710938,0
7,93,0.6573777198791504,1.0716062784194946,0
7,94,17.059551239013672,0.7110022902488708,0
7,95,0.5239845514297485,0.9955487847328186,0
7,96,0.4182226359844208,1.037980318069458,0
7,97,3.0806798934936523,1.126861333847046,0
7,98,2.15476131439209,1.063515067100525,0
7,99,5.884026527404785,1.0184097290039062,0
7,100,2.7414886951446533,1.1381635665893555,0
7,101,1.7629598379135132,0.8467205762863159,0
7,102,0.7641801834106445,1.0228265523910522,0
7,103,0.5432966351509094,1.0660659074783325,0
7,104,2.0525546073913574,1.0286483764648438,0
7,105,1.7930750846862793,1.0522630214691162,0
7,106,34.313907623291016,0.6900243163108826,0
7,107,0.4608455300331116,1.0508185625076294,0
7,108,4.307623386383057,1.0830683708190918,0
7,109,0.779456615447998,1.1144081354141235,0
7,110,0.39319175481796265,1.0733782052993774,0
7,111,1.0356546640396118,0.9973190426826477,0
7,112,2.3278861045837402,1.0606765747070312,0
7,113,1.968759536743164,1.1938213109970093,0
7,114,2.7337141036987305,1.0831471681594849,0
7,115,2.7991480827331543,0.9672391414642334,0
7,116,1.8849549293518066,1.0677117109298706,0
7,117,1.6391721963882446,1.1072152853012085,0
7,118,2.6889851093292236,1.0854178667068481,0
7,119,2.985304832458496,1.0994635820388794,0
7,120,0.5360995531082153,0.9678941965103149,0
7,121,1.115165114402771,1.091742992401123,0
7,122,1.1400642395019531,1.0105806589126587,0
7,123,2.6363296508789062,1.0693925619125366,0
7,124,1.2818807363510132,1.0040150880813599,0
7,125,0.6328898072242737,1.0536001920700073,0
7,126,0.2827489674091339,1.0087881088256836,0
7,127,0.32059288024902344,1.0329673290252686,0
7,128,0.3027748465538025,1.0629198551177979,0
7,129,1.3227927684783936,1.009264349937439,0
7,130,2.7521939277648926,1.1494957208633423,0
7,131,1.1009043455123901,1.0352022647857666,0
7,132,3.1800241470336914,1.064831256866455,0
7,133,0.46518996357917786,0.9952452182769775,0
7,134,4.0827131271362305,0.7620061635971069,0
7,135,2.296086549758911,1.1279594898223877,0
7,136,1.1473722457885742,0.9505186676979065,0
7,137,2.921131134033203,1.0826891660690308,0
7,138,0.41539114713668823,0.9823128581047058,0
7,139,0.5167588591575623,1.056528925895691,0
7,140,2.6949985027313232,0.9972121715545654,0
7,141,1.3946667909622192,1.0747212171554565,0
7,142,3.5545854568481445,1.1122604608535767,0
7,143,0.6649892926216125,1.0430196523666382,0
7,144,4.020341873168945,1.063461422920227,0
7,145,1.9398080110549927,0.9578952789306641,0
7,146,0.44973766803741455,1.0744519233703613,0
7,147,1.2527052164077759,1.0213285684585571,0
7,148,1.9172688722610474,1.0733325481414795,0
7,149,5.913766860961914,1.0269149541854858,0
7,150,0.3875483274459839,0.9898532629013062,0
7,151,3.422584056854248,1.0927960872650146,0
7,152,2.277228355407715,1.0639954805374146,0
7,153,0.5354449152946472,1.024317741394043,0
7,154,2.370234489440918,1.1510682106018066,0
7,155,6.0138840675354,1.0924545526504517,0
7,156,0.940818190574646,1.050412654876709,0
7,157,3.552051305770874,1.0181193351745605,0
7,158,10.288358688354492,0.9529757499694824,0
7,159,2.3776204586029053,1.0612037181854248,0
7,160,0.8603549003601074,1.0876621007919312,0
7,161,0.3370421528816223,1.0660943984985352,0
7,162,0.6514477729797363,1.00300931930542,0
7,163,9.00629711151123,1.0596232414245605,0
7,164,1.3834373950958252,0.9996492862701416,0
7,165,0.3310207724571228,1.0687555074691772,0
7,166,1.9028410911560059,1.1017788648605347,0
7,167,2.548720359802246,0.9705427885055542,0
7,168,1.819523572921753,1.0510960817337036,0
7,169,1.8422083854675293,1.125047206878662,0
7,170,1.2986187934875488,1.0137035846710205,0
7,171,0.4556894302368164,0.9661121368408203,0
7,172,0.976125955581665,0.9527148008346558,0
7,173,0.672762930393219,1.07283353805542,0
7,174,0.7147852182388306,1.085425615310669,0
7,175,4.246991157531738,1.0518790483474731,0
7,176,1.5561468601226807,1.0610650777816772,0
7,177,0.8576416969299316,1.074044108390808,0
7,178,3.2943108081817627,1.1077414751052856,0
7,179,4.903052806854248,1.095940113067627,0
7,180,3.525498151779175,0.9780279397964478,0
7,181,2.460017204284668,1.0525368452072144,0
7,182,3.8008551597595215,1.1410874128341675,0
7,183,2.0381107330322266,1.1541922092437744,0
7,184,0.5835328102111816,1.018888235092163,0
7,185,1.3706412315368652,1.0124688148498535,0
7,186,0.49358996748924255,1.0572495460510254,0
7,187,0.24575385451316833,1.0266135931015015,0
7,188,2.4216904640197754,1.0365607738494873,0
7,189,0.4110642671585083,0.9448429346084595,0
7,190,1.354851245880127,0.9988424181938171,0
7,191,1.9372601509094238,0.9956799149513245,0
7,192,0.4338434934616089,1.0870838165283203,0
7,193,3.5740585327148438,0.9987820386886597,0
7,194,0.680538535118103,1.0601832866668701,0
7,195,3.0101866722106934,1.0656518936157227,0
7,196,1.107171654701233,1.0888609886169434,0
7,197,3.0778048038482666,1.1567732095718384,0
7,198,0.34406420588493347,0.9741712212562561,0
7,199,0.4493609070777893,1.0771290063858032,0
7,200,1.577328085899353,0.9786289930343628,0
7,201,4.426409721374512,1.0683774948120117,0
7,202,13.621980667114258,0.6761323809623718,0
7,203,3.699138641357422,1.114725112915039,0
7,204,2.0871448516845703,1.1544733047485352,0
7,205,2.5026137828826904,0.6552569270133972,0
7,206,2.1522629261016846,0.9046308994293213,0
7,207,160.62643432617188,0.5395140051841736,1
7,208,1.0745835304260254,0.8830130696296692,0
7,209,1.4294869899749756,1.0295428037643433,0
7,210,0.6004337668418884,1.039488434791565,0
7,211,6.86113977432251,0.9974415302276611,0
7,212,2.6626687049865723,1.1500968933105469,0
7,213,3.0468878746032715,1.0758761167526245,0
7,214,0.47977983951568604,1.0338069200515747,0
7,215,2.8216309547424316,1.0112868547439575,0
7,216,2.2831006050109863,0.9800053238868713,0
7,217,3.0217456817626953,0.9794090390205383,0
7,218,37.90503692626953,0.9476511478424072,0
7,219,0.6042420864105225,1.0804861783981323,0
7,220,3.5678634643554688,1.0458035469055176,0
7,221,15.523458480834961,1.4807425737380981,0
7,222,0.4782509505748749,1.0144301652908325,0
7,223,3.603698968887329,0.9996026754379272,0
7,224,0.753115177154541,1.1153007745742798,0
7,225,5.621603012084961,0.9882247447967529,0
7,226,2.495048999786377,1.0699727535247803,0
7,227,3.284653425216675,1.0140560865402222,0
7,228,2.211249351501465,0.9866153001785278,0
7,229,0.6117520928382874,1.1107597351074219,0
7,230,0.3604500889778137,0.9621838331222534,0
7,231,0.8258524537086487,1.0941849946975708,0
7,232,2.7215332984924316,1.0606029033660889,0
7,233,1.8079822063446045,0.9671515226364136,0
7,234,0.827412486076355,1.0557734966278076,0
7,235,1.4523890018463135,1.0675408840179443,0
7,236,0.38160276412963867,1.0746179819107056,0
7,237,2.9515724182128906,1.0365846157073975,0
7,238,0.29502353072166443,1.025681495666504,0
7,239,1.5946158170700073,1.1287962198257446,0
7,240,0.725647509098053,0.9789776802062988,0
7,241,4.727984428405762,0.9896274209022522,0
7,242,0.904171884059906,1.0008628368377686,0
7,243,1.249506950378418,0.8151541948318481,0
7,244,1.6524369716644287,1.1024113893508911,0
7,245,0.2545245289802551,0.9743165373802185,0
7,246,1.4165371656417847,1.1295603513717651,0
7,247,0.7492712736129761,1.0291303396224976,0
7,248,5.419121742248535,0.8887990713119507,0
7,249,1.5036563873291016,1.0385445356369019,0
7,250,1.7078537940979004,0.6658770442008972,0
7,251,3.591383934020996,0.9699081182479858,0
7,252,51.83128356933594,0.9362735748291016,0
7,253,1.070992112159729,0.9836861491203308,0
7,254,6.167174339294434,1.0009455680847168,0
7,255,0.5642373561859131,1.0181041955947876,0
7,256,2.432431936264038,1.1558064222335815,0
7,257,2.5565600395202637,1.1064482927322388,0
7,258,0.5904834270477295,1.1666500568389893,0
7,259,1.1448935270309448,1.028602957725525,0
7,260,0.5343427062034607,0.918212890625,0
7,261,2.0823776721954346,1.16341233253479,0
7,262,1.757890224456787,1.0009853839874268,0
7,263,0.4018559455871582,1.0474023818969727,0
7,264,0.6791191697120667,1.0804747343063354,0
7,265,0.7267510890960693,1.0323231220245361,0
7,266,0.8861489295959473,1.0963035821914673,0
7,267,0.9212648272514343,0.7580362558364868,0
7,268,4.1385321617126465,1.0898107290267944,0
7,269,0.9130315184593201,1.0373377799987793,0
7,270,0.6529456377029419,1.0491060018539429,0
7,271,2.5159072875976562,1.0567660331726074,0
7,272,1.1716572046279907,1.0721757411956787,0
7,273,1.2475457191467285,1.0496644973754883,0
7,274,3.511707305908203,1.0481020212173462,0
7,275,0.4083189368247986,1.044358253479004,0
7,276,8.392441749572754,1.0574232339859009,0
7,277,1.4343757629394531,1.0640870332717896,0
7,278,1.8861726522445679,0.9432569742202759,0
7,279,0.487525075674057,1.026830792427063,0
7,280,4.393853187561035,1.152592658996582,0
7,281,1.4370754957199097,1.0199534893035889,0
7,282,2.3372745513916016,0.9829901456832886,0
7,283,3.7914814949035645,1.150551438331604,0
7,284,2.846147060394287,1.0956922769546509,0
7,285,0.9181309938430786,1.134390115737915,0
7,286,2.0430212020874023,1.141550064086914,0
7,287,4.412055015563965,1.0318787097930908,0
7,288,0.5201321840286255,1.0418386459350586,0
7,289,2.1019139289855957,1.0641694068908691,0
7,290,0.8602971434593201,1.0148392915725708,0
7,291,1.4833645820617676,1.0028464794158936,0
7,292,1.0529996156692505,1.0412249565124512,0
7,293,3.0710830688476562,1.0474638938903809,0
7,294,0.43866878747940063,1.0511348247528076,0
7,295,0.5615192651748657,1.0734083652496338,0
7,296,14.942302703857422,1.0285894870758057,0
7,297,5.322052478790283,1.0612022876739502,0
7,298,1.3385980129241943,1.043030023574829,0
7,299,4.476166248321533,1.1197642087936401,0
7,300,1.5524492263793945,1.069593906402588,0
7,301,1.3071813583374023,0.8526557087898254,0
7,302,0.9303410053253174,0.9935899972915649,0
7,303,2.2874808311462402,1.0266449451446533,0
7,304,2.630448341369629,1.0610389709472656,0
7,305,1.221318244934082,1.0442880392074585,0
7,306,2.181626319885254,0.9521305561065674,0
7,307,0.8842364549636841,1.1149964332580566,0
7,308,64.8011474609375,0.8799039721488953,0
7,309,0.48123592138290405,1.1544246673583984,0
7,310,0.4794890880584717,1.1666407585144043,0
7,311,4.096378326416016,0.9955124855041504,0
7,312,1.7569674253463745,1.0435981750488281,0
7,313,1.8848931789398193,1.0297470092773438,0
7,314,0.5336630344390869,1.0807806253433228,0
7,315,1.2585623264312744,1.0957235097885132,0
7,316,1.3062697649002075,1.0477265119552612,0
7,317,4.904654502868652,1.040689468383789,0
7,318,4.227293968200684,1.1272023916244507,0
7,319,1.061386227607727,1.1083287000656128,0
7,320,1.318997859954834,1.0986685752868652,0
7,321,4.768945217132568,0.816602349281311,0
7,322,2.3022634983062744,1.016331434249878,0
7,323,0.3382284343242645,1.0360361337661743,0
7,324,2.4061830043792725,1.114596962928772,0
7,325,0.4858807921409607,1.1226534843444824,0
7,326,3.0330870151519775,1.013898253440857,0
7,327,0.6867571473121643,1.0347715616226196,0
7,328,0.682251513004303,1.0834583044052124,0
7,329,2.431609630584717,1.0348293781280518,0
7,330,2.1231985092163086,0.9109557271003723,0
7,331,5.260664463043213,1.1179800033569336,0
7,332,3.568662166595459,1.0129597187042236,0
7,333,0.3515528738498688,1.0518150329589844,0
7,334,2.868358612060547,1.0324054956436157,0
7,335,2.6895313262939453,1.04831063747406,0
7,336,1.8344974517822266,1.0625771284103394,0
7,337,1.5711853504180908,1.0051188468933105,0
7,338,3.586900234222412,1.0462912321090698,0
7,339,2.2505247592926025,1.0058709383010864,0
7,340,2.5697884559631348,1.095731496810913,0
7,341,0.40765148401260376,1.1358635425567627,0
7,342,2.027742862701416,1.0929009914398193,0
7,343,0.7901190519332886,1.051823377609253,0
7,344,0.43508046865463257,1.0701005458831787,0
7,345,2.0365946292877197,1.0933431386947632,0
7,346,2.035226821899414,1.109654188156128,0
7,347,0.39759618043899536,1.1400525569915771,0
7,348,1.658703088760376,1.0014727115631104,0
7,349,3.3133151531219482,0.7875409126281738,0
7,350,3.4750618934631348,1.0440053939819336,0
7,351,3.0304903984069824,1.1148408651351929,0
7,352,0.4361557364463806,1.0667296648025513,0
7,353,5.330389976501465,0.6209185719490051,0
7,354,3.4749364852905273,1.055084228515625,0
7,355,0.40164074301719666,0.999236524105072,0
7,356,0.29803359508514404,1.052842378616333,0
7,357,2.79683256149292,1.01991605758667,0
7,358,2.5495760440826416,0.9900118708610535,0
7,359,41.520633697509766,0.9289675354957581,0
7,360,2.5410709381103516,1.0489718914031982,0
7,361,2.80391526222229,0.8815702795982361,0
7,362,0.6609689593315125,1.142281174659729,0
7,363,7.001883506774902,1.01313316822052,0
7,364,2.1857075691223145,1.0565708875656128,0
7,365,1.4345204830169678,1.0324938297271729,0
7,366,0.44872888922691345,1.006168246269226,0
7,367,0.4101606011390686,1.0621225833892822,0
7,368,1.0276806354522705,1.127313494682312,0
7,369,5.443909645080566,1.0366077423095703,0
7,370,4.774033069610596,1.1468024253845215,0
7,371,0.29557767510414124,1.06661057472229,0
7,372,1.8497796058654785,1.097725510597229,0
7,373,1.2534613609313965,0.9921480417251587,0
7,374,6.071409702301025,0.7174767851829529,0
7,375,2.8710103034973145,1.059332251548767,0
7,376,3.1346659660339355,1.1376190185546875,0
7,377,0.9508657455444336,1.057723045349121,0
7,378,1.5006307363510132,1.0759081840515137,0
7,379,0.37597355246543884,1.0374735593795776,0
7,380,0.4238434433937073,1.0402742624282837,0
7,381,1.0073473453521729,1.023362636566162,0
7,382,4.678281784057617,0.8478208780288696,0
7,383,7.101207256317139,0.8053457140922546,0
7,384,3.0992932319641113,1.1602281332015991,0
7,385,3.973984718322754,1.0294643640518188,0
7,386,3.0699820518493652,1.0901654958724976,0
7,387,0.9836214780807495,1.1176722049713135,0
7,388,3.5634348392486572,1.0765585899353027,0
7,389,0.8976305723190308,1.151434063911438,0
7,390,4.148096084594727,1.0199722051620483,0
7,391,1.0923404693603516,0.6280167102813721,0
7,392,1.7789232730865479,1.0271819829940796,0
7,393,4.887607097625732,0.9287927150726318,0
7,394,2.5482873916625977,1.0960237979888916,0
7,395,0.49970781803131104,1.0749844312667847,0
7,396,0.4223291277885437,1.033316969871521,0
7,397,2.9378020763397217,1.037033200263977,0
7,398,1.1907109022140503,1.0501974821090698,0
7,399,81.14942932128906,0.8313596844673157,0
7,400,0.3298454284667969,0.9905275702476501,0
7,401,0.6842608451843262,0.901429295539856,0
7,402,0.3687976598739624,0.9440723061561584,0
7,403,6.025461196899414,1.034369945526123,0
7,404,1.0765056610107422,1.045642375946045,0
7,405,0.2365473508834839,1.0352802276611328,0
7,406,0.997144877910614,0.9725492000579834,0
7,407,12.991939544677734,1.0002926588058472,0
7,408,3.0016088485717773,1.017427921295166,0
7,409,2.5942413806915283,0.989689290523529,0
7,410,0.552476167678833,0.9435608983039856,0
7,411,1.323127269744873,1.0685718059539795,0
7,412,0.9163641929626465,1.0259816646575928,0
7,413,1.8765782117843628,1.0324596166610718,0
7,414,0.856276273727417,1.122546672821045,0
7,415,0.36507490277290344,1.0397878885269165,0
7,416,1.035712480545044,1.0577870607376099,0
7,417,0.6082744598388672,1.0291718244552612,0
7,418,1.5707950592041016,1.0971177816390991,0
7,419,0.8640233278274536,0.9519098401069641,0
7,420,1.7433757781982422,1.0832380056381226,0
7,421,0.9651739597320557,0.9300634860992432,0
7,422,5.432006359100342,1.0487468242645264,0
7,423,1.6357624530792236,0.9973999261856079,0
7,424,2.643928289413452,1.0089669227600098,0
7,425,2.242264747619629,1.009835958480835,0
7,426,0.30064165592193604,1.0890690088272095,0
7,427,3.2863097190856934,1.0703524351119995,0
7,428,0.7760576605796814,1.0722156763076782,0
7,429,2.3537280559539795,1.0575923919677734,0
7,430,1.0562434196472168,1.0874199867248535,0
7,431,1.8543158769607544,1.0607064962387085,0
7,432,1.7430088520050049,1.0300447940826416,0
7,433,2.809126615524292,0.8111514449119568,0
7,434,1.359105110168457,1.0947880744934082,0
7,435,2.617065906524658,0.9833555221557617,0
7,436,0.9873777031898499,1.0850450992584229,0
7,437,4.399124622344971,1.0298290252685547,0
7,438,3.3616623878479004,1.0930453538894653,0
7,439,2.073819160461426,1.0588188171386719,0
7,440,4.487429618835449,0.9180343747138977,0
7,441,15.391023635864258,0.9256443977355957,0
7,442,2.2642102241516113,1.0899460315704346,0
7,443,2.3548855781555176,0.9672941565513611,0
7,444,0.6416940093040466,0.8461312055587769,0
7,445,1.8023605346679688,1.0628643035888672,0
7,446,4.052962303161621,1.0013285875320435,0
7,447,0.7133100032806396,1.1077923774719238,0
7,448,2.054302215576172,1.1219135522842407,0
7,449,2.492406129837036,1.152618408203125,0
7,450,2.9174160957336426,1.128173828125,0
7,451,2.4571051597595215,1.1491451263427734,0
7,452,1.4010045528411865,1.035926342010498,0
7,453,0.33673104643821716,1.078537106513977,0
7,454,2.557565212249756,1.110640048980713,0
7,455,1.953750491142273,1.0963038206100464,0
7,456,1.754453182220459,1.018256425857544,0
7,457,1.3976057767868042,1.1568069458007812,0
7,458,2.5587081909179688,1.0895308256149292,0
7,459,1.183830738067627,1.130012035369873,0
7,460,4.835522651672363,0.982766330242157,0
7,461,1.0191148519515991,0.9732932448387146,0
7,462,1.5920395851135254,1.0603559017181396,0
7,463,1.188014030456543,0.9625336527824402,0
7,464,0.35063111782073975,0.9781543612480164,0
7,465,1.5960850715637207,1.0768699645996094,0
7,466,0.5229210257530212,1.0893460512161255,0
7,467,1.9515361785888672,1.1170448064804077,0
7,468,36.23931884765625,0.9075121283531189,0
7,469,2.7931456565856934,1.1024317741394043,0
7,470,1.5973095893859863,0.9262382984161377,0
7,471,0.4392116367816925,1.1557646989822388,0
7,472,0.35535192489624023,1.0883978605270386,0
7,473,2.940203905105591,1.094480276107788,0
7,474,0.9564034342765808,1.0616453886032104,0
7,475,2.211411952972412,1.050376296043396,0
7,476,2.5522677898406982,0.9611673355102539,0
7,477,0.410983145236969,1.09906804561615,0
7,478,1.7784066200256348,1.0454717874526978,0
7,479,1.406916618347168,1.0186283588409424,0
7,480,0.33666250109672546,1.138723373413086,0
7,481,0.7652623057365417,1.0032150745391846,0
7,482,0.6566523313522339,1.111146092414856,0
7,483,4.701805114746094,1.0623928308486938,0
7,484,0.917451024055481,1.040276050567627,0
7,485,2.0826358795166016,1.07454514503479,0
7,486,0.7265328168869019,1.1128476858139038,0
7,487,4.913405418395996,1.1399824619293213,0
7,488,1.2651326656341553,1.0841118097305298,0
7,489,2.5740184783935547,1.1434082984924316,0
7,490,1.8594450950622559,1.038063645362854,0
7,491,0.5362651944160461,1.0928934812545776,0
7,492,2.245654821395874,0.940336287021637,0
7,493,8.698587417602539,1.0543382167816162,0
7,494,2.030076742172241,0.9852825403213501,0
7,495,1.2602590322494507,1.1003530025482178,0
7,496,0.42266178131103516,1.1065261363983154,0
7,497,0.5395358800888062,1.0731600522994995,0
7,498,2.535038948059082,1.0246919393539429,0
7,499,0.4485354423522949,1.110530138015747,0
7,500,4.845909118652344,1.0285009145736694,0
7,501,0.8640133142471313,1.1490026712417603,0
7,502,14.209030151367188,1.0306460857391357,0
7,503,0.6936566233634949,1.0969187021255493,0
7,504,6.721457004547119,1.0735543966293335,0
7,505,2.546839952468872,1.0566034317016602,0
7,506,0.569798469543457,1.0108089447021484,0
7,507,3.9073729515075684,1.113468050956726,0
7,508,1.8225986957550049,1.0340334177017212,0
7,509,1.722425937652588,1.0775606632232666,0
7,510,4.401592254638672,0.8011842370033264,0
7,511,1.4133583307266235,1.1071535348892212,0
